monthly_revenue,average_balance,daily_transaction_spikes,shop_type,merchant_category,is_approved
1.5,16000.0,2,20000.0,2,1
3.0,96000.0,2,120000.0,2,1
4.5,72000.0,2,90000.0,2,0
6.0,40000.0,2,50000.0,2,0
7.5,40000.0,1,50000.0,1,0
9.0,40000.0,1,50000.0,1,0
10.5,400000.0,1,500000.0,1,0
12.0,80000.0,2,100000.0,2,0
13.5,112000.0,2,140000.0,2,0
15.0,16000.0,1,20000.0,1,0
16.5,160000.0,2,200000.0,2,0
18.0,208000.0,2,260000.0,2,0
19.5,504000.0,2,630000.0,2,0
21.0,56000.0,1,70000.0,1,1
22.5,200000.0,1,250000.0,1,0
24.0,40000.0,2,50000.0,2,0
25.5,16000.0,1,20000.0,1,1
27.0,256000.0,1,320000.0,1,0
28.5,288000.0,2,360000.0,2,0
30.0,144000.0,2,180000.0,2,0
31.5,104000.0,2,130000.0,2,0
33.0,96000.0,2,120000.0,2,1
34.5,56000.0,2,70000.0,2,1
36.0,360000.0,2,450000.0,2,1
37.5,72000.0,1,90000.0,1,0
39.0,40000.0,1,50000.0,1,0
40.5,48000.0,1,60000.0,1,1
42.0,40000.0,2,50000.0,2,0
43.5,40000.0,2,50000.0,2,0
45.0,40000.0,1,50000.0,1,0
46.5,184000.0,2,230000.0,2,0
48.0,40000.0,1,50000.0,1,1
49.5,80000.0,1,100000.0,1,0
51.0,400000.0,2,500000.0,2,0
52.5,400000.0,1,500000.0,1,0
54.0,128000.0,1,160000.0,1,0
55.5,224000.0,1,280000.0,1,0
57.0,48000.0,2,60000.0,2,0
58.5,40000.0,1,50000.0,1,1
60.0,224000.0,1,280000.0,1,0
61.5,288000.0,1,360000.0,1,0
63.0,56000.0,2,70000.0,2,0
64.5,8000.0,1,10000.0,1,0
66.0,112000.0,2,140000.0,2,0
67.5,32000.0,2,40000.0,2,0
69.0,168000.0,1,210000.0,1,1
70.5,16000.0,2,20000.0,2,1
72.0,120000.0,2,150000.0,2,1
73.5,304000.0,1,380000.0,1,0
75.0,16000.0,1,20000.0,1,0
76.5,56000.0,1,70000.0,1,1
78.0,80000.0,2,100000.0,2,0
79.5,248000.0,2,310000.0,2,0
81.0,144000.0,2,180000.0,2,0
82.5,120000.0,2,150000.0,2,0
84.0,400000.0,2,500000.0,2,0
85.5,144000.0,2,180000.0,2,0
87.0,144000.0,2,180000.0,2,0
88.5,160000.0,2,200000.0,2,0
90.0,320000.0,2,400000.0,2,0
91.5,400000.0,2,500000.0,2,1
93.0,56000.0,1,70000.0,1,0
94.5,40000.0,1,50000.0,1,1
96.0,40000.0,2,50000.0,2,1
97.5,104000.0,2,130000.0,2,0
99.0,160000.0,1,200000.0,1,1
100.5,8000.0,1,10000.0,1,1
102.0,168000.0,2,210000.0,2,0
103.5,104000.0,2,130000.0,2,0
105.0,16000.0,1,20000.0,1,0
106.5,64000.0,1,80000.0,1,0
108.0,256000.0,1,320000.0,1,1
109.5,160000.0,2,200000.0,2,0
111.0,232000.0,2,290000.0,2,0
112.5,272000.0,1,340000.0,1,0
114.0,16000.0,1,20000.0,1,0
115.5,40000.0,1,50000.0,1,0
117.0,240000.0,2,300000.0,2,0
118.5,24000.0,2,30000.0,2,1
120.0,192000.0,2,240000.0,2,1
121.5,376000.0,2,470000.0,2,0
123.0,288000.0,2,360000.0,2,0
124.5,48000.0,1,60000.0,1,1
126.0,320000.0,2,400000.0,2,0
127.5,40000.0,2,50000.0,2,0
129.0,128000.0,1,160000.0,1,0
130.5,288000.0,2,360000.0,2,1
132.0,128000.0,2,160000.0,2,0
133.5,104000.0,2,130000.0,2,0
135.0,16000.0,1,20000.0,1,0
136.5,160000.0,1,200000.0,1,1
138.0,224000.0,2,280000.0,2,0
139.5,80000.0,2,100000.0,2,0
141.0,128000.0,2,160000.0,2,0
142.5,48000.0,2,60000.0,2,0
144.0,72000.0,1,90000.0,1,0
145.5,288000.0,1,360000.0,1,0
147.0,120000.0,1,150000.0,1,0
148.5,40000.0,2,50000.0,2,0
150.0,16000.0,1,20000.0,1,1
151.5,112000.0,1,140000.0,1,0
153.0,304000.0,2,380000.0,2,0
154.5,384000.0,1,480000.0,1,0
156.0,40000.0,2,50000.0,2,1
157.5,48000.0,2,60000.0,2,0
159.0,56000.0,2,70000.0,2,0
160.5,64000.0,2,80000.0,2,0
162.0,280000.0,1,350000.0,1,0
163.5,104000.0,1,130000.0,1,0
165.0,288000.0,1,360000.0,1,0
166.5,264000.0,2,330000.0,2,0
168.0,40000.0,1,50000.0,1,0
169.5,224000.0,1,280000.0,1,0
171.0,80000.0,2,100000.0,2,0
172.5,40000.0,1,50000.0,1,0
174.0,24000.0,1,30000.0,1,1
175.5,192000.0,1,240000.0,1,0
177.0,64000.0,1,80000.0,1,1
178.5,320000.0,1,400000.0,1,0
180.0,192000.0,2,240000.0,2,0
181.5,40000.0,1,50000.0,1,1
183.0,360000.0,1,450000.0,1,1
184.5,88000.0,2,110000.0,2,0
186.0,248000.0,2,310000.0,2,1
187.5,16000.0,1,20000.0,1,0
189.0,16000.0,1,20000.0,1,0
190.5,160000.0,1,200000.0,1,0
192.0,144000.0,1,180000.0,1,1
193.5,40000.0,1,50000.0,1,1
195.0,48000.0,1,60000.0,1,0
196.5,24000.0,2,30000.0,2,0
198.0,192000.0,1,240000.0,1,0
199.5,336000.0,1,420000.0,1,0
201.0,264000.0,1,330000.0,1,0
202.5,24000.0,2,30000.0,2,0
204.0,192000.0,1,240000.0,1,0
205.5,120000.0,1,150000.0,1,0
207.0,168000.0,2,210000.0,2,0
208.5,40000.0,2,50000.0,2,1
210.0,40000.0,1,50000.0,1,0
211.5,192000.0,1,240000.0,1,1
213.0,144000.0,1,180000.0,1,0
214.5,40000.0,1,50000.0,1,0
216.0,136000.0,1,170000.0,1,0
217.5,16000.0,1,20000.0,1,0
219.0,40000.0,1,50000.0,1,0
220.5,136000.0,2,170000.0,2,1
222.0,160000.0,1,200000.0,1,0
223.5,64000.0,2,80000.0,2,0
225.0,208000.0,2,260000.0,2,0
226.5,112000.0,1,140000.0,1,0
228.0,64000.0,1,80000.0,1,0
229.5,280000.0,1,350000.0,1,0
231.0,224000.0,2,280000.0,2,0
232.5,24000.0,2,30000.0,2,0
234.0,112000.0,1,140000.0,1,0
235.5,160000.0,2,200000.0,2,0
237.0,160000.0,2,200000.0,2,0
238.5,168000.0,1,210000.0,1,1
240.0,40000.0,1,50000.0,1,0
241.5,24000.0,1,30000.0,1,0
243.0,40000.0,1,50000.0,1,0
244.5,232000.0,1,290000.0,1,0
246.0,200000.0,2,250000.0,2,0
247.5,48000.0,2,60000.0,2,0
249.0,88000.0,2,110000.0,2,0
250.5,296000.0,1,370000.0,1,0
252.0,80000.0,1,100000.0,1,0
253.5,72000.0,2,90000.0,2,0
255.0,40000.0,2,50000.0,2,0
256.5,216000.0,1,270000.0,1,0
258.0,240000.0,2,300000.0,2,0
259.5,40000.0,2,50000.0,2,0
261.0,40000.0,2,50000.0,2,1
262.5,288000.0,1,360000.0,1,0
264.0,104000.0,1,130000.0,1,1
265.5,64000.0,1,80000.0,1,0
267.0,40000.0,1,50000.0,1,0
268.5,16000.0,2,20000.0,2,0
270.0,64000.0,2,80000.0,2,0
271.5,192000.0,1,240000.0,1,0
273.0,64000.0,2,80000.0,2,0
274.5,400000.0,2,500000.0,2,0
276.0,48000.0,2,60000.0,2,1
277.5,16000.0,1,20000.0,1,0
279.0,80000.0,2,100000.0,2,1
280.5,288000.0,2,360000.0,2,0
282.0,160000.0,2,200000.0,2,1
283.5,104000.0,2,130000.0,2,0
285.0,16000.0,2,20000.0,2,0
286.5,248000.0,1,310000.0,1,0
288.0,48000.0,2,60000.0,2,1
289.5,144000.0,2,180000.0,2,0
291.0,144000.0,2,180000.0,2,0
292.5,40000.0,1,50000.0,1,0
294.0,40000.0,2,50000.0,2,1
295.5,120000.0,2,150000.0,2,0
297.0,16000.0,2,20000.0,2,0
298.5,400000.0,2,500000.0,2,0
300.0,24000.0,2,30000.0,2,1
301.5,144000.0,2,180000.0,2,0
303.0,112000.0,1,140000.0,1,0
304.5,112000.0,2,140000.0,2,0
306.0,96000.0,1,120000.0,1,0
307.5,288000.0,2,360000.0,2,0
309.0,16000.0,1,20000.0,1,0
310.5,80000.0,1,100000.0,1,0
312.0,168000.0,2,210000.0,2,1
313.5,64000.0,2,80000.0,2,1
315.0,264000.0,2,330000.0,2,0
316.5,176000.0,1,220000.0,1,0
318.0,168000.0,2,210000.0,2,1
319.5,32000.0,2,40000.0,2,0
321.0,24000.0,1,30000.0,1,0
322.5,376000.0,1,470000.0,1,0
324.0,24000.0,1,30000.0,1,0
325.5,192000.0,2,240000.0,2,1
327.0,64000.0,1,80000.0,1,0
328.5,88000.0,2,110000.0,2,0
330.0,248000.0,2,310000.0,2,0
331.5,288000.0,2,360000.0,2,1
333.0,264000.0,2,330000.0,2,0
334.5,240000.0,2,300000.0,2,0
336.0,256000.0,2,320000.0,2,0
337.5,40000.0,2,50000.0,2,1
339.0,136000.0,2,170000.0,2,0
340.5,280000.0,1,350000.0,1,0
342.0,16000.0,1,20000.0,1,0
343.5,40000.0,1,50000.0,1,1
345.0,16000.0,2,20000.0,2,0
346.5,40000.0,2,50000.0,2,0
348.0,16000.0,1,20000.0,1,1
349.5,40000.0,1,50000.0,1,0
351.0,152000.0,1,190000.0,1,1
352.5,48000.0,2,60000.0,2,0
354.0,64000.0,1,80000.0,1,0
355.5,120000.0,2,150000.0,2,0
357.0,168000.0,2,210000.0,2,0
358.5,192000.0,2,240000.0,2,1
360.0,112000.0,2,140000.0,2,1
361.5,48000.0,2,60000.0,2,0
363.0,40000.0,1,50000.0,1,0
364.5,40000.0,2,50000.0,2,0
366.0,144000.0,2,180000.0,2,0
367.5,24000.0,2,30000.0,2,0
369.0,16000.0,2,20000.0,2,0
370.5,200000.0,2,250000.0,2,0
372.0,80000.0,2,100000.0,2,0
373.5,264000.0,1,330000.0,1,0
375.0,40000.0,1,50000.0,1,0
376.5,40000.0,2,50000.0,2,0
378.0,24000.0,1,30000.0,1,0
379.5,112000.0,2,140000.0,2,1
381.0,128000.0,2,160000.0,2,0
382.5,320000.0,2,400000.0,2,0
384.0,40000.0,1,50000.0,1,0
385.5,112000.0,2,140000.0,2,0
387.0,128000.0,2,160000.0,2,0
388.5,80000.0,2,100000.0,2,0
390.0,176000.0,1,220000.0,1,1
391.5,408000.0,2,510000.0,2,0
393.0,40000.0,1,50000.0,1,0
394.5,128000.0,2,160000.0,2,0
396.0,184000.0,2,230000.0,2,0
397.5,64000.0,2,80000.0,2,0
399.0,120000.0,2,150000.0,2,0
400.5,8000.0,1,10000.0,1,0
402.0,104000.0,2,130000.0,2,1
403.5,32000.0,2,40000.0,2,0
405.0,40000.0,1,50000.0,1,1
406.5,80000.0,1,100000.0,1,0
408.0,96000.0,1,120000.0,1,0
409.5,208000.0,2,260000.0,2,1
411.0,160000.0,2,200000.0,2,0
412.5,288000.0,2,360000.0,2,1
414.0,56000.0,2,70000.0,2,0
415.5,368000.0,1,460000.0,1,1
417.0,40000.0,2,50000.0,2,0
418.5,40000.0,1,50000.0,1,0
420.0,200000.0,2,250000.0,2,0
421.5,24000.0,2,30000.0,2,0
423.0,216000.0,1,270000.0,1,0
424.5,144000.0,2,180000.0,2,0
426.0,80000.0,2,100000.0,2,0
427.5,184000.0,2,230000.0,2,0
429.0,168000.0,2,210000.0,2,0
430.5,168000.0,1,210000.0,1,0
432.0,352000.0,2,440000.0,2,0
433.5,80000.0,2,100000.0,2,1
435.0,192000.0,2,240000.0,2,0
436.5,224000.0,1,280000.0,1,1
438.0,40000.0,2,50000.0,2,1
439.5,24000.0,1,30000.0,1,0
441.0,8000.0,1,10000.0,1,1
442.5,104000.0,1,130000.0,1,0
444.0,160000.0,1,200000.0,1,0
445.5,96000.0,2,120000.0,2,0
447.0,168000.0,2,210000.0,2,0
448.5,224000.0,2,280000.0,2,0
450.0,240000.0,1,300000.0,1,1
451.5,80000.0,1,100000.0,1,0
453.0,352000.0,2,440000.0,2,0
454.5,40000.0,2,50000.0,2,0
456.0,16000.0,2,20000.0,2,1
457.5,160000.0,2,200000.0,2,0
459.0,88000.0,2,110000.0,2,0
460.5,400000.0,2,500000.0,2,0
462.0,240000.0,2,300000.0,2,0
463.5,24000.0,1,30000.0,1,1
465.0,48000.0,2,60000.0,2,0
466.5,320000.0,2,400000.0,2,0
468.0,144000.0,2,180000.0,2,0
469.5,16000.0,1,20000.0,1,0
471.0,160000.0,2,200000.0,2,1
472.5,80000.0,1,100000.0,1,0
474.0,48000.0,1,60000.0,1,1
475.5,88000.0,2,110000.0,2,0
477.0,208000.0,2,260000.0,2,0
478.5,40000.0,2,50000.0,2,0
480.0,144000.0,1,180000.0,1,0
481.5,88000.0,1,110000.0,1,1
483.0,272000.0,2,340000.0,2,0
484.5,40000.0,1,50000.0,1,0
486.0,184000.0,2,230000.0,2,1
487.5,288000.0,2,360000.0,2,0
489.0,168000.0,1,210000.0,1,0
490.5,176000.0,2,220000.0,2,1
492.0,48000.0,2,60000.0,2,1
493.5,272000.0,1,340000.0,1,0
495.0,120000.0,1,150000.0,1,0
496.5,160000.0,2,200000.0,2,1
498.0,104000.0,2,130000.0,2,1
499.5,48000.0,2,60000.0,2,0
501.0,320000.0,2,400000.0,2,0
502.5,16000.0,1,20000.0,1,0
504.0,152000.0,2,190000.0,2,0
505.5,208000.0,2,260000.0,2,0
507.0,112000.0,2,140000.0,2,0
508.5,40000.0,2,50000.0,2,1
510.0,96000.0,2,120000.0,2,0
511.5,192000.0,2,240000.0,2,0
513.0,40000.0,1,50000.0,1,0
514.5,160000.0,2,200000.0,2,0
516.0,144000.0,1,180000.0,1,0
517.5,144000.0,2,180000.0,2,0
519.0,128000.0,2,160000.0,2,0
520.5,80000.0,2,100000.0,2,0
522.0,40000.0,2,50000.0,2,1
523.5,112000.0,2,140000.0,2,0
525.0,24000.0,2,30000.0,2,1
526.5,72000.0,1,90000.0,1,0
528.0,160000.0,1,200000.0,1,0
529.5,304000.0,1,380000.0,1,1
531.0,64000.0,2,80000.0,2,0
532.5,40000.0,1,50000.0,1,0
534.0,144000.0,1,180000.0,1,1
535.5,192000.0,2,240000.0,2,0
537.0,304000.0,1,380000.0,1,0
538.5,88000.0,2,110000.0,2,0
540.0,208000.0,1,260000.0,1,0
541.5,400000.0,2,500000.0,2,1
543.0,256000.0,2,320000.0,2,0
544.5,40000.0,1,50000.0,1,0
546.0,88000.0,1,110000.0,1,1
547.5,184000.0,2,230000.0,2,0
549.0,264000.0,2,330000.0,2,0
550.5,40000.0,2,50000.0,2,0
552.0,8000.0,1,10000.0,1,0
553.5,240000.0,1,300000.0,1,0
555.0,16000.0,2,20000.0,2,1
556.5,144000.0,1,180000.0,1,1
558.0,128000.0,1,160000.0,1,0
559.5,72000.0,2,90000.0,2,0
561.0,24000.0,1,30000.0,1,0
562.5,144000.0,1,180000.0,1,0
564.0,24000.0,1,30000.0,1,0
565.5,24000.0,1,30000.0,1,0
567.0,112000.0,2,140000.0,2,0
568.5,168000.0,1,210000.0,1,0
570.0,40000.0,1,50000.0,1,1
571.5,104000.0,2,130000.0,2,0
573.0,40000.0,2,50000.0,2,1
574.5,112000.0,1,140000.0,1,0
576.0,136000.0,2,170000.0,2,1
577.5,64000.0,1,80000.0,1,0
579.0,328000.0,2,410000.0,2,0
580.5,64000.0,2,80000.0,2,0
582.0,64000.0,1,80000.0,1,1
583.5,120000.0,1,150000.0,1,0
585.0,208000.0,1,260000.0,1,1
586.5,280000.0,1,350000.0,1,0
588.0,224000.0,2,280000.0,2,1
589.5,248000.0,1,310000.0,1,0
591.0,112000.0,2,140000.0,2,0
592.5,288000.0,1,360000.0,1,0
594.0,112000.0,2,140000.0,2,0
595.5,80000.0,1,100000.0,1,0
597.0,40000.0,2,50000.0,2,0
598.5,168000.0,2,210000.0,2,0
600.0,96000.0,2,120000.0,2,0
601.5,192000.0,1,240000.0,1,0
603.0,48000.0,2,60000.0,2,0
604.5,120000.0,1,150000.0,1,1
606.0,24000.0,1,30000.0,1,0
607.5,128000.0,2,160000.0,2,1
609.0,160000.0,1,200000.0,1,0
610.5,96000.0,2,120000.0,2,0
612.0,400000.0,1,500000.0,1,0
613.5,256000.0,2,320000.0,2,0
615.0,224000.0,1,280000.0,1,0
616.5,48000.0,2,60000.0,2,1
618.0,160000.0,2,200000.0,2,0
619.5,184000.0,2,230000.0,2,0
621.0,184000.0,2,230000.0,2,1
622.5,384000.0,2,480000.0,2,0
624.0,40000.0,2,50000.0,2,0
625.5,160000.0,2,200000.0,2,0
627.0,40000.0,2,50000.0,2,0
628.5,40000.0,1,50000.0,1,0
630.0,208000.0,2,260000.0,2,1
631.5,24000.0,1,30000.0,1,0
633.0,352000.0,2,440000.0,2,0
634.5,184000.0,2,230000.0,2,0
636.0,160000.0,1,200000.0,1,1
637.5,392000.0,2,490000.0,2,0
639.0,64000.0,2,80000.0,2,0
640.5,16000.0,2,20000.0,2,1
642.0,136000.0,2,170000.0,2,1
643.5,56000.0,1,70000.0,1,0
645.0,168000.0,2,210000.0,2,0
646.5,72000.0,2,90000.0,2,0
648.0,312000.0,2,390000.0,2,1
649.5,88000.0,2,110000.0,2,0
651.0,464000.0,2,580000.0,2,0
652.5,288000.0,1,360000.0,1,0
654.0,216000.0,2,270000.0,2,1
655.5,48000.0,2,60000.0,2,0
657.0,88000.0,1,110000.0,1,0
658.5,40000.0,2,50000.0,2,0
660.0,64000.0,2,80000.0,2,1
661.5,40000.0,1,50000.0,1,0
663.0,80000.0,1,100000.0,1,0
664.5,24000.0,2,30000.0,2,0
666.0,160000.0,2,200000.0,2,0
667.5,192000.0,1,240000.0,1,1
669.0,176000.0,1,220000.0,1,0
670.5,128000.0,2,160000.0,2,0
672.0,144000.0,2,180000.0,2,0
673.5,160000.0,1,200000.0,1,0
675.0,112000.0,2,140000.0,2,0
676.5,304000.0,1,380000.0,1,1
678.0,480000.0,1,600000.0,1,1
679.5,208000.0,1,260000.0,1,0
681.0,160000.0,2,200000.0,2,0
682.5,64000.0,1,80000.0,1,0
684.0,32000.0,1,40000.0,1,0
685.5,104000.0,1,130000.0,1,0
687.0,40000.0,1,50000.0,1,0
688.5,184000.0,2,230000.0,2,0
690.0,56000.0,1,70000.0,1,1
691.5,144000.0,2,180000.0,2,0
693.0,64000.0,2,80000.0,2,0
694.5,232000.0,2,290000.0,2,0
696.0,184000.0,2,230000.0,2,0
697.5,136000.0,2,170000.0,2,0
699.0,184000.0,1,230000.0,1,1
700.5,176000.0,1,220000.0,1,1
702.0,184000.0,1,230000.0,1,0
703.5,400000.0,1,500000.0,1,0
705.0,72000.0,2,90000.0,2,0
706.5,312000.0,2,390000.0,2,1
708.0,320000.0,2,400000.0,2,0
709.5,144000.0,1,180000.0,1,0
711.0,48000.0,1,60000.0,1,0
712.5,96000.0,2,120000.0,2,0
714.0,48000.0,2,60000.0,2,0
715.5,40000.0,1,50000.0,1,0
717.0,56000.0,2,70000.0,2,0
718.5,400000.0,2,500000.0,2,0
720.0,160000.0,1,200000.0,1,0
721.5,200000.0,2,250000.0,2,0
723.0,112000.0,1,140000.0,1,1
724.5,56000.0,2,70000.0,2,0
726.0,72000.0,1,90000.0,1,0
727.5,80000.0,2,100000.0,2,0
729.0,152000.0,1,190000.0,1,0
730.5,184000.0,2,230000.0,2,0
732.0,256000.0,1,320000.0,1,0
733.5,176000.0,2,220000.0,2,1
735.0,208000.0,2,260000.0,2,0
736.5,72000.0,2,90000.0,2,0
738.0,24000.0,2,30000.0,2,0
739.5,208000.0,1,260000.0,1,0
741.0,136000.0,2,170000.0,2,0
742.5,64000.0,2,80000.0,2,1
744.0,40000.0,1,50000.0,1,0
745.5,160000.0,2,200000.0,2,0
747.0,16000.0,1,20000.0,1,0
748.5,200000.0,2,250000.0,2,0
750.0,16000.0,1,20000.0,1,0
751.5,24000.0,2,30000.0,2,0
753.0,72000.0,2,90000.0,2,0
754.5,184000.0,2,230000.0,2,0
756.0,104000.0,2,130000.0,2,1
757.5,24000.0,1,30000.0,1,0
759.0,128000.0,1,160000.0,1,0
760.5,400000.0,2,500000.0,2,0
762.0,144000.0,2,180000.0,2,0
763.5,64000.0,2,80000.0,2,0
765.0,96000.0,1,120000.0,1,0
766.5,104000.0,1,130000.0,1,0
768.0,96000.0,2,120000.0,2,1
769.5,288000.0,1,360000.0,1,0
771.0,40000.0,1,50000.0,1,1
772.5,16000.0,2,20000.0,2,0
774.0,80000.0,1,100000.0,1,0
775.5,56000.0,1,70000.0,1,0
777.0,40000.0,1,50000.0,1,0
778.5,8000.0,2,10000.0,2,0
780.0,232000.0,2,290000.0,2,0
781.5,24000.0,2,30000.0,2,0
783.0,328000.0,2,410000.0,2,0
784.5,288000.0,1,360000.0,1,1
786.0,112000.0,2,140000.0,2,1
787.5,168000.0,2,210000.0,2,0
789.0,176000.0,2,220000.0,2,0
790.5,16000.0,1,20000.0,1,0
792.0,496000.0,2,620000.0,2,1
793.5,288000.0,1,360000.0,1,0
795.0,16000.0,2,20000.0,2,0
796.5,40000.0,1,50000.0,1,0
798.0,40000.0,1,50000.0,1,0
799.5,8000.0,1,10000.0,1,1
801.0,80000.0,2,100000.0,2,1
802.5,40000.0,1,50000.0,1,0
804.0,48000.0,1,60000.0,1,0
805.5,352000.0,2,440000.0,2,0
807.0,96000.0,1,120000.0,1,0
808.5,40000.0,2,50000.0,2,0
810.0,88000.0,2,110000.0,2,0
811.5,160000.0,2,200000.0,2,0
813.0,120000.0,2,150000.0,2,0
814.5,24000.0,2,30000.0,2,1
816.0,80000.0,2,100000.0,2,0
817.5,288000.0,2,360000.0,2,0
819.0,312000.0,2,390000.0,2,0
820.5,176000.0,2,220000.0,2,1
822.0,128000.0,2,160000.0,2,0
823.5,184000.0,2,230000.0,2,0
825.0,96000.0,1,120000.0,1,0
826.5,80000.0,1,100000.0,1,1
828.0,152000.0,2,190000.0,2,1
829.5,40000.0,1,50000.0,1,1
831.0,192000.0,2,240000.0,2,0
832.5,32000.0,2,40000.0,2,0
834.0,504000.0,2,630000.0,2,0
835.5,128000.0,2,160000.0,2,0
837.0,88000.0,2,110000.0,2,0
838.5,16000.0,1,20000.0,1,0
840.0,168000.0,2,210000.0,2,0
841.5,216000.0,1,270000.0,1,0
843.0,288000.0,2,360000.0,2,0
844.5,48000.0,2,60000.0,2,0
846.0,288000.0,1,360000.0,1,0
847.5,312000.0,2,390000.0,2,0
849.0,200000.0,2,250000.0,2,0
850.5,72000.0,2,90000.0,2,1
852.0,288000.0,1,360000.0,1,0
853.5,40000.0,1,50000.0,1,0
855.0,216000.0,2,270000.0,2,0
856.5,160000.0,2,200000.0,2,0
858.0,40000.0,2,50000.0,2,0
859.5,280000.0,1,350000.0,1,0
861.0,128000.0,2,160000.0,2,1
862.5,64000.0,2,80000.0,2,0
864.0,232000.0,1,290000.0,1,1
865.5,216000.0,2,270000.0,2,0
867.0,64000.0,1,80000.0,1,0
868.5,40000.0,1,50000.0,1,0
870.0,24000.0,1,30000.0,1,0
871.5,24000.0,1,30000.0,1,1
873.0,72000.0,1,90000.0,1,0
874.5,128000.0,1,160000.0,1,0
876.0,64000.0,2,80000.0,2,0
877.5,40000.0,1,50000.0,1,0
879.0,16000.0,2,20000.0,2,0
880.5,176000.0,1,220000.0,1,1
882.0,168000.0,1,210000.0,1,1
883.5,104000.0,2,130000.0,2,0
885.0,208000.0,2,260000.0,2,0
886.5,184000.0,2,230000.0,2,0
888.0,128000.0,1,160000.0,1,0
889.5,40000.0,1,50000.0,1,0
891.0,64000.0,1,80000.0,1,0
892.5,88000.0,1,110000.0,1,0
894.0,160000.0,1,200000.0,1,0
895.5,288000.0,1,360000.0,1,0
897.0,168000.0,2,210000.0,2,0
898.5,64000.0,2,80000.0,2,0
900.0,240000.0,2,300000.0,2,1
901.5,248000.0,2,310000.0,2,0
903.0,24000.0,1,30000.0,1,1
904.5,136000.0,1,170000.0,1,0
906.0,112000.0,2,140000.0,2,0
907.5,144000.0,2,180000.0,2,0
909.0,40000.0,1,50000.0,1,0
910.5,40000.0,2,50000.0,2,0
912.0,88000.0,2,110000.0,2,0
913.5,360000.0,2,450000.0,2,0
915.0,160000.0,2,200000.0,2,0
916.5,176000.0,1,220000.0,1,0
918.0,288000.0,2,360000.0,2,1
919.5,40000.0,1,50000.0,1,0
921.0,32000.0,1,40000.0,1,0
922.5,152000.0,2,190000.0,2,0
924.0,120000.0,1,150000.0,1,0
925.5,160000.0,2,200000.0,2,0
927.0,216000.0,2,270000.0,2,0
928.5,48000.0,1,60000.0,1,0
930.0,160000.0,2,200000.0,2,0
931.5,120000.0,2,150000.0,2,0
933.0,144000.0,2,180000.0,2,0
934.5,72000.0,2,90000.0,2,0
936.0,288000.0,2,360000.0,2,0
937.5,72000.0,2,90000.0,2,0
939.0,16000.0,2,20000.0,2,0
940.5,56000.0,1,70000.0,1,0
942.0,184000.0,1,230000.0,1,0
943.5,24000.0,1,30000.0,1,0
945.0,160000.0,2,200000.0,2,0
946.5,80000.0,1,100000.0,1,0
948.0,40000.0,2,50000.0,2,0
949.5,16000.0,2,20000.0,2,0
951.0,168000.0,2,210000.0,2,0
952.5,88000.0,1,110000.0,1,0
954.0,16000.0,2,20000.0,2,0
955.5,40000.0,2,50000.0,2,0
957.0,40000.0,1,50000.0,1,0
958.5,320000.0,2,400000.0,2,0
960.0,136000.0,1,170000.0,1,0
961.5,224000.0,1,280000.0,1,0
963.0,104000.0,2,130000.0,2,0
964.5,168000.0,2,210000.0,2,0
966.0,296000.0,1,370000.0,1,0
967.5,24000.0,2,30000.0,2,0
969.0,120000.0,1,150000.0,1,0
970.5,48000.0,1,60000.0,1,1
972.0,64000.0,2,80000.0,2,0
973.5,224000.0,2,280000.0,2,1
975.0,16000.0,2,20000.0,2,0
976.5,216000.0,1,270000.0,1,0
978.0,192000.0,2,240000.0,2,0
979.5,16000.0,2,20000.0,2,0
981.0,360000.0,2,450000.0,2,1
982.5,8000.0,1,10000.0,1,0
984.0,224000.0,1,280000.0,1,1
985.5,232000.0,2,290000.0,2,0
987.0,152000.0,2,190000.0,2,1
988.5,64000.0,2,80000.0,2,0
990.0,224000.0,2,280000.0,2,0
991.5,128000.0,2,160000.0,2,0
993.0,72000.0,1,90000.0,1,1
994.5,112000.0,2,140000.0,2,0
996.0,40000.0,1,50000.0,1,0
997.5,32000.0,2,40000.0,2,0
999.0,104000.0,2,130000.0,2,0
1000.5,56000.0,2,70000.0,2,0
1002.0,24000.0,2,30000.0,2,0
1003.5,80000.0,2,100000.0,2,0
1005.0,16000.0,2,20000.0,2,1
1006.5,24000.0,2,30000.0,2,0
1008.0,16000.0,1,20000.0,1,1
1009.5,80000.0,2,100000.0,2,1
1011.0,24000.0,1,30000.0,1,1
1012.5,256000.0,2,320000.0,2,0
1014.0,72000.0,1,90000.0,1,1
1015.5,152000.0,1,190000.0,1,1
1017.0,160000.0,1,200000.0,1,0
1018.5,240000.0,2,300000.0,2,0
1020.0,24000.0,2,30000.0,2,0
1021.5,88000.0,2,110000.0,2,0
1023.0,184000.0,2,230000.0,2,0
1024.5,184000.0,2,230000.0,2,0
1026.0,248000.0,2,310000.0,2,0
1027.5,256000.0,1,320000.0,1,0
1029.0,288000.0,1,360000.0,1,0
1030.5,16000.0,2,20000.0,2,1
1032.0,136000.0,2,170000.0,2,0
1033.5,112000.0,1,140000.0,1,0
1035.0,64000.0,1,80000.0,1,0
1036.5,120000.0,1,150000.0,1,0
1038.0,136000.0,1,170000.0,1,0
1039.5,160000.0,2,200000.0,2,1
1041.0,56000.0,1,70000.0,1,0
1042.5,256000.0,1,320000.0,1,0
1044.0,120000.0,2,150000.0,2,0
1045.5,40000.0,2,50000.0,2,0
1047.0,72000.0,2,90000.0,2,0
1048.5,224000.0,1,280000.0,1,0
1050.0,240000.0,2,300000.0,2,0
1051.5,320000.0,2,400000.0,2,0
1053.0,160000.0,2,200000.0,2,0
1054.5,8000.0,2,10000.0,2,1
1056.0,40000.0,2,50000.0,2,1
1057.5,24000.0,2,30000.0,2,0
1059.0,40000.0,1,50000.0,1,1
1060.5,40000.0,1,50000.0,1,0
1062.0,24000.0,2,30000.0,2,0
1063.5,16000.0,1,20000.0,1,0
1065.0,16000.0,1,20000.0,1,0
1066.5,40000.0,1,50000.0,1,0
1068.0,24000.0,2,30000.0,2,0
1069.5,288000.0,2,360000.0,2,0
1071.0,136000.0,1,170000.0,1,0
1072.5,320000.0,2,400000.0,2,0
1074.0,40000.0,2,50000.0,2,0
1075.5,128000.0,2,160000.0,2,0
1077.0,56000.0,2,70000.0,2,1
1078.5,120000.0,2,150000.0,2,0
1080.0,64000.0,2,80000.0,2,0
1081.5,24000.0,2,30000.0,2,0
1083.0,8000.0,1,10000.0,1,1
1084.5,144000.0,2,180000.0,2,0
1086.0,256000.0,1,320000.0,1,0
1087.5,64000.0,2,80000.0,2,0
1089.0,8000.0,1,10000.0,1,1
1090.5,288000.0,2,360000.0,2,0
1092.0,360000.0,1,450000.0,1,0
1093.5,264000.0,2,330000.0,2,0
1095.0,48000.0,1,60000.0,1,1
1096.5,40000.0,2,50000.0,2,0
1098.0,160000.0,1,200000.0,1,0
1099.5,96000.0,1,120000.0,1,0
1101.0,128000.0,2,160000.0,2,0
1102.5,88000.0,1,110000.0,1,0
1104.0,56000.0,2,70000.0,2,0
1105.5,120000.0,2,150000.0,2,0
1107.0,488000.0,2,610000.0,2,0
1108.5,88000.0,2,110000.0,2,0
1110.0,64000.0,2,80000.0,2,1
1111.5,136000.0,2,170000.0,2,0
1113.0,88000.0,2,110000.0,2,0
1114.5,112000.0,2,140000.0,2,0
1116.0,56000.0,1,70000.0,1,0
1117.5,208000.0,2,260000.0,2,0
1119.0,136000.0,1,170000.0,1,0
1120.5,40000.0,2,50000.0,2,0
1122.0,240000.0,2,300000.0,2,1
1123.5,120000.0,2,150000.0,2,1
1125.0,40000.0,2,50000.0,2,1
1126.5,40000.0,2,50000.0,2,0
1128.0,72000.0,2,90000.0,2,0
1129.5,40000.0,1,50000.0,1,1
1131.0,400000.0,2,500000.0,2,0
1132.5,376000.0,2,470000.0,2,0
1134.0,184000.0,1,230000.0,1,0
1135.5,112000.0,2,140000.0,2,0
1137.0,184000.0,2,230000.0,2,1
1138.5,336000.0,2,420000.0,2,0
1140.0,24000.0,2,30000.0,2,0
1141.5,40000.0,2,50000.0,2,1
1143.0,112000.0,2,140000.0,2,0
1144.5,208000.0,2,260000.0,2,0
1146.0,72000.0,2,90000.0,2,0
1147.5,192000.0,2,240000.0,2,0
1149.0,408000.0,2,510000.0,2,0
1150.5,88000.0,2,110000.0,2,0
1152.0,168000.0,2,210000.0,2,0
1153.5,176000.0,1,220000.0,1,0
1155.0,160000.0,2,200000.0,2,0
1156.5,288000.0,2,360000.0,2,0
1158.0,208000.0,1,260000.0,1,0
1159.5,16000.0,1,20000.0,1,0
1161.0,96000.0,2,120000.0,2,0
1162.5,40000.0,2,50000.0,2,0
1164.0,48000.0,2,60000.0,2,0
1165.5,160000.0,1,200000.0,1,0
1167.0,16000.0,1,20000.0,1,0
1168.5,40000.0,2,50000.0,2,1
1170.0,40000.0,2,50000.0,2,0
1171.5,184000.0,1,230000.0,1,0
1173.0,40000.0,1,50000.0,1,0
1174.5,80000.0,2,100000.0,2,1
1176.0,168000.0,2,210000.0,2,1
1177.5,184000.0,2,230000.0,2,1
1179.0,400000.0,2,500000.0,2,0
1180.5,296000.0,2,370000.0,2,0
1182.0,184000.0,2,230000.0,2,0
1183.5,64000.0,1,80000.0,1,0
1185.0,48000.0,2,60000.0,2,0
1186.5,24000.0,2,30000.0,2,0
1188.0,56000.0,1,70000.0,1,0
1189.5,328000.0,1,410000.0,1,0
1191.0,224000.0,2,280000.0,2,0
1192.5,40000.0,2,50000.0,2,0
1194.0,80000.0,2,100000.0,2,0
1195.5,184000.0,2,230000.0,2,0
1197.0,40000.0,2,50000.0,2,0
1198.5,80000.0,2,100000.0,2,0
1200.0,168000.0,2,210000.0,2,0
1201.5,320000.0,1,400000.0,1,0
1203.0,16000.0,1,20000.0,1,1
1204.5,40000.0,2,50000.0,2,0
1206.0,184000.0,2,230000.0,2,0
1207.5,176000.0,1,220000.0,1,0
1209.0,240000.0,2,300000.0,2,0
1210.5,64000.0,2,80000.0,2,0
1212.0,16000.0,2,20000.0,2,1
1213.5,152000.0,2,190000.0,2,0
1215.0,128000.0,2,160000.0,2,0
1216.5,96000.0,2,120000.0,2,0
1218.0,560000.0,2,700000.0,2,0
1219.5,112000.0,2,140000.0,2,0
1221.0,240000.0,2,300000.0,2,0
1222.5,96000.0,1,120000.0,1,1
1224.0,224000.0,2,280000.0,2,0
1225.5,56000.0,1,70000.0,1,1
1227.0,16000.0,2,20000.0,2,0
1228.5,120000.0,2,150000.0,2,0
1230.0,48000.0,1,60000.0,1,0
1231.5,160000.0,2,200000.0,2,0
1233.0,40000.0,2,50000.0,2,1
1234.5,120000.0,1,150000.0,1,0
1236.0,16000.0,2,20000.0,2,0
1237.5,32000.0,1,40000.0,1,1
1239.0,136000.0,2,170000.0,2,0
1240.5,40000.0,2,50000.0,2,0
1242.0,8000.0,1,10000.0,1,0
1243.5,160000.0,2,200000.0,2,0
1245.0,40000.0,2,50000.0,2,0
1246.5,256000.0,1,320000.0,1,0
1248.0,16000.0,2,20000.0,2,0
1249.5,376000.0,2,470000.0,2,1
1251.0,184000.0,2,230000.0,2,0
1252.5,16000.0,2,20000.0,2,0
1254.0,24000.0,2,30000.0,2,1
1255.5,64000.0,2,80000.0,2,0
1257.0,88000.0,2,110000.0,2,0
1258.5,336000.0,1,420000.0,1,0
1260.0,400000.0,1,500000.0,1,1
1261.5,64000.0,2,80000.0,2,0
1263.0,280000.0,2,350000.0,2,0
1264.5,24000.0,2,30000.0,2,0
1266.0,88000.0,2,110000.0,2,1
1267.5,400000.0,1,500000.0,1,0
1269.0,392000.0,2,490000.0,2,0
1270.5,240000.0,2,300000.0,2,0
1272.0,40000.0,1,50000.0,1,1
1273.5,120000.0,1,150000.0,1,1
1275.0,64000.0,2,80000.0,2,0
1276.5,32000.0,2,40000.0,2,0
1278.0,24000.0,1,30000.0,1,0
1279.5,40000.0,1,50000.0,1,0
1281.0,112000.0,2,140000.0,2,0
1282.5,40000.0,2,50000.0,2,0
1284.0,24000.0,2,30000.0,2,0
1285.5,32000.0,2,40000.0,2,1
1287.0,80000.0,2,100000.0,2,1
1288.5,104000.0,1,130000.0,1,0
1290.0,16000.0,2,20000.0,2,0
1291.5,40000.0,1,50000.0,1,0
1293.0,208000.0,1,260000.0,1,0
1294.5,24000.0,2,30000.0,2,1
1296.0,8000.0,2,10000.0,2,0
1297.5,160000.0,1,200000.0,1,0
1299.0,24000.0,2,30000.0,2,0
1300.5,144000.0,2,180000.0,2,0
1302.0,80000.0,1,100000.0,1,0
1303.5,112000.0,2,140000.0,2,0
1305.0,232000.0,2,290000.0,2,0
1306.5,16000.0,2,20000.0,2,0
1308.0,64000.0,2,80000.0,2,0
1309.5,400000.0,2,500000.0,2,0
1311.0,144000.0,1,180000.0,1,0
1312.5,16000.0,2,20000.0,2,0
1314.0,24000.0,2,30000.0,2,0
1315.5,120000.0,1,150000.0,1,0
1317.0,224000.0,2,280000.0,2,0
1318.5,40000.0,2,50000.0,2,0
1320.0,16000.0,2,20000.0,2,0
1321.5,160000.0,1,200000.0,1,0
1323.0,168000.0,2,210000.0,2,1
1324.5,184000.0,2,230000.0,2,0
1326.0,40000.0,1,50000.0,1,0
1327.5,40000.0,1,50000.0,1,1
1329.0,56000.0,2,70000.0,2,0
1330.5,248000.0,1,310000.0,1,0
1332.0,144000.0,2,180000.0,2,0
1333.5,72000.0,2,90000.0,2,0
1335.0,312000.0,1,390000.0,1,0
1336.5,120000.0,2,150000.0,2,0
1338.0,320000.0,1,400000.0,1,0
1339.5,64000.0,2,80000.0,2,0
1341.0,256000.0,1,320000.0,1,0
1342.5,192000.0,2,240000.0,2,1
1344.0,160000.0,1,200000.0,1,0
1345.5,88000.0,1,110000.0,1,1
1347.0,136000.0,2,170000.0,2,1
1348.5,72000.0,2,90000.0,2,1
1350.0,160000.0,1,200000.0,1,0
1351.5,288000.0,1,360000.0,1,0
1353.0,112000.0,2,140000.0,2,0
1354.5,176000.0,1,220000.0,1,0
1356.0,80000.0,1,100000.0,1,0
1357.5,64000.0,2,80000.0,2,0
1359.0,24000.0,2,30000.0,2,0
1360.5,40000.0,1,50000.0,1,1
1362.0,96000.0,2,120000.0,2,0
1363.5,40000.0,1,50000.0,1,0
1365.0,288000.0,2,360000.0,2,0
1366.5,72000.0,2,90000.0,2,0
1368.0,400000.0,1,500000.0,1,0
1369.5,112000.0,2,140000.0,2,0
1371.0,24000.0,1,30000.0,1,0
1372.5,56000.0,1,70000.0,1,0
1374.0,160000.0,1,200000.0,1,0
1375.5,280000.0,1,350000.0,1,0
1377.0,96000.0,1,120000.0,1,1
1378.5,192000.0,1,240000.0,1,0
1380.0,72000.0,2,90000.0,2,0
1381.5,208000.0,2,260000.0,2,0
1383.0,40000.0,2,50000.0,2,0
1384.5,88000.0,1,110000.0,1,0
1386.0,16000.0,2,20000.0,2,0
1387.5,24000.0,2,30000.0,2,0
1389.0,144000.0,1,180000.0,1,1
1390.5,16000.0,1,20000.0,1,0
1392.0,40000.0,2,50000.0,2,0
1393.5,144000.0,2,180000.0,2,0
1395.0,160000.0,1,200000.0,1,0
1396.5,208000.0,2,260000.0,2,0
1398.0,256000.0,1,320000.0,1,1
1399.5,128000.0,2,160000.0,2,1
1401.0,24000.0,1,30000.0,1,1
1402.5,40000.0,2,50000.0,2,0
1404.0,40000.0,1,50000.0,1,0
1405.5,72000.0,2,90000.0,2,0
1407.0,192000.0,1,240000.0,1,0
1408.5,144000.0,2,180000.0,2,1
1410.0,160000.0,2,200000.0,2,0
1411.5,40000.0,2,50000.0,2,0
1413.0,40000.0,1,50000.0,1,0
1414.5,264000.0,2,330000.0,2,0
1416.0,64000.0,2,80000.0,2,1
1417.5,40000.0,2,50000.0,2,0
1419.0,288000.0,2,360000.0,2,0
1420.5,192000.0,2,240000.0,2,0
1422.0,40000.0,1,50000.0,1,0
1423.5,376000.0,1,470000.0,1,0
1425.0,128000.0,2,160000.0,2,0
1426.5,24000.0,1,30000.0,1,1
1428.0,64000.0,2,80000.0,2,0
1429.5,400000.0,2,500000.0,2,0
1431.0,144000.0,1,180000.0,1,0
1432.5,88000.0,2,110000.0,2,0
1434.0,128000.0,1,160000.0,1,0
1435.5,168000.0,2,210000.0,2,0
1437.0,160000.0,2,200000.0,2,1
1438.5,280000.0,1,350000.0,1,0
1440.0,200000.0,1,250000.0,1,1
1441.5,304000.0,1,380000.0,1,1
1443.0,24000.0,1,30000.0,1,0
1444.5,160000.0,1,200000.0,1,0
1446.0,24000.0,1,30000.0,1,0
1447.5,40000.0,1,50000.0,1,0
1449.0,400000.0,1,500000.0,1,0
1450.5,24000.0,1,30000.0,1,0
1452.0,176000.0,2,220000.0,2,0
1453.5,16000.0,2,20000.0,2,0
1455.0,144000.0,2,180000.0,2,0
1456.5,240000.0,1,300000.0,1,1
1458.0,104000.0,2,130000.0,2,0
1459.5,144000.0,2,180000.0,2,1
1461.0,120000.0,2,150000.0,2,0
1462.5,112000.0,1,140000.0,1,1
1464.0,40000.0,2,50000.0,2,0
1465.5,16000.0,1,20000.0,1,1
1467.0,144000.0,1,180000.0,1,0
1468.5,144000.0,1,180000.0,1,1
1470.0,120000.0,2,150000.0,2,0
1471.5,56000.0,2,70000.0,2,0
1473.0,24000.0,1,30000.0,1,0
1474.5,400000.0,1,500000.0,1,1
1476.0,48000.0,1,60000.0,1,0
1477.5,40000.0,2,50000.0,2,0
1479.0,104000.0,1,130000.0,1,1
1480.5,208000.0,2,260000.0,2,0
1482.0,304000.0,1,380000.0,1,0
1483.5,288000.0,2,360000.0,2,0
1485.0,40000.0,1,50000.0,1,0
1486.5,40000.0,2,50000.0,2,0
1488.0,208000.0,2,260000.0,2,1
1489.5,64000.0,2,80000.0,2,0
1491.0,288000.0,2,360000.0,2,1
1492.5,232000.0,2,290000.0,2,1
1494.0,160000.0,1,200000.0,1,0
1495.5,112000.0,1,140000.0,1,0
1497.0,288000.0,1,360000.0,1,1
1498.5,40000.0,2,50000.0,2,1
1500.0,96000.0,1,120000.0,1,0
1501.5,80000.0,1,100000.0,1,0
1503.0,160000.0,2,200000.0,2,0
1504.5,72000.0,2,90000.0,2,0
1506.0,288000.0,1,360000.0,1,1
1507.5,120000.0,2,150000.0,2,1
1509.0,112000.0,1,140000.0,1,0
1510.5,160000.0,2,200000.0,2,0
1512.0,136000.0,2,170000.0,2,0
1513.5,24000.0,1,30000.0,1,0
1515.0,64000.0,2,80000.0,2,0
1516.5,224000.0,1,280000.0,1,0
1518.0,328000.0,2,410000.0,2,0
1519.5,360000.0,1,450000.0,1,0
1521.0,64000.0,1,80000.0,1,0
1522.5,288000.0,1,360000.0,1,0
1524.0,104000.0,2,130000.0,2,0
1525.5,128000.0,2,160000.0,2,1
1527.0,112000.0,2,140000.0,2,1
1528.5,192000.0,2,240000.0,2,0
1530.0,144000.0,2,180000.0,2,0
1531.5,56000.0,1,70000.0,1,0
1533.0,120000.0,2,150000.0,2,0
1534.5,168000.0,2,210000.0,2,0
1536.0,160000.0,2,200000.0,2,0
1537.5,248000.0,1,310000.0,1,0
1539.0,144000.0,1,180000.0,1,0
1540.5,240000.0,1,300000.0,1,0
1542.0,360000.0,2,450000.0,2,0
1543.5,160000.0,1,200000.0,1,0
1545.0,24000.0,2,30000.0,2,1
1546.5,320000.0,2,400000.0,2,0
1548.0,136000.0,1,170000.0,1,0
1549.5,112000.0,2,140000.0,2,1
1551.0,160000.0,2,200000.0,2,0
1552.5,48000.0,2,60000.0,2,0
1554.0,48000.0,1,60000.0,1,1
1555.5,120000.0,1,150000.0,1,0
1557.0,144000.0,1,180000.0,1,1
1558.5,40000.0,2,50000.0,2,0
1560.0,40000.0,1,50000.0,1,0
1561.5,16000.0,1,20000.0,1,0
1563.0,184000.0,2,230000.0,2,1
1564.5,88000.0,2,110000.0,2,0
1566.0,72000.0,2,90000.0,2,0
1567.5,16000.0,2,20000.0,2,1
1569.0,24000.0,2,30000.0,2,0
1570.5,176000.0,1,220000.0,1,1
1572.0,112000.0,2,140000.0,2,1
1573.5,240000.0,2,300000.0,2,0
1575.0,80000.0,1,100000.0,1,0
1576.5,88000.0,1,110000.0,1,0
1578.0,216000.0,2,270000.0,2,0
1579.5,24000.0,1,30000.0,1,0
1581.0,56000.0,1,70000.0,1,0
1582.5,184000.0,1,230000.0,1,0
1584.0,16000.0,1,20000.0,1,0
1585.5,152000.0,2,190000.0,2,0
1587.0,16000.0,2,20000.0,2,0
1588.5,64000.0,2,80000.0,2,0
1590.0,16000.0,1,20000.0,1,1
1591.5,48000.0,2,60000.0,2,1
1593.0,40000.0,1,50000.0,1,0
1594.5,224000.0,2,280000.0,2,1
1596.0,240000.0,1,300000.0,1,0
1597.5,24000.0,2,30000.0,2,1
1599.0,216000.0,2,270000.0,2,0
1600.5,80000.0,1,100000.0,1,0
1602.0,192000.0,1,240000.0,1,1
1603.5,160000.0,1,200000.0,1,0
1605.0,88000.0,2,110000.0,2,0
1606.5,184000.0,1,230000.0,1,0
1608.0,120000.0,2,150000.0,2,1
1609.5,280000.0,1,350000.0,1,0
1611.0,288000.0,1,360000.0,1,0
1612.5,120000.0,2,150000.0,2,0
1614.0,80000.0,1,100000.0,1,0
1615.5,400000.0,1,500000.0,1,0
1617.0,400000.0,1,500000.0,1,0
1618.5,144000.0,2,180000.0,2,0
1620.0,320000.0,2,400000.0,2,0
1621.5,80000.0,2,100000.0,2,0
1623.0,8000.0,1,10000.0,1,0
1624.5,48000.0,2,60000.0,2,0
1626.0,40000.0,2,50000.0,2,1
1627.5,64000.0,2,80000.0,2,0
1629.0,88000.0,2,110000.0,2,0
1630.5,328000.0,2,410000.0,2,1
1632.0,208000.0,2,260000.0,2,0
1633.5,24000.0,2,30000.0,2,0
1635.0,248000.0,2,310000.0,2,0
1636.5,56000.0,2,70000.0,2,0
1638.0,200000.0,1,250000.0,1,0
1639.5,168000.0,1,210000.0,1,0
1641.0,288000.0,1,360000.0,1,1
1642.5,40000.0,1,50000.0,1,0
1644.0,536000.0,1,670000.0,1,0
1645.5,104000.0,1,130000.0,1,0
1647.0,136000.0,1,170000.0,1,0
1648.5,24000.0,1,30000.0,1,0
1650.0,88000.0,1,110000.0,1,0
1651.5,168000.0,2,210000.0,2,1
1653.0,24000.0,2,30000.0,2,1
1654.5,208000.0,2,260000.0,2,0
1656.0,120000.0,2,150000.0,2,0
1657.5,16000.0,2,20000.0,2,1
1659.0,304000.0,2,380000.0,2,0
1660.5,160000.0,2,200000.0,2,0
1662.0,96000.0,2,120000.0,2,0
1663.5,64000.0,1,80000.0,1,1
1665.0,24000.0,2,30000.0,2,0
1666.5,88000.0,1,110000.0,1,0
1668.0,40000.0,2,50000.0,2,0
1669.5,72000.0,2,90000.0,2,0
1671.0,88000.0,1,110000.0,1,0
1672.5,40000.0,1,50000.0,1,0
1674.0,48000.0,1,60000.0,1,0
1675.5,120000.0,2,150000.0,2,1
1677.0,16000.0,1,20000.0,1,0
1678.5,112000.0,2,140000.0,2,1
1680.0,96000.0,2,120000.0,2,0
1681.5,160000.0,2,200000.0,2,1
1683.0,16000.0,1,20000.0,1,1
1684.5,40000.0,1,50000.0,1,0
1686.0,160000.0,2,200000.0,2,0
1687.5,80000.0,2,100000.0,2,0
1689.0,240000.0,1,300000.0,1,0
1690.5,400000.0,2,500000.0,2,0
1692.0,288000.0,2,360000.0,2,0
1693.5,128000.0,2,160000.0,2,0
1695.0,40000.0,2,50000.0,2,1
1696.5,184000.0,2,230000.0,2,1
1698.0,160000.0,2,200000.0,2,0
1699.5,216000.0,1,270000.0,1,0
1701.0,40000.0,2,50000.0,2,0
1702.5,16000.0,1,20000.0,1,0
1704.0,48000.0,2,60000.0,2,0
1705.5,40000.0,1,50000.0,1,0
1707.0,40000.0,1,50000.0,1,0
1708.5,104000.0,2,130000.0,2,0
1710.0,184000.0,2,230000.0,2,0
1711.5,16000.0,1,20000.0,1,0
1713.0,24000.0,2,30000.0,2,0
1714.5,160000.0,2,200000.0,2,0
1716.0,112000.0,2,140000.0,2,0
1717.5,80000.0,2,100000.0,2,1
1719.0,192000.0,1,240000.0,1,1
1720.5,56000.0,2,70000.0,2,1
1722.0,288000.0,1,360000.0,1,0
1723.5,112000.0,2,140000.0,2,0
1725.0,40000.0,1,50000.0,1,0
1726.5,168000.0,2,210000.0,2,0
1728.0,224000.0,1,280000.0,1,0
1729.5,144000.0,2,180000.0,2,1
1731.0,120000.0,2,150000.0,2,0
1732.5,16000.0,1,20000.0,1,0
1734.0,280000.0,2,350000.0,2,0
1735.5,104000.0,2,130000.0,2,0
1737.0,376000.0,1,470000.0,1,0
1738.5,272000.0,2,340000.0,2,0
1740.0,64000.0,1,80000.0,1,0
1741.5,56000.0,1,70000.0,1,0
1743.0,184000.0,2,230000.0,2,0
1744.5,144000.0,2,180000.0,2,0
1746.0,168000.0,2,210000.0,2,0
1747.5,16000.0,1,20000.0,1,0
1749.0,112000.0,2,140000.0,2,0
1750.5,160000.0,1,200000.0,1,0
1752.0,40000.0,2,50000.0,2,0
1753.5,64000.0,2,80000.0,2,0
1755.0,24000.0,2,30000.0,2,0
1756.5,112000.0,2,140000.0,2,1
1758.0,64000.0,1,80000.0,1,0
1759.5,176000.0,2,220000.0,2,0
1761.0,144000.0,2,180000.0,2,0
1762.5,112000.0,2,140000.0,2,1
1764.0,144000.0,1,180000.0,1,1
1765.5,40000.0,2,50000.0,2,0
1767.0,136000.0,2,170000.0,2,0
1768.5,40000.0,1,50000.0,1,0
1770.0,40000.0,1,50000.0,1,0
1771.5,240000.0,1,300000.0,1,0
1773.0,312000.0,2,390000.0,2,0
1774.5,72000.0,2,90000.0,2,1
1776.0,160000.0,2,200000.0,2,0
1777.5,368000.0,1,460000.0,1,0
1779.0,8000.0,1,10000.0,1,0
1780.5,16000.0,1,20000.0,1,1
1782.0,40000.0,2,50000.0,2,0
1783.5,384000.0,2,480000.0,2,0
1785.0,144000.0,2,180000.0,2,0
1786.5,192000.0,2,240000.0,2,0
1788.0,200000.0,1,250000.0,1,0
1789.5,216000.0,2,270000.0,2,1
1791.0,160000.0,1,200000.0,1,0
1792.5,80000.0,2,100000.0,2,0
1794.0,128000.0,2,160000.0,2,0
1795.5,64000.0,2,80000.0,2,0
1797.0,104000.0,1,130000.0,1,0
1798.5,272000.0,2,340000.0,2,1
1800.0,288000.0,1,360000.0,1,0
1801.5,96000.0,2,120000.0,2,0
1803.0,96000.0,1,120000.0,1,0
1804.5,240000.0,2,300000.0,2,0
1806.0,48000.0,2,60000.0,2,0
1807.5,168000.0,2,210000.0,2,0
1809.0,168000.0,2,210000.0,2,1
1810.5,56000.0,2,70000.0,2,1
1812.0,160000.0,1,200000.0,1,0
1813.5,184000.0,2,230000.0,2,1
1815.0,16000.0,1,20000.0,1,1
1816.5,168000.0,2,210000.0,2,0
1818.0,128000.0,2,160000.0,2,0
1819.5,232000.0,2,290000.0,2,1
1821.0,64000.0,2,80000.0,2,0
1822.5,288000.0,1,360000.0,1,0
1824.0,184000.0,1,230000.0,1,0
1825.5,288000.0,1,360000.0,1,0
1827.0,272000.0,2,340000.0,2,0
1828.5,40000.0,2,50000.0,2,0
1830.0,64000.0,1,80000.0,1,0
1831.5,40000.0,2,50000.0,2,0
1833.0,24000.0,2,30000.0,2,0
1834.5,168000.0,1,210000.0,1,0
1836.0,120000.0,2,150000.0,2,1
1837.5,16000.0,1,20000.0,1,0
1839.0,16000.0,1,20000.0,1,1
1840.5,192000.0,2,240000.0,2,0
1842.0,400000.0,2,500000.0,2,0
1843.5,72000.0,2,90000.0,2,1
1845.0,40000.0,1,50000.0,1,0
1846.5,40000.0,2,50000.0,2,1
1848.0,544000.0,1,680000.0,1,0
1849.5,40000.0,1,50000.0,1,0
1851.0,80000.0,2,100000.0,2,0
1852.5,224000.0,2,280000.0,2,0
1854.0,24000.0,1,30000.0,1,1
1855.5,40000.0,1,50000.0,1,1
1857.0,48000.0,1,60000.0,1,0
1858.5,96000.0,1,120000.0,1,1
1860.0,64000.0,2,80000.0,2,0
1861.5,400000.0,1,500000.0,1,0
1863.0,56000.0,2,70000.0,2,0
1864.5,128000.0,2,160000.0,2,0
1866.0,80000.0,2,100000.0,2,1
1867.5,8000.0,1,10000.0,1,0
1869.0,72000.0,1,90000.0,1,0
1870.5,136000.0,1,170000.0,1,1
1872.0,72000.0,2,90000.0,2,0
1873.5,144000.0,2,180000.0,2,0
1875.0,280000.0,2,350000.0,2,1
1876.5,216000.0,1,270000.0,1,0
1878.0,160000.0,2,200000.0,2,1
1879.5,16000.0,2,20000.0,2,0
1881.0,80000.0,1,100000.0,1,0
1882.5,232000.0,1,290000.0,1,0
1884.0,56000.0,1,70000.0,1,0
1885.5,184000.0,1,230000.0,1,0
1887.0,144000.0,2,180000.0,2,0
1888.5,168000.0,1,210000.0,1,0
1890.0,40000.0,1,50000.0,1,0
1891.5,120000.0,1,150000.0,1,0
1893.0,304000.0,1,380000.0,1,1
1894.5,40000.0,1,50000.0,1,0
1896.0,120000.0,2,150000.0,2,1
1897.5,176000.0,1,220000.0,1,0
1899.0,64000.0,2,80000.0,2,0
1900.5,176000.0,2,220000.0,2,0
1902.0,56000.0,2,70000.0,2,0
1903.5,96000.0,1,120000.0,1,1
1905.0,144000.0,2,180000.0,2,0
1906.5,40000.0,2,50000.0,2,0
1908.0,8000.0,2,10000.0,2,0
1909.5,296000.0,2,370000.0,2,0
1911.0,16000.0,2,20000.0,2,0
1912.5,120000.0,1,150000.0,1,0
1914.0,16000.0,1,20000.0,1,1
1915.5,384000.0,2,480000.0,2,0
1917.0,40000.0,1,50000.0,1,0
1918.5,136000.0,1,170000.0,1,0
1920.0,320000.0,2,400000.0,2,0
1921.5,160000.0,2,200000.0,2,0
1923.0,288000.0,1,360000.0,1,0
1924.5,112000.0,2,140000.0,2,0
1926.0,208000.0,1,260000.0,1,0
1927.5,352000.0,2,440000.0,2,0
1929.0,400000.0,1,500000.0,1,0
1930.5,184000.0,2,230000.0,2,0
1932.0,376000.0,1,470000.0,1,0
1933.5,16000.0,2,20000.0,2,1
1935.0,168000.0,2,210000.0,2,0
1936.5,16000.0,2,20000.0,2,0
1938.0,16000.0,2,20000.0,2,0
1939.5,160000.0,2,200000.0,2,0
1941.0,200000.0,2,250000.0,2,1
1942.5,240000.0,1,300000.0,1,0
1944.0,256000.0,2,320000.0,2,0
1945.5,40000.0,1,50000.0,1,0
1947.0,160000.0,2,200000.0,2,0
1948.5,64000.0,2,80000.0,2,1
1950.0,56000.0,1,70000.0,1,1
1951.5,48000.0,1,60000.0,1,0
1953.0,8000.0,2,10000.0,2,1
1954.5,40000.0,2,50000.0,2,0
1956.0,112000.0,1,140000.0,1,1
1957.5,24000.0,1,30000.0,1,0
1959.0,152000.0,1,190000.0,1,0
1960.5,56000.0,2,70000.0,2,0
1962.0,264000.0,2,330000.0,2,0
1963.5,88000.0,2,110000.0,2,0
1965.0,216000.0,1,270000.0,1,0
1966.5,128000.0,1,160000.0,1,1
1968.0,16000.0,1,20000.0,1,0
1969.5,256000.0,1,320000.0,1,0
1971.0,344000.0,1,430000.0,1,0
1972.5,40000.0,2,50000.0,2,0
1974.0,112000.0,1,140000.0,1,1
1975.5,400000.0,1,500000.0,1,0
1977.0,64000.0,1,80000.0,1,0
1978.5,312000.0,2,390000.0,2,0
1980.0,200000.0,2,250000.0,2,0
1981.5,312000.0,2,390000.0,2,0
1983.0,80000.0,2,100000.0,2,0
1984.5,288000.0,2,360000.0,2,0
1986.0,112000.0,1,140000.0,1,0
1987.5,88000.0,1,110000.0,1,0
1989.0,136000.0,1,170000.0,1,0
1990.5,136000.0,1,170000.0,1,0
1992.0,144000.0,2,180000.0,2,0
1993.5,112000.0,1,140000.0,1,0
1995.0,16000.0,2,20000.0,2,0
1996.5,120000.0,1,150000.0,1,0
1998.0,40000.0,2,50000.0,2,0
1999.5,128000.0,2,160000.0,2,1
2001.0,64000.0,1,80000.0,1,0
2002.5,240000.0,2,300000.0,2,1
2004.0,48000.0,2,60000.0,2,0
2005.5,56000.0,2,70000.0,2,1
2007.0,232000.0,2,290000.0,2,0
2008.5,64000.0,2,80000.0,2,0
2010.0,40000.0,2,50000.0,2,1
2011.5,160000.0,2,200000.0,2,0
2013.0,160000.0,2,200000.0,2,0
2014.5,40000.0,2,50000.0,2,1
2016.0,16000.0,2,20000.0,2,0
2017.5,160000.0,1,200000.0,1,1
2019.0,96000.0,2,120000.0,2,0
2020.5,176000.0,2,220000.0,2,0
2022.0,504000.0,1,630000.0,1,0
2023.5,240000.0,2,300000.0,2,0
2025.0,8000.0,2,10000.0,2,1
2026.5,40000.0,1,50000.0,1,0
2028.0,224000.0,2,280000.0,2,1
2029.5,104000.0,1,130000.0,1,0
2031.0,24000.0,2,30000.0,2,0
2032.5,40000.0,2,50000.0,2,0
2034.0,56000.0,2,70000.0,2,0
2035.5,64000.0,1,80000.0,1,0
2037.0,16000.0,2,20000.0,2,1
2038.5,312000.0,1,390000.0,1,0
2040.0,376000.0,2,470000.0,2,0
2041.5,192000.0,2,240000.0,2,0
2043.0,112000.0,2,140000.0,2,0
2044.5,208000.0,2,260000.0,2,1
2046.0,120000.0,2,150000.0,2,0
2047.5,96000.0,1,120000.0,1,0
2049.0,16000.0,2,20000.0,2,0
2050.5,208000.0,2,260000.0,2,0
2052.0,40000.0,1,50000.0,1,1
2053.5,144000.0,2,180000.0,2,0
2055.0,248000.0,2,310000.0,2,0
2056.5,288000.0,1,360000.0,1,0
2058.0,144000.0,2,180000.0,2,0
2059.5,216000.0,2,270000.0,2,0
2061.0,56000.0,1,70000.0,1,0
2062.5,40000.0,1,50000.0,1,0
2064.0,24000.0,2,30000.0,2,0
2065.5,40000.0,2,50000.0,2,0
2067.0,280000.0,1,350000.0,1,0
2068.5,160000.0,1,200000.0,1,0
2070.0,64000.0,1,80000.0,1,0
2071.5,48000.0,2,60000.0,2,0
2073.0,24000.0,1,30000.0,1,0
2074.5,88000.0,2,110000.0,2,0
2076.0,240000.0,2,300000.0,2,0
2077.5,40000.0,2,50000.0,2,0
2079.0,400000.0,1,500000.0,1,0
2080.5,288000.0,1,360000.0,1,0
2082.0,16000.0,2,20000.0,2,0
2083.5,176000.0,1,220000.0,1,0
2085.0,16000.0,2,20000.0,2,0
2086.5,48000.0,1,60000.0,1,1
2088.0,136000.0,2,170000.0,2,0
2089.5,160000.0,2,200000.0,2,0
2091.0,16000.0,2,20000.0,2,0
2092.5,112000.0,2,140000.0,2,0
2094.0,264000.0,2,330000.0,2,0
2095.5,144000.0,2,180000.0,2,1
2097.0,288000.0,2,360000.0,2,0
2098.5,16000.0,1,20000.0,1,0
2100.0,40000.0,2,50000.0,2,0
2101.5,80000.0,2,100000.0,2,0
2103.0,24000.0,1,30000.0,1,0
2104.5,56000.0,2,70000.0,2,1
2106.0,376000.0,1,470000.0,1,0
2107.5,240000.0,2,300000.0,2,0
2109.0,240000.0,2,300000.0,2,1
2110.5,160000.0,2,200000.0,2,0
2112.0,120000.0,2,150000.0,2,0
2113.5,176000.0,2,220000.0,2,1
2115.0,336000.0,1,420000.0,1,0
2116.5,168000.0,2,210000.0,2,0
2118.0,360000.0,1,450000.0,1,0
2119.5,24000.0,1,30000.0,1,0
2121.0,192000.0,1,240000.0,1,0
2122.5,336000.0,2,420000.0,2,0
2124.0,48000.0,2,60000.0,2,0
2125.5,24000.0,2,30000.0,2,0
2127.0,64000.0,2,80000.0,2,0
2128.5,40000.0,1,50000.0,1,0
2130.0,184000.0,1,230000.0,1,0
2131.5,160000.0,1,200000.0,1,0
2133.0,184000.0,2,230000.0,2,0
2134.5,104000.0,2,130000.0,2,0
2136.0,160000.0,2,200000.0,2,0
2137.5,72000.0,2,90000.0,2,0
2139.0,96000.0,1,120000.0,1,0
2140.5,160000.0,1,200000.0,1,0
2142.0,16000.0,2,20000.0,2,0
2143.5,168000.0,2,210000.0,2,1
2145.0,64000.0,2,80000.0,2,0
2146.5,40000.0,2,50000.0,2,0
2148.0,56000.0,2,70000.0,2,1
2149.5,184000.0,1,230000.0,1,1
2151.0,16000.0,1,20000.0,1,0
2152.5,24000.0,1,30000.0,1,0
2154.0,80000.0,1,100000.0,1,1
2155.5,64000.0,2,80000.0,2,1
2157.0,168000.0,1,210000.0,1,0
2158.5,40000.0,1,50000.0,1,0
2160.0,104000.0,2,130000.0,2,0
2161.5,56000.0,2,70000.0,2,0
2163.0,168000.0,2,210000.0,2,0
2164.5,80000.0,1,100000.0,1,1
2166.0,160000.0,1,200000.0,1,0
2167.5,32000.0,1,40000.0,1,1
2169.0,64000.0,2,80000.0,2,0
2170.5,168000.0,2,210000.0,2,1
2172.0,16000.0,2,20000.0,2,0
2173.5,8000.0,1,10000.0,1,0
2175.0,48000.0,2,60000.0,2,1
2176.5,32000.0,2,40000.0,2,0
2178.0,232000.0,2,290000.0,2,1
2179.5,40000.0,1,50000.0,1,0
2181.0,16000.0,1,20000.0,1,0
2182.5,24000.0,1,30000.0,1,0
2184.0,16000.0,1,20000.0,1,0
2185.5,40000.0,2,50000.0,2,0
2187.0,400000.0,1,500000.0,1,1
2188.5,72000.0,2,90000.0,2,1
2190.0,8000.0,1,10000.0,1,0
2191.5,40000.0,2,50000.0,2,1
2193.0,96000.0,1,120000.0,1,0
2194.5,160000.0,2,200000.0,2,0
2196.0,240000.0,2,300000.0,2,0
2197.5,72000.0,2,90000.0,2,0
2199.0,72000.0,1,90000.0,1,0
2200.5,112000.0,2,140000.0,2,1
2202.0,144000.0,2,180000.0,2,0
2203.5,288000.0,1,360000.0,1,0
2205.0,128000.0,2,160000.0,2,1
2206.5,80000.0,1,100000.0,1,0
2208.0,16000.0,1,20000.0,1,1
2209.5,288000.0,1,360000.0,1,0
2211.0,184000.0,1,230000.0,1,0
2212.5,88000.0,2,110000.0,2,1
2214.0,168000.0,1,210000.0,1,0
2215.5,160000.0,1,200000.0,1,0
2217.0,40000.0,1,50000.0,1,0
2218.5,168000.0,2,210000.0,2,1
2220.0,224000.0,1,280000.0,1,0
2221.5,400000.0,1,500000.0,1,0
2223.0,24000.0,2,30000.0,2,0
2224.5,272000.0,2,340000.0,2,0
2226.0,288000.0,1,360000.0,1,0
2227.5,56000.0,2,70000.0,2,0
2229.0,16000.0,2,20000.0,2,1
2230.5,184000.0,1,230000.0,1,0
2232.0,48000.0,1,60000.0,1,0
2233.5,40000.0,1,50000.0,1,1
2235.0,40000.0,2,50000.0,2,1
2236.5,104000.0,2,130000.0,2,0
2238.0,128000.0,1,160000.0,1,0
2239.5,48000.0,2,60000.0,2,0
2241.0,128000.0,1,160000.0,1,0
2242.5,144000.0,2,180000.0,2,0
2244.0,136000.0,1,170000.0,1,0
2245.5,288000.0,2,360000.0,2,1
2247.0,104000.0,2,130000.0,2,0
2248.5,144000.0,2,180000.0,2,0
2250.0,16000.0,1,20000.0,1,0
2251.5,184000.0,2,230000.0,2,0
2253.0,176000.0,2,220000.0,2,0
2254.5,192000.0,1,240000.0,1,0
2256.0,40000.0,1,50000.0,1,0
2257.5,248000.0,2,310000.0,2,0
2259.0,280000.0,1,350000.0,1,0
2260.5,40000.0,2,50000.0,2,0
2262.0,160000.0,2,200000.0,2,0
2263.5,384000.0,1,480000.0,1,0
2265.0,144000.0,2,180000.0,2,1
2266.5,160000.0,2,200000.0,2,0
2268.0,16000.0,1,20000.0,1,0
2269.5,40000.0,1,50000.0,1,0
2271.0,168000.0,2,210000.0,2,1
2272.5,16000.0,2,20000.0,2,0
2274.0,120000.0,2,150000.0,2,0
2275.5,40000.0,2,50000.0,2,0
2277.0,152000.0,1,190000.0,1,1
2278.5,232000.0,2,290000.0,2,0
2280.0,336000.0,1,420000.0,1,0
2281.5,272000.0,2,340000.0,2,0
2283.0,48000.0,1,60000.0,1,0
2284.5,72000.0,2,90000.0,2,0
2286.0,24000.0,2,30000.0,2,1
2287.5,128000.0,2,160000.0,2,0
2289.0,16000.0,1,20000.0,1,0
2290.5,72000.0,2,90000.0,2,1
2292.0,96000.0,1,120000.0,1,0
2293.5,96000.0,1,120000.0,1,0
2295.0,288000.0,2,360000.0,2,0
2296.5,128000.0,2,160000.0,2,0
2298.0,256000.0,2,320000.0,2,0
2299.5,16000.0,1,20000.0,1,0
2301.0,184000.0,2,230000.0,2,0
2302.5,40000.0,1,50000.0,1,0
2304.0,40000.0,1,50000.0,1,0
2305.5,32000.0,2,40000.0,2,0
2307.0,96000.0,2,120000.0,2,0
2308.5,104000.0,2,130000.0,2,1
2310.0,88000.0,2,110000.0,2,0
2311.5,16000.0,1,20000.0,1,1
2313.0,40000.0,1,50000.0,1,0
2314.5,96000.0,2,120000.0,2,0
2316.0,40000.0,1,50000.0,1,0
2317.5,288000.0,2,360000.0,2,1
2319.0,192000.0,2,240000.0,2,1
2320.5,120000.0,1,150000.0,1,0
2322.0,40000.0,2,50000.0,2,0
2323.5,400000.0,2,500000.0,2,1
2325.0,88000.0,2,110000.0,2,0
2326.5,136000.0,1,170000.0,1,1
2328.0,184000.0,2,230000.0,2,0
2329.5,16000.0,2,20000.0,2,0
2331.0,80000.0,2,100000.0,2,0
2332.5,88000.0,1,110000.0,1,0
2334.0,272000.0,1,340000.0,1,1
2335.5,40000.0,1,50000.0,1,0
2337.0,248000.0,1,310000.0,1,0
2338.5,40000.0,2,50000.0,2,1
2340.0,192000.0,2,240000.0,2,1
2341.5,40000.0,2,50000.0,2,0
2343.0,120000.0,2,150000.0,2,0
2344.5,112000.0,1,140000.0,1,0
2346.0,24000.0,2,30000.0,2,0
2347.5,240000.0,2,300000.0,2,1
2349.0,40000.0,1,50000.0,1,0
2350.5,224000.0,2,280000.0,2,0
2352.0,96000.0,2,120000.0,2,0
2353.5,24000.0,2,30000.0,2,0
2355.0,24000.0,2,30000.0,2,1
2356.5,144000.0,1,180000.0,1,0
2358.0,120000.0,1,150000.0,1,0
2359.5,88000.0,2,110000.0,2,0
2361.0,40000.0,1,50000.0,1,1
2362.5,184000.0,2,230000.0,2,0
2364.0,184000.0,2,230000.0,2,0
2365.5,128000.0,2,160000.0,2,0
2367.0,40000.0,1,50000.0,1,0
2368.5,168000.0,2,210000.0,2,0
2370.0,96000.0,2,120000.0,2,0
2371.5,192000.0,2,240000.0,2,0
2373.0,16000.0,1,20000.0,1,0
2374.5,40000.0,2,50000.0,2,0
2376.0,40000.0,2,50000.0,2,0
2377.5,40000.0,2,50000.0,2,0
2379.0,80000.0,1,100000.0,1,0
2380.5,312000.0,2,390000.0,2,0
2382.0,440000.0,1,550000.0,1,0
2383.5,360000.0,2,450000.0,2,0
2385.0,64000.0,2,80000.0,2,0
2386.5,40000.0,2,50000.0,2,0
2388.0,40000.0,2,50000.0,2,0
2389.5,144000.0,1,180000.0,1,0
2391.0,192000.0,1,240000.0,1,0
2392.5,256000.0,2,320000.0,2,0
2394.0,384000.0,2,480000.0,2,0
2395.5,120000.0,2,150000.0,2,0
2397.0,88000.0,2,110000.0,2,0
2398.5,192000.0,1,240000.0,1,0
2400.0,40000.0,1,50000.0,1,1
2401.5,96000.0,1,120000.0,1,0
2403.0,120000.0,2,150000.0,2,0
2404.5,80000.0,2,100000.0,2,0
2406.0,208000.0,2,260000.0,2,0
2407.5,200000.0,2,250000.0,2,0
2409.0,80000.0,2,100000.0,2,0
2410.5,128000.0,1,160000.0,1,1
2412.0,216000.0,2,270000.0,2,1
2413.5,312000.0,2,390000.0,2,0
2415.0,168000.0,2,210000.0,2,0
2416.5,24000.0,2,30000.0,2,0
2418.0,240000.0,2,300000.0,2,0
2419.5,152000.0,2,190000.0,2,0
2421.0,104000.0,2,130000.0,2,1
2422.5,288000.0,1,360000.0,1,0
2424.0,256000.0,1,320000.0,1,1
2425.5,16000.0,1,20000.0,1,1
2427.0,288000.0,1,360000.0,1,0
2428.5,152000.0,2,190000.0,2,0
2430.0,72000.0,2,90000.0,2,1
2431.5,24000.0,2,30000.0,2,0
2433.0,192000.0,1,240000.0,1,0
2434.5,32000.0,2,40000.0,2,0
2436.0,136000.0,1,170000.0,1,0
2437.5,144000.0,1,180000.0,1,0
2439.0,16000.0,1,20000.0,1,1
2440.5,120000.0,2,150000.0,2,0
2442.0,40000.0,2,50000.0,2,1
2443.5,112000.0,2,140000.0,2,0
2445.0,40000.0,1,50000.0,1,0
2446.5,160000.0,1,200000.0,1,0
2448.0,80000.0,2,100000.0,2,0
2449.5,200000.0,2,250000.0,2,0
2451.0,64000.0,2,80000.0,2,0
2452.5,136000.0,2,170000.0,2,0
2454.0,64000.0,1,80000.0,1,0
2455.5,40000.0,1,50000.0,1,0
2457.0,24000.0,2,30000.0,2,0
2458.5,56000.0,2,70000.0,2,1
2460.0,24000.0,2,30000.0,2,0
2461.5,160000.0,1,200000.0,1,0
2463.0,80000.0,2,100000.0,2,0
2464.5,16000.0,1,20000.0,1,1
2466.0,160000.0,1,200000.0,1,0
2467.5,40000.0,1,50000.0,1,1
2469.0,40000.0,1,50000.0,1,1
2470.5,40000.0,2,50000.0,2,1
2472.0,176000.0,1,220000.0,1,0
2473.5,192000.0,2,240000.0,2,0
2475.0,40000.0,1,50000.0,1,0
2476.5,400000.0,2,500000.0,2,0
2478.0,136000.0,1,170000.0,1,0
2479.5,24000.0,1,30000.0,1,0
2481.0,240000.0,1,300000.0,1,1
2482.5,40000.0,1,50000.0,1,0
2484.0,80000.0,2,100000.0,2,0
2485.5,120000.0,2,150000.0,2,1
2487.0,40000.0,1,50000.0,1,0
2488.5,152000.0,2,190000.0,2,0
2490.0,16000.0,2,20000.0,2,0
2491.5,40000.0,2,50000.0,2,0
2493.0,24000.0,2,30000.0,2,1
2494.5,72000.0,2,90000.0,2,0
2496.0,400000.0,2,500000.0,2,1
2497.5,224000.0,1,280000.0,1,0
2499.0,24000.0,1,30000.0,1,0
2500.5,72000.0,2,90000.0,2,0
2502.0,160000.0,1,200000.0,1,1
2503.5,80000.0,1,100000.0,1,0
2505.0,16000.0,1,20000.0,1,0
2506.5,40000.0,1,50000.0,1,0
2508.0,40000.0,2,50000.0,2,0
2509.5,232000.0,1,290000.0,1,0
2511.0,176000.0,2,220000.0,2,0
2512.5,352000.0,1,440000.0,1,0
2514.0,40000.0,1,50000.0,1,1
2515.5,240000.0,1,300000.0,1,0
2517.0,232000.0,2,290000.0,2,0
2518.5,312000.0,1,390000.0,1,0
2520.0,40000.0,2,50000.0,2,0
2521.5,176000.0,2,220000.0,2,1
2523.0,120000.0,2,150000.0,2,0
2524.5,40000.0,1,50000.0,1,0
2526.0,160000.0,1,200000.0,1,0
2527.5,96000.0,2,120000.0,2,0
2529.0,184000.0,2,230000.0,2,0
2530.5,144000.0,2,180000.0,2,0
2532.0,16000.0,1,20000.0,1,0
2533.5,16000.0,1,20000.0,1,0
2535.0,40000.0,1,50000.0,1,1
2536.5,232000.0,2,290000.0,2,0
2538.0,232000.0,2,290000.0,2,0
2539.5,120000.0,2,150000.0,2,0
2541.0,152000.0,2,190000.0,2,0
2542.5,64000.0,2,80000.0,2,1
2544.0,200000.0,1,250000.0,1,0
2545.5,16000.0,1,20000.0,1,1
2547.0,144000.0,2,180000.0,2,0
2548.5,64000.0,1,80000.0,1,0
2550.0,240000.0,1,300000.0,1,0
2551.5,40000.0,2,50000.0,2,0
2553.0,56000.0,2,70000.0,2,0
2554.5,120000.0,2,150000.0,2,1
2556.0,256000.0,2,320000.0,2,0
2557.5,48000.0,2,60000.0,2,0
2559.0,16000.0,1,20000.0,1,1
2560.5,184000.0,1,230000.0,1,0
2562.0,248000.0,2,310000.0,2,0
2563.5,184000.0,2,230000.0,2,0
2565.0,160000.0,2,200000.0,2,0
2566.5,80000.0,2,100000.0,2,1
2568.0,248000.0,1,310000.0,1,0
2569.5,144000.0,1,180000.0,1,1
2571.0,312000.0,2,390000.0,2,0
2572.5,16000.0,2,20000.0,2,0
2574.0,40000.0,2,50000.0,2,0
2575.5,112000.0,1,140000.0,1,0
2577.0,136000.0,1,170000.0,1,1
2578.5,200000.0,2,250000.0,2,0
2580.0,40000.0,2,50000.0,2,1
2581.5,200000.0,2,250000.0,2,0
2583.0,72000.0,1,90000.0,1,0
2584.5,72000.0,1,90000.0,1,1
2586.0,128000.0,2,160000.0,2,0
2587.5,288000.0,1,360000.0,1,0
2589.0,264000.0,2,330000.0,2,0
2590.5,40000.0,2,50000.0,2,0
2592.0,48000.0,2,60000.0,2,1
2593.5,8000.0,2,10000.0,2,0
2595.0,56000.0,1,70000.0,1,0
2596.5,120000.0,2,150000.0,2,1
2598.0,200000.0,2,250000.0,2,1
2599.5,104000.0,2,130000.0,2,0
2601.0,104000.0,1,130000.0,1,0
2602.5,80000.0,2,100000.0,2,0
2604.0,104000.0,1,130000.0,1,0
2605.5,64000.0,2,80000.0,2,1
2607.0,304000.0,1,380000.0,1,0
2608.5,16000.0,2,20000.0,2,1
2610.0,16000.0,1,20000.0,1,0
2611.5,112000.0,1,140000.0,1,1
2613.0,144000.0,1,180000.0,1,0
2614.5,184000.0,2,230000.0,2,0
2616.0,72000.0,1,90000.0,1,0
2617.5,128000.0,1,160000.0,1,0
2619.0,40000.0,2,50000.0,2,0
2620.5,112000.0,2,140000.0,2,0
2622.0,200000.0,2,250000.0,2,0
2623.5,96000.0,2,120000.0,2,0
2625.0,96000.0,2,120000.0,2,0
2626.5,208000.0,2,260000.0,2,0
2628.0,8000.0,1,10000.0,1,1
2629.5,48000.0,2,60000.0,2,0
2631.0,48000.0,2,60000.0,2,0
2632.5,40000.0,1,50000.0,1,0
2634.0,104000.0,1,130000.0,1,0
2635.5,104000.0,1,130000.0,1,0
2637.0,288000.0,2,360000.0,2,0
2638.5,64000.0,2,80000.0,2,0
2640.0,40000.0,1,50000.0,1,0
2641.5,232000.0,2,290000.0,2,0
2643.0,160000.0,1,200000.0,1,0
2644.5,16000.0,1,20000.0,1,0
2646.0,400000.0,1,500000.0,1,0
2647.5,104000.0,2,130000.0,2,0
2649.0,24000.0,2,30000.0,2,1
2650.5,16000.0,2,20000.0,2,1
2652.0,56000.0,2,70000.0,2,0
2653.5,160000.0,1,200000.0,1,0
2655.0,40000.0,2,50000.0,2,1
2656.5,288000.0,1,360000.0,1,0
2658.0,40000.0,2,50000.0,2,0
2659.5,144000.0,2,180000.0,2,0
2661.0,40000.0,1,50000.0,1,1
2662.5,96000.0,2,120000.0,2,0
2664.0,64000.0,2,80000.0,2,1
2665.5,264000.0,2,330000.0,2,0
2667.0,32000.0,1,40000.0,1,1
2668.5,40000.0,1,50000.0,1,0
2670.0,64000.0,1,80000.0,1,0
2671.5,360000.0,1,450000.0,1,0
2673.0,24000.0,2,30000.0,2,0
2674.5,128000.0,1,160000.0,1,0
2676.0,64000.0,2,80000.0,2,0
2677.5,320000.0,1,400000.0,1,0
2679.0,176000.0,1,220000.0,1,1
2680.5,32000.0,2,40000.0,2,1
2682.0,224000.0,2,280000.0,2,0
2683.5,40000.0,2,50000.0,2,0
2685.0,88000.0,1,110000.0,1,0
2686.5,144000.0,2,180000.0,2,0
2688.0,160000.0,2,200000.0,2,0
2689.5,312000.0,2,390000.0,2,0
2691.0,320000.0,2,400000.0,2,0
2692.5,96000.0,2,120000.0,2,1
2694.0,160000.0,1,200000.0,1,0
2695.5,224000.0,1,280000.0,1,0
2697.0,184000.0,2,230000.0,2,0
2698.5,224000.0,2,280000.0,2,0
2700.0,104000.0,1,130000.0,1,0
2701.5,128000.0,2,160000.0,2,1
2703.0,96000.0,1,120000.0,1,0
2704.5,240000.0,2,300000.0,2,0
2706.0,16000.0,2,20000.0,2,0
2707.5,360000.0,1,450000.0,1,1
2709.0,200000.0,1,250000.0,1,0
2710.5,80000.0,2,100000.0,2,0
2712.0,120000.0,2,150000.0,2,0
2713.5,112000.0,1,140000.0,1,0
2715.0,400000.0,2,500000.0,2,0
2716.5,16000.0,1,20000.0,1,0
2718.0,40000.0,1,50000.0,1,0
2719.5,80000.0,1,100000.0,1,1
2721.0,160000.0,2,200000.0,2,0
2722.5,120000.0,2,150000.0,2,0
2724.0,64000.0,1,80000.0,1,0
2725.5,128000.0,1,160000.0,1,0
2727.0,144000.0,2,180000.0,2,0
2728.5,216000.0,2,270000.0,2,0
2730.0,144000.0,2,180000.0,2,0
2731.5,96000.0,1,120000.0,1,1
2733.0,88000.0,2,110000.0,2,0
2734.5,40000.0,2,50000.0,2,0
2736.0,160000.0,2,200000.0,2,0
2737.5,56000.0,2,70000.0,2,0
2739.0,288000.0,2,360000.0,2,0
2740.5,208000.0,2,260000.0,2,1
2742.0,40000.0,1,50000.0,1,0
2743.5,304000.0,2,380000.0,2,0
2745.0,40000.0,1,50000.0,1,0
2746.5,16000.0,1,20000.0,1,1
2748.0,216000.0,1,270000.0,1,0
2749.5,368000.0,1,460000.0,1,0
2751.0,48000.0,1,60000.0,1,0
2752.5,160000.0,2,200000.0,2,0
2754.0,40000.0,2,50000.0,2,1
2755.5,16000.0,2,20000.0,2,0
2757.0,232000.0,2,290000.0,2,1
2758.5,88000.0,2,110000.0,2,0
2760.0,128000.0,2,160000.0,2,1
2761.5,56000.0,2,70000.0,2,0
2763.0,160000.0,2,200000.0,2,1
2764.5,64000.0,2,80000.0,2,0
2766.0,16000.0,1,20000.0,1,1
2767.5,168000.0,1,210000.0,1,0
2769.0,144000.0,2,180000.0,2,1
2770.5,40000.0,1,50000.0,1,0
2772.0,24000.0,1,30000.0,1,1
2773.5,120000.0,1,150000.0,1,0
2775.0,120000.0,1,150000.0,1,1
2776.5,208000.0,1,260000.0,1,0
2778.0,248000.0,2,310000.0,2,0
2779.5,120000.0,2,150000.0,2,0
2781.0,160000.0,2,200000.0,2,0
2782.5,120000.0,1,150000.0,1,0
2784.0,176000.0,2,220000.0,2,0
2785.5,432000.0,2,540000.0,2,0
2787.0,224000.0,1,280000.0,1,0
2788.5,184000.0,1,230000.0,1,0
2790.0,40000.0,1,50000.0,1,0
2791.5,16000.0,2,20000.0,2,0
2793.0,8000.0,1,10000.0,1,1
2794.5,400000.0,1,500000.0,1,0
2796.0,40000.0,2,50000.0,2,0
2797.5,336000.0,2,420000.0,2,0
2799.0,40000.0,2,50000.0,2,0
2800.5,224000.0,2,280000.0,2,0
2802.0,40000.0,1,50000.0,1,0
2803.5,128000.0,2,160000.0,2,1
2805.0,32000.0,2,40000.0,2,1
2806.5,80000.0,2,100000.0,2,0
2808.0,40000.0,2,50000.0,2,0
2809.5,104000.0,2,130000.0,2,0
2811.0,24000.0,2,30000.0,2,0
2812.5,112000.0,1,140000.0,1,1
2814.0,168000.0,2,210000.0,2,0
2815.5,40000.0,1,50000.0,1,0
2817.0,248000.0,1,310000.0,1,0
2818.5,240000.0,2,300000.0,2,0
2820.0,24000.0,2,30000.0,2,1
2821.5,72000.0,2,90000.0,2,0
2823.0,120000.0,2,150000.0,2,1
2824.5,72000.0,1,90000.0,1,0
2826.0,64000.0,2,80000.0,2,0
2827.5,80000.0,2,100000.0,2,1
2829.0,8000.0,1,10000.0,1,0
2830.5,168000.0,1,210000.0,1,0
2832.0,136000.0,2,170000.0,2,0
2833.5,72000.0,2,90000.0,2,0
2835.0,168000.0,2,210000.0,2,1
2836.5,40000.0,2,50000.0,2,0
2838.0,120000.0,1,150000.0,1,0
2839.5,64000.0,2,80000.0,2,0
2841.0,104000.0,2,130000.0,2,1
2842.5,80000.0,1,100000.0,1,1
2844.0,128000.0,1,160000.0,1,0
2845.5,200000.0,1,250000.0,1,0
2847.0,400000.0,2,500000.0,2,0
2848.5,208000.0,1,260000.0,1,0
2850.0,40000.0,2,50000.0,2,0
2851.5,24000.0,2,30000.0,2,0
2853.0,88000.0,2,110000.0,2,0
2854.5,400000.0,1,500000.0,1,0
2856.0,248000.0,2,310000.0,2,0
2857.5,464000.0,1,580000.0,1,0
2859.0,272000.0,2,340000.0,2,0
2860.5,288000.0,2,360000.0,2,0
2862.0,232000.0,2,290000.0,2,0
2863.5,24000.0,1,30000.0,1,0
2865.0,64000.0,2,80000.0,2,0
2866.5,288000.0,1,360000.0,1,1
2868.0,136000.0,2,170000.0,2,0
2869.5,80000.0,1,100000.0,1,0
2871.0,360000.0,1,450000.0,1,0
2872.5,208000.0,2,260000.0,2,0
2874.0,192000.0,2,240000.0,2,0
2875.5,88000.0,2,110000.0,2,0
2877.0,192000.0,2,240000.0,2,0
2878.5,176000.0,2,220000.0,2,0
2880.0,16000.0,1,20000.0,1,0
2881.5,80000.0,2,100000.0,2,1
2883.0,240000.0,1,300000.0,1,0
2884.5,16000.0,1,20000.0,1,1
2886.0,288000.0,2,360000.0,2,0
2887.5,176000.0,1,220000.0,1,1
2889.0,376000.0,2,470000.0,2,0
2890.5,56000.0,2,70000.0,2,0
2892.0,96000.0,2,120000.0,2,0
2893.5,40000.0,1,50000.0,1,0
2895.0,376000.0,1,470000.0,1,0
2896.5,104000.0,1,130000.0,1,0
2898.0,16000.0,2,20000.0,2,1
2899.5,208000.0,2,260000.0,2,0
2901.0,16000.0,1,20000.0,1,0
2902.5,240000.0,2,300000.0,2,1
2904.0,368000.0,2,460000.0,2,0
2905.5,16000.0,2,20000.0,2,1
2907.0,288000.0,2,360000.0,2,1
2908.5,232000.0,1,290000.0,1,0
2910.0,72000.0,1,90000.0,1,0
2911.5,144000.0,2,180000.0,2,0
2913.0,288000.0,1,360000.0,1,0
2914.5,96000.0,1,120000.0,1,0
2916.0,176000.0,1,220000.0,1,0
2917.5,176000.0,1,220000.0,1,1
2919.0,8000.0,2,10000.0,2,1
2920.5,256000.0,2,320000.0,2,0
2922.0,256000.0,1,320000.0,1,0
2923.5,72000.0,1,90000.0,1,0
2925.0,144000.0,1,180000.0,1,0
2926.5,72000.0,2,90000.0,2,0
2928.0,80000.0,1,100000.0,1,0
2929.5,272000.0,1,340000.0,1,0
2931.0,40000.0,1,50000.0,1,1
2932.5,192000.0,2,240000.0,2,0
2934.0,8000.0,1,10000.0,1,0
2935.5,176000.0,2,220000.0,2,1
2937.0,80000.0,2,100000.0,2,0
2938.5,176000.0,2,220000.0,2,0
2940.0,56000.0,2,70000.0,2,0
2941.5,24000.0,2,30000.0,2,1
2943.0,104000.0,2,130000.0,2,0
2944.5,112000.0,2,140000.0,2,0
2946.0,16000.0,1,20000.0,1,0
2947.5,120000.0,2,150000.0,2,1
2949.0,40000.0,2,50000.0,2,0
2950.5,72000.0,1,90000.0,1,0
2952.0,136000.0,2,170000.0,2,0
2953.5,56000.0,1,70000.0,1,1
2955.0,160000.0,2,200000.0,2,0
2956.5,160000.0,1,200000.0,1,0
2958.0,16000.0,1,20000.0,1,1
2959.5,160000.0,1,200000.0,1,0
2961.0,136000.0,1,170000.0,1,0
2962.5,104000.0,1,130000.0,1,1
2964.0,80000.0,2,100000.0,2,0
2965.5,144000.0,1,180000.0,1,0
2967.0,184000.0,2,230000.0,2,0
2968.5,16000.0,1,20000.0,1,0
2970.0,400000.0,2,500000.0,2,1
2971.5,120000.0,2,150000.0,2,1
2973.0,64000.0,2,80000.0,2,1
2974.5,184000.0,1,230000.0,1,0
2976.0,64000.0,1,80000.0,1,1
2977.5,184000.0,2,230000.0,2,0
2979.0,40000.0,2,50000.0,2,1
2980.5,40000.0,1,50000.0,1,0
2982.0,8000.0,2,10000.0,2,0
2983.5,112000.0,1,140000.0,1,0
2985.0,40000.0,1,50000.0,1,1
2986.5,144000.0,1,180000.0,1,0
2988.0,288000.0,1,360000.0,1,1
2989.5,464000.0,1,580000.0,1,0
2991.0,248000.0,2,310000.0,2,0
2992.5,16000.0,1,20000.0,1,0
2994.0,144000.0,2,180000.0,2,0
2995.5,48000.0,2,60000.0,2,0
2997.0,32000.0,2,40000.0,2,0
2998.5,112000.0,2,140000.0,2,0
3000.0,176000.0,1,220000.0,1,0
3001.5,8000.0,1,10000.0,1,1
3003.0,16000.0,1,20000.0,1,0
3004.5,40000.0,2,50000.0,2,0
3006.0,40000.0,2,50000.0,2,1
3007.5,256000.0,2,320000.0,2,0
3009.0,16000.0,1,20000.0,1,0
3010.5,40000.0,1,50000.0,1,0
3012.0,272000.0,1,340000.0,1,0
3013.5,288000.0,2,360000.0,2,1
3015.0,240000.0,2,300000.0,2,0
3016.5,32000.0,2,40000.0,2,0
3018.0,120000.0,1,150000.0,1,0
3019.5,16000.0,2,20000.0,2,1
3021.0,24000.0,2,30000.0,2,0
3022.5,64000.0,2,80000.0,2,0
3024.0,312000.0,2,390000.0,2,1
3025.5,16000.0,2,20000.0,2,1
3027.0,160000.0,1,200000.0,1,1
3028.5,64000.0,2,80000.0,2,0
3030.0,40000.0,2,50000.0,2,1
3031.5,184000.0,2,230000.0,2,0
3033.0,152000.0,2,190000.0,2,0
3034.5,208000.0,1,260000.0,1,0
3036.0,80000.0,2,100000.0,2,0
3037.5,112000.0,1,140000.0,1,0
3039.0,16000.0,2,20000.0,2,1
3040.5,64000.0,1,80000.0,1,0
3042.0,288000.0,1,360000.0,1,0
3043.5,56000.0,1,70000.0,1,1
3045.0,24000.0,2,30000.0,2,1
3046.5,400000.0,2,500000.0,2,0
3048.0,256000.0,2,320000.0,2,0
3049.5,400000.0,2,500000.0,2,0
3051.0,192000.0,2,240000.0,2,0
3052.5,40000.0,2,50000.0,2,0
3054.0,96000.0,2,120000.0,2,0
3055.5,200000.0,2,250000.0,2,0
3057.0,144000.0,2,180000.0,2,0
3058.5,8000.0,2,10000.0,2,0
3060.0,160000.0,2,200000.0,2,0
3061.5,96000.0,2,120000.0,2,0
3063.0,184000.0,1,230000.0,1,0
3064.5,264000.0,2,330000.0,2,0
3066.0,40000.0,2,50000.0,2,1
3067.5,104000.0,1,130000.0,1,0
3069.0,88000.0,1,110000.0,1,1
3070.5,24000.0,2,30000.0,2,0
3072.0,96000.0,2,120000.0,2,0
3073.5,96000.0,2,120000.0,2,0
3075.0,168000.0,2,210000.0,2,0
3076.5,24000.0,1,30000.0,1,0
3078.0,40000.0,1,50000.0,1,0
3079.5,112000.0,2,140000.0,2,0
3081.0,112000.0,1,140000.0,1,0
3082.5,40000.0,1,50000.0,1,0
3084.0,104000.0,1,130000.0,1,1
3085.5,64000.0,2,80000.0,2,1
3087.0,40000.0,2,50000.0,2,0
3088.5,80000.0,1,100000.0,1,0
3090.0,176000.0,1,220000.0,1,0
3091.5,208000.0,2,260000.0,2,0
3093.0,256000.0,1,320000.0,1,0
3094.5,64000.0,2,80000.0,2,0
3096.0,112000.0,1,140000.0,1,0
3097.5,144000.0,1,180000.0,1,1
3099.0,64000.0,1,80000.0,1,0
3100.5,200000.0,1,250000.0,1,0
3102.0,64000.0,1,80000.0,1,0
3103.5,24000.0,1,30000.0,1,1
3105.0,96000.0,2,120000.0,2,0
3106.5,96000.0,2,120000.0,2,0
3108.0,16000.0,1,20000.0,1,0
3109.5,40000.0,1,50000.0,1,0
3111.0,200000.0,1,250000.0,1,0
3112.5,208000.0,1,260000.0,1,0
3114.0,144000.0,2,180000.0,2,0
3115.5,16000.0,1,20000.0,1,0
3117.0,120000.0,1,150000.0,1,1
3118.5,208000.0,1,260000.0,1,0
3120.0,184000.0,1,230000.0,1,0
3121.5,56000.0,2,70000.0,2,0
3123.0,128000.0,2,160000.0,2,0
3124.5,40000.0,2,50000.0,2,0
3126.0,136000.0,1,170000.0,1,0
3127.5,168000.0,2,210000.0,2,0
3129.0,184000.0,1,230000.0,1,0
3130.5,88000.0,1,110000.0,1,1
3132.0,64000.0,2,80000.0,2,0
3133.5,72000.0,2,90000.0,2,0
3135.0,72000.0,2,90000.0,2,1
3136.5,200000.0,2,250000.0,2,0
3138.0,216000.0,1,270000.0,1,0
3139.5,16000.0,1,20000.0,1,0
3141.0,64000.0,2,80000.0,2,0
3142.5,16000.0,1,20000.0,1,0
3144.0,120000.0,2,150000.0,2,0
3145.5,64000.0,2,80000.0,2,1
3147.0,104000.0,2,130000.0,2,0
3148.5,256000.0,2,320000.0,2,0
3150.0,40000.0,2,50000.0,2,1
3151.5,208000.0,2,260000.0,2,0
3153.0,112000.0,2,140000.0,2,0
3154.5,8000.0,2,10000.0,2,1
3156.0,144000.0,1,180000.0,1,0
3157.5,200000.0,1,250000.0,1,0
3159.0,16000.0,1,20000.0,1,1
3160.5,40000.0,1,50000.0,1,0
3162.0,96000.0,2,120000.0,2,0
3163.5,128000.0,2,160000.0,2,0
3165.0,48000.0,2,60000.0,2,0
3166.5,104000.0,1,130000.0,1,0
3168.0,256000.0,1,320000.0,1,1
3169.5,40000.0,2,50000.0,2,0
3171.0,40000.0,1,50000.0,1,1
3172.5,56000.0,2,70000.0,2,1
3174.0,64000.0,2,80000.0,2,0
3175.5,184000.0,1,230000.0,1,1
3177.0,16000.0,1,20000.0,1,1
3178.5,16000.0,2,20000.0,2,0
3180.0,288000.0,1,360000.0,1,0
3181.5,72000.0,2,90000.0,2,0
3183.0,128000.0,2,160000.0,2,0
3184.5,40000.0,1,50000.0,1,0
3186.0,176000.0,2,220000.0,2,0
3187.5,280000.0,1,350000.0,1,1
3189.0,96000.0,2,120000.0,2,0
3190.5,168000.0,2,210000.0,2,0
3192.0,80000.0,2,100000.0,2,0
3193.5,40000.0,2,50000.0,2,1
3195.0,272000.0,2,340000.0,2,0
3196.5,112000.0,1,140000.0,1,1
3198.0,40000.0,1,50000.0,1,0
3199.5,40000.0,1,50000.0,1,0
3201.0,72000.0,2,90000.0,2,0
3202.5,128000.0,1,160000.0,1,1
3204.0,200000.0,1,250000.0,1,0
3205.5,40000.0,1,50000.0,1,0
3207.0,240000.0,2,300000.0,2,0
3208.5,184000.0,2,230000.0,2,0
3210.0,208000.0,1,260000.0,1,1
3211.5,48000.0,2,60000.0,2,0
3213.0,112000.0,1,140000.0,1,0
3214.5,56000.0,2,70000.0,2,1
3216.0,16000.0,1,20000.0,1,1
3217.5,16000.0,2,20000.0,2,1
3219.0,136000.0,1,170000.0,1,0
3220.5,120000.0,2,150000.0,2,0
3222.0,40000.0,1,50000.0,1,0
3223.5,48000.0,1,60000.0,1,1
3225.0,184000.0,2,230000.0,2,0
3226.5,80000.0,1,100000.0,1,0
3228.0,120000.0,1,150000.0,1,0
3229.5,56000.0,1,70000.0,1,0
3231.0,120000.0,1,150000.0,1,0
3232.5,40000.0,2,50000.0,2,0
3234.0,88000.0,2,110000.0,2,1
3235.5,232000.0,2,290000.0,2,1
3237.0,248000.0,2,310000.0,2,0
3238.5,64000.0,2,80000.0,2,0
3240.0,176000.0,1,220000.0,1,0
3241.5,184000.0,2,230000.0,2,0
3243.0,288000.0,1,360000.0,1,0
3244.5,256000.0,1,320000.0,1,0
3246.0,16000.0,1,20000.0,1,0
3247.5,288000.0,2,360000.0,2,0
3249.0,288000.0,2,360000.0,2,0
3250.5,352000.0,2,440000.0,2,0
3252.0,320000.0,1,400000.0,1,1
3253.5,144000.0,1,180000.0,1,0
3255.0,184000.0,2,230000.0,2,0
3256.5,160000.0,2,200000.0,2,0
3258.0,184000.0,1,230000.0,1,0
3259.5,40000.0,1,50000.0,1,0
3261.0,216000.0,1,270000.0,1,0
3262.5,352000.0,2,440000.0,2,0
3264.0,272000.0,1,340000.0,1,0
3265.5,256000.0,1,320000.0,1,0
3267.0,400000.0,2,500000.0,2,0
3268.5,24000.0,2,30000.0,2,0
3270.0,96000.0,2,120000.0,2,0
3271.5,248000.0,1,310000.0,1,0
3273.0,88000.0,2,110000.0,2,0
3274.5,320000.0,1,400000.0,1,0
3276.0,120000.0,2,150000.0,2,0
3277.5,40000.0,1,50000.0,1,0
3279.0,216000.0,1,270000.0,1,0
3280.5,24000.0,2,30000.0,2,1
3282.0,24000.0,1,30000.0,1,1
3283.5,16000.0,1,20000.0,1,0
3285.0,40000.0,2,50000.0,2,0
3286.5,80000.0,1,100000.0,1,0
3288.0,160000.0,2,200000.0,2,0
3289.5,400000.0,1,500000.0,1,0
3291.0,152000.0,1,190000.0,1,0
3292.5,104000.0,1,130000.0,1,0
3294.0,40000.0,1,50000.0,1,0
3295.5,8000.0,1,10000.0,1,0
3297.0,800000.0,2,1000000.0,2,0
3298.5,120000.0,2,150000.0,2,0
3300.0,16000.0,1,20000.0,1,1
3301.5,112000.0,2,140000.0,2,1
3303.0,168000.0,2,210000.0,2,0
3304.5,288000.0,1,360000.0,1,0
3306.0,48000.0,1,60000.0,1,0
3307.5,24000.0,1,30000.0,1,0
3309.0,112000.0,2,140000.0,2,0
3310.5,16000.0,2,20000.0,2,0
3312.0,96000.0,2,120000.0,2,1
3313.5,64000.0,1,80000.0,1,0
3315.0,40000.0,2,50000.0,2,0
3316.5,288000.0,2,360000.0,2,0
3318.0,400000.0,1,500000.0,1,0
3319.5,8000.0,1,10000.0,1,0
3321.0,168000.0,1,210000.0,1,0
3322.5,40000.0,1,50000.0,1,0
3324.0,160000.0,2,200000.0,2,0
3325.5,240000.0,2,300000.0,2,0
3327.0,88000.0,1,110000.0,1,1
3328.5,40000.0,1,50000.0,1,1
3330.0,272000.0,2,340000.0,2,1
3331.5,40000.0,2,50000.0,2,1
3333.0,88000.0,1,110000.0,1,0
3334.5,480000.0,1,600000.0,1,0
3336.0,128000.0,1,160000.0,1,0
3337.5,360000.0,1,450000.0,1,0
3339.0,48000.0,1,60000.0,1,1
3340.5,248000.0,1,310000.0,1,1
3342.0,16000.0,2,20000.0,2,0
3343.5,48000.0,2,60000.0,2,0
3345.0,136000.0,2,170000.0,2,0
3346.5,152000.0,2,190000.0,2,0
3348.0,184000.0,2,230000.0,2,1
3349.5,64000.0,2,80000.0,2,0
3351.0,96000.0,2,120000.0,2,0
3352.5,16000.0,1,20000.0,1,0
3354.0,112000.0,2,140000.0,2,0
3355.5,40000.0,1,50000.0,1,0
3357.0,144000.0,2,180000.0,2,0
3358.5,120000.0,2,150000.0,2,0
3360.0,240000.0,2,300000.0,2,0
3361.5,304000.0,2,380000.0,2,0
3363.0,72000.0,2,90000.0,2,1
3364.5,8000.0,2,10000.0,2,0
3366.0,72000.0,2,90000.0,2,1
3367.5,192000.0,1,240000.0,1,0
3369.0,144000.0,2,180000.0,2,0
3370.5,112000.0,1,140000.0,1,0
3372.0,224000.0,1,280000.0,1,1
3373.5,96000.0,2,120000.0,2,1
3375.0,440000.0,2,550000.0,2,1
3376.5,136000.0,2,170000.0,2,0
3378.0,40000.0,2,50000.0,2,0
3379.5,112000.0,2,140000.0,2,0
3381.0,8000.0,1,10000.0,1,0
3382.5,192000.0,2,240000.0,2,0
3384.0,24000.0,2,30000.0,2,0
3385.5,24000.0,2,30000.0,2,1
3387.0,160000.0,2,200000.0,2,0
3388.5,112000.0,2,140000.0,2,0
3390.0,160000.0,2,200000.0,2,0
3391.5,64000.0,2,80000.0,2,0
3393.0,80000.0,1,100000.0,1,1
3394.5,176000.0,1,220000.0,1,0
3396.0,64000.0,2,80000.0,2,0
3397.5,280000.0,2,350000.0,2,0
3399.0,40000.0,2,50000.0,2,1
3400.5,288000.0,1,360000.0,1,0
3402.0,184000.0,2,230000.0,2,0
3403.5,24000.0,1,30000.0,1,1
3405.0,56000.0,2,70000.0,2,0
3406.5,56000.0,2,70000.0,2,0
3408.0,120000.0,2,150000.0,2,0
3409.5,288000.0,1,360000.0,1,0
3411.0,168000.0,2,210000.0,2,0
3412.5,40000.0,1,50000.0,1,0
3414.0,144000.0,2,180000.0,2,0
3415.5,168000.0,1,210000.0,1,0
3417.0,128000.0,2,160000.0,2,0
3418.5,40000.0,2,50000.0,2,1
3420.0,160000.0,2,200000.0,2,0
3421.5,16000.0,2,20000.0,2,0
3423.0,400000.0,1,500000.0,1,0
3424.5,72000.0,2,90000.0,2,0
3426.0,56000.0,2,70000.0,2,0
3427.5,40000.0,2,50000.0,2,1
3429.0,144000.0,1,180000.0,1,0
3430.5,40000.0,1,50000.0,1,0
3432.0,184000.0,2,230000.0,2,0
3433.5,56000.0,1,70000.0,1,0
3435.0,24000.0,1,30000.0,1,1
3436.5,8000.0,1,10000.0,1,0
3438.0,72000.0,1,90000.0,1,0
3439.5,64000.0,2,80000.0,2,1
3441.0,288000.0,2,360000.0,2,0
3442.5,120000.0,2,150000.0,2,1
3444.0,160000.0,2,200000.0,2,0
3445.5,240000.0,2,300000.0,2,0
3447.0,400000.0,1,500000.0,1,1
3448.5,168000.0,1,210000.0,1,0
3450.0,64000.0,2,80000.0,2,0
3451.5,160000.0,2,200000.0,2,0
3453.0,184000.0,2,230000.0,2,1
3454.5,48000.0,2,60000.0,2,0
3456.0,144000.0,1,180000.0,1,1
3457.5,64000.0,1,80000.0,1,0
3459.0,176000.0,2,220000.0,2,0
3460.5,24000.0,2,30000.0,2,0
3462.0,24000.0,2,30000.0,2,0
3463.5,24000.0,1,30000.0,1,0
3465.0,120000.0,1,150000.0,1,0
3466.5,24000.0,2,30000.0,2,0
3468.0,144000.0,1,180000.0,1,0
3469.5,24000.0,1,30000.0,1,0
3471.0,192000.0,2,240000.0,2,0
3472.5,96000.0,2,120000.0,2,0
3474.0,120000.0,2,150000.0,2,0
3475.5,144000.0,2,180000.0,2,0
3477.0,40000.0,1,50000.0,1,0
3478.5,288000.0,2,360000.0,2,1
3480.0,24000.0,2,30000.0,2,0
3481.5,40000.0,1,50000.0,1,0
3483.0,24000.0,2,30000.0,2,0
3484.5,40000.0,2,50000.0,2,0
3486.0,72000.0,1,90000.0,1,0
3487.5,160000.0,2,200000.0,2,1
3489.0,40000.0,1,50000.0,1,0
3490.5,64000.0,2,80000.0,2,0
3492.0,40000.0,2,50000.0,2,0
3493.5,160000.0,2,200000.0,2,0
3495.0,72000.0,2,90000.0,2,0
3496.5,192000.0,1,240000.0,1,0
3498.0,72000.0,2,90000.0,2,1
3499.5,8000.0,1,10000.0,1,0
3501.0,168000.0,2,210000.0,2,0
3502.5,112000.0,2,140000.0,2,0
3504.0,40000.0,2,50000.0,2,0
3505.5,40000.0,2,50000.0,2,1
3507.0,184000.0,2,230000.0,2,0
3508.5,120000.0,2,150000.0,2,0
3510.0,192000.0,1,240000.0,1,0
3511.5,64000.0,1,80000.0,1,0
3513.0,112000.0,2,140000.0,2,0
3514.5,232000.0,1,290000.0,1,0
3516.0,64000.0,1,80000.0,1,0
3517.5,320000.0,1,400000.0,1,0
3519.0,16000.0,1,20000.0,1,0
3520.5,288000.0,1,360000.0,1,0
3522.0,208000.0,2,260000.0,2,1
3523.5,24000.0,1,30000.0,1,0
3525.0,104000.0,1,130000.0,1,1
3526.5,392000.0,1,490000.0,1,0
3528.0,464000.0,1,580000.0,1,0
3529.5,16000.0,1,20000.0,1,1
3531.0,144000.0,2,180000.0,2,0
3532.5,72000.0,2,90000.0,2,0
3534.0,72000.0,1,90000.0,1,0
3535.5,352000.0,2,440000.0,2,1
3537.0,224000.0,2,280000.0,2,0
3538.5,184000.0,1,230000.0,1,0
3540.0,240000.0,1,300000.0,1,0
3541.5,16000.0,2,20000.0,2,0
3543.0,64000.0,2,80000.0,2,0
3544.5,16000.0,1,20000.0,1,0
3546.0,176000.0,1,220000.0,1,1
3547.5,168000.0,2,210000.0,2,0
3549.0,104000.0,1,130000.0,1,1
3550.5,320000.0,1,400000.0,1,0
3552.0,96000.0,2,120000.0,2,0
3553.5,368000.0,2,460000.0,2,0
3555.0,184000.0,2,230000.0,2,0
3556.5,168000.0,1,210000.0,1,0
3558.0,24000.0,2,30000.0,2,0
3559.5,40000.0,2,50000.0,2,0
3561.0,200000.0,2,250000.0,2,0
3562.5,40000.0,2,50000.0,2,1
3564.0,32000.0,1,40000.0,1,1
3565.5,184000.0,1,230000.0,1,0
3567.0,168000.0,1,210000.0,1,1
3568.5,48000.0,1,60000.0,1,1
3570.0,400000.0,2,500000.0,2,0
3571.5,88000.0,2,110000.0,2,0
3573.0,320000.0,1,400000.0,1,0
3574.5,224000.0,1,280000.0,1,0
3576.0,48000.0,1,60000.0,1,0
3577.5,80000.0,1,100000.0,1,0
3579.0,184000.0,2,230000.0,2,0
3580.5,64000.0,2,80000.0,2,0
3582.0,88000.0,2,110000.0,2,0
3583.5,312000.0,1,390000.0,1,0
3585.0,120000.0,2,150000.0,2,0
3586.5,144000.0,1,180000.0,1,1
3588.0,400000.0,1,500000.0,1,0
3589.5,40000.0,1,50000.0,1,1
3591.0,16000.0,2,20000.0,2,0
3592.5,104000.0,2,130000.0,2,0
3594.0,88000.0,2,110000.0,2,0
3595.5,160000.0,1,200000.0,1,0
3597.0,40000.0,2,50000.0,2,0
3598.5,104000.0,1,130000.0,1,0
3600.0,208000.0,1,260000.0,1,0
3601.5,144000.0,1,180000.0,1,0
3603.0,264000.0,2,330000.0,2,0
3604.5,64000.0,2,80000.0,2,0
3606.0,256000.0,1,320000.0,1,1
3607.5,16000.0,1,20000.0,1,0
3609.0,40000.0,2,50000.0,2,1
3610.5,168000.0,2,210000.0,2,0
3612.0,336000.0,1,420000.0,1,1
3613.5,168000.0,2,210000.0,2,0
3615.0,128000.0,2,160000.0,2,0
3616.5,16000.0,2,20000.0,2,0
3618.0,288000.0,1,360000.0,1,0
3619.5,24000.0,1,30000.0,1,1
3621.0,40000.0,1,50000.0,1,0
3622.5,24000.0,1,30000.0,1,1
3624.0,24000.0,2,30000.0,2,0
3625.5,224000.0,2,280000.0,2,0
3627.0,24000.0,2,30000.0,2,1
3628.5,16000.0,1,20000.0,1,0
3630.0,240000.0,2,300000.0,2,0
3631.5,144000.0,2,180000.0,2,0
3633.0,16000.0,2,20000.0,2,1
3634.5,64000.0,2,80000.0,2,0
3636.0,16000.0,2,20000.0,2,0
3637.5,48000.0,1,60000.0,1,0
3639.0,16000.0,1,20000.0,1,0
3640.5,24000.0,2,30000.0,2,0
3642.0,40000.0,1,50000.0,1,1
3643.5,64000.0,1,80000.0,1,0
3645.0,136000.0,2,170000.0,2,1
3646.5,128000.0,1,160000.0,1,1
3648.0,104000.0,1,130000.0,1,0
3649.5,24000.0,2,30000.0,2,1
3651.0,80000.0,2,100000.0,2,0
3652.5,96000.0,2,120000.0,2,1
3654.0,120000.0,2,150000.0,2,1
3655.5,80000.0,2,100000.0,2,1
3657.0,24000.0,1,30000.0,1,1
3658.5,128000.0,2,160000.0,2,0
3660.0,96000.0,2,120000.0,2,0
3661.5,128000.0,2,160000.0,2,0
3663.0,272000.0,2,340000.0,2,1
3664.5,192000.0,1,240000.0,1,0
3666.0,24000.0,2,30000.0,2,0
3667.5,40000.0,1,50000.0,1,0
3669.0,160000.0,1,200000.0,1,1
3670.5,64000.0,2,80000.0,2,0
3672.0,40000.0,2,50000.0,2,1
3673.5,104000.0,2,130000.0,2,0
3675.0,232000.0,1,290000.0,1,1
3676.5,24000.0,2,30000.0,2,1
3678.0,272000.0,1,340000.0,1,0
3679.5,144000.0,2,180000.0,2,0
3681.0,48000.0,2,60000.0,2,0
3682.5,312000.0,2,390000.0,2,0
3684.0,368000.0,1,460000.0,1,0
3685.5,400000.0,1,500000.0,1,0
3687.0,24000.0,2,30000.0,2,0
3688.5,64000.0,2,80000.0,2,0
3690.0,200000.0,2,250000.0,2,0
3691.5,224000.0,2,280000.0,2,0
3693.0,24000.0,2,30000.0,2,1
3694.5,24000.0,1,30000.0,1,1
3696.0,16000.0,1,20000.0,1,1
3697.5,304000.0,2,380000.0,2,1
3699.0,80000.0,2,100000.0,2,1
3700.5,144000.0,1,180000.0,1,1
3702.0,64000.0,2,80000.0,2,0
3703.5,176000.0,1,220000.0,1,0
3705.0,136000.0,2,170000.0,2,0
3706.5,112000.0,2,140000.0,2,1
3708.0,16000.0,1,20000.0,1,1
3709.5,80000.0,2,100000.0,2,0
3711.0,40000.0,2,50000.0,2,0
3712.5,240000.0,2,300000.0,2,0
3714.0,24000.0,2,30000.0,2,0
3715.5,40000.0,1,50000.0,1,0
3717.0,128000.0,1,160000.0,1,0
3718.5,64000.0,1,80000.0,1,0
3720.0,112000.0,2,140000.0,2,0
3721.5,16000.0,1,20000.0,1,1
3723.0,40000.0,1,50000.0,1,0
3724.5,160000.0,2,200000.0,2,1
3726.0,64000.0,2,80000.0,2,1
3727.5,64000.0,2,80000.0,2,0
3729.0,168000.0,2,210000.0,2,0
3730.5,208000.0,1,260000.0,1,0
3732.0,160000.0,1,200000.0,1,1
3733.5,88000.0,2,110000.0,2,1
3735.0,8000.0,1,10000.0,1,0
3736.5,160000.0,1,200000.0,1,0
3738.0,240000.0,1,300000.0,1,1
3739.5,288000.0,2,360000.0,2,0
3741.0,232000.0,2,290000.0,2,0
3742.5,24000.0,1,30000.0,1,1
3744.0,240000.0,1,300000.0,1,0
3745.5,240000.0,2,300000.0,2,0
3747.0,168000.0,2,210000.0,2,0
3748.5,40000.0,1,50000.0,1,1
3750.0,272000.0,2,340000.0,2,0
3751.5,264000.0,1,330000.0,1,1
3753.0,176000.0,2,220000.0,2,0
3754.5,80000.0,2,100000.0,2,0
3756.0,208000.0,1,260000.0,1,1
3757.5,144000.0,1,180000.0,1,0
3759.0,160000.0,1,200000.0,1,0
3760.5,88000.0,2,110000.0,2,1
3762.0,16000.0,1,20000.0,1,1
3763.5,48000.0,1,60000.0,1,0
3765.0,24000.0,1,30000.0,1,1
3766.5,24000.0,2,30000.0,2,1
3768.0,336000.0,2,420000.0,2,1
3769.5,272000.0,1,340000.0,1,1
3771.0,216000.0,1,270000.0,1,0
3772.5,288000.0,2,360000.0,2,0
3774.0,184000.0,2,230000.0,2,0
3775.5,40000.0,2,50000.0,2,0
3777.0,184000.0,2,230000.0,2,0
3778.5,160000.0,2,200000.0,2,0
3780.0,80000.0,2,100000.0,2,0
3781.5,120000.0,2,150000.0,2,0
3783.0,40000.0,1,50000.0,1,0
3784.5,48000.0,1,60000.0,1,0
3786.0,56000.0,2,70000.0,2,0
3787.5,16000.0,1,20000.0,1,0
3789.0,40000.0,2,50000.0,2,0
3790.5,400000.0,2,500000.0,2,0
3792.0,312000.0,1,390000.0,1,0
3793.5,72000.0,2,90000.0,2,0
3795.0,8000.0,1,10000.0,1,0
3796.5,24000.0,1,30000.0,1,1
3798.0,192000.0,1,240000.0,1,1
3799.5,144000.0,2,180000.0,2,0
3801.0,56000.0,2,70000.0,2,0
3802.5,40000.0,1,50000.0,1,0
3804.0,16000.0,1,20000.0,1,0
3805.5,208000.0,2,260000.0,2,1
3807.0,128000.0,1,160000.0,1,1
3808.5,200000.0,2,250000.0,2,0
3810.0,16000.0,1,20000.0,1,0
3811.5,168000.0,1,210000.0,1,0
3813.0,80000.0,2,100000.0,2,1
3814.5,80000.0,1,100000.0,1,0
3816.0,184000.0,2,230000.0,2,0
3817.5,16000.0,1,20000.0,1,1
3819.0,32000.0,1,40000.0,1,1
3820.5,80000.0,1,100000.0,1,0
3822.0,16000.0,1,20000.0,1,0
3823.5,112000.0,1,140000.0,1,0
3825.0,40000.0,1,50000.0,1,0
3826.5,24000.0,2,30000.0,2,0
3828.0,64000.0,1,80000.0,1,0
3829.5,16000.0,2,20000.0,2,1
3831.0,168000.0,2,210000.0,2,0
3832.5,176000.0,2,220000.0,2,0
3834.0,120000.0,2,150000.0,2,0
3835.5,160000.0,1,200000.0,1,0
3837.0,160000.0,2,200000.0,2,1
3838.5,40000.0,1,50000.0,1,0
3840.0,64000.0,2,80000.0,2,0
3841.5,248000.0,2,310000.0,2,1
3843.0,168000.0,1,210000.0,1,0
3844.5,112000.0,1,140000.0,1,1
3846.0,16000.0,2,20000.0,2,0
3847.5,8000.0,2,10000.0,2,0
3849.0,200000.0,2,250000.0,2,0
3850.5,224000.0,1,280000.0,1,0
3852.0,168000.0,1,210000.0,1,0
3853.5,8000.0,1,10000.0,1,0
3855.0,48000.0,2,60000.0,2,0
3856.5,144000.0,2,180000.0,2,0
3858.0,8000.0,2,10000.0,2,0
3859.5,160000.0,2,200000.0,2,0
3861.0,96000.0,2,120000.0,2,0
3862.5,128000.0,2,160000.0,2,0
3864.0,144000.0,1,180000.0,1,0
3865.5,48000.0,2,60000.0,2,0
3867.0,64000.0,1,80000.0,1,0
3868.5,160000.0,1,200000.0,1,0
3870.0,16000.0,2,20000.0,2,1
3871.5,288000.0,2,360000.0,2,0
3873.0,112000.0,2,140000.0,2,0
3874.5,88000.0,2,110000.0,2,1
3876.0,288000.0,2,360000.0,2,0
3877.5,24000.0,2,30000.0,2,0
3879.0,80000.0,1,100000.0,1,0
3880.5,48000.0,1,60000.0,1,1
3882.0,104000.0,2,130000.0,2,0
3883.5,192000.0,2,240000.0,2,0
3885.0,168000.0,2,210000.0,2,1
3886.5,288000.0,1,360000.0,1,0
3888.0,24000.0,2,30000.0,2,0
3889.5,384000.0,1,480000.0,1,0
3891.0,72000.0,2,90000.0,2,0
3892.5,40000.0,2,50000.0,2,0
3894.0,16000.0,1,20000.0,1,0
3895.5,128000.0,2,160000.0,2,0
3897.0,72000.0,2,90000.0,2,0
3898.5,240000.0,2,300000.0,2,0
3900.0,400000.0,1,500000.0,1,0
3901.5,104000.0,2,130000.0,2,1
3903.0,200000.0,1,250000.0,1,0
3904.5,8000.0,1,10000.0,1,1
3906.0,272000.0,1,340000.0,1,0
3907.5,48000.0,1,60000.0,1,0
3909.0,40000.0,1,50000.0,1,0
3910.5,136000.0,1,170000.0,1,0
3912.0,392000.0,1,490000.0,1,1
3913.5,16000.0,2,20000.0,2,1
3915.0,440000.0,1,550000.0,1,0
3916.5,272000.0,2,340000.0,2,0
3918.0,8000.0,1,10000.0,1,0
3919.5,184000.0,2,230000.0,2,0
3921.0,24000.0,1,30000.0,1,0
3922.5,160000.0,2,200000.0,2,0
3924.0,360000.0,2,450000.0,2,0
3925.5,304000.0,1,380000.0,1,1
3927.0,40000.0,2,50000.0,2,1
3928.5,64000.0,2,80000.0,2,0
3930.0,120000.0,2,150000.0,2,1
3931.5,40000.0,2,50000.0,2,0
3933.0,168000.0,2,210000.0,2,0
3934.5,80000.0,2,100000.0,2,0
3936.0,80000.0,1,100000.0,1,0
3937.5,400000.0,1,500000.0,1,0
3939.0,24000.0,2,30000.0,2,0
3940.5,40000.0,1,50000.0,1,0
3942.0,40000.0,2,50000.0,2,0
3943.5,336000.0,2,420000.0,2,0
3945.0,24000.0,2,30000.0,2,1
3946.5,192000.0,1,240000.0,1,0
3948.0,64000.0,2,80000.0,2,0
3949.5,264000.0,1,330000.0,1,1
3951.0,40000.0,1,50000.0,1,1
3952.5,160000.0,2,200000.0,2,1
3954.0,168000.0,2,210000.0,2,0
3955.5,104000.0,1,130000.0,1,0
3957.0,312000.0,1,390000.0,1,0
3958.5,80000.0,1,100000.0,1,0
3960.0,112000.0,2,140000.0,2,0
3961.5,64000.0,2,80000.0,2,1
3963.0,40000.0,2,50000.0,2,1
3964.5,40000.0,1,50000.0,1,0
3966.0,288000.0,1,360000.0,1,0
3967.5,136000.0,2,170000.0,2,1
3969.0,40000.0,1,50000.0,1,0
3970.5,248000.0,2,310000.0,2,1
3972.0,168000.0,1,210000.0,1,1
3973.5,112000.0,1,140000.0,1,0
3975.0,120000.0,2,150000.0,2,0
3976.5,136000.0,1,170000.0,1,1
3978.0,208000.0,2,260000.0,2,1
3979.5,136000.0,2,170000.0,2,0
3981.0,248000.0,2,310000.0,2,0
3982.5,40000.0,2,50000.0,2,0
3984.0,208000.0,2,260000.0,2,1
3985.5,80000.0,1,100000.0,1,1
3987.0,32000.0,2,40000.0,2,0
3988.5,144000.0,2,180000.0,2,0
3990.0,40000.0,1,50000.0,1,0
3991.5,160000.0,1,200000.0,1,1
3993.0,256000.0,2,320000.0,2,0
3994.5,176000.0,2,220000.0,2,0
3996.0,144000.0,1,180000.0,1,0
3997.5,40000.0,2,50000.0,2,1
3999.0,40000.0,2,50000.0,2,0
4000.5,120000.0,2,150000.0,2,0
4002.0,96000.0,2,120000.0,2,0
4003.5,24000.0,1,30000.0,1,0
4005.0,8000.0,1,10000.0,1,1
4006.5,304000.0,1,380000.0,1,0
4008.0,256000.0,2,320000.0,2,1
4009.5,24000.0,2,30000.0,2,0
4011.0,376000.0,1,470000.0,1,0
4012.5,64000.0,2,80000.0,2,0
4014.0,16000.0,1,20000.0,1,0
4015.5,96000.0,1,120000.0,1,0
4017.0,120000.0,2,150000.0,2,0
4018.5,160000.0,2,200000.0,2,0
4020.0,16000.0,1,20000.0,1,0
4021.5,136000.0,2,170000.0,2,0
4023.0,120000.0,2,150000.0,2,0
4024.5,128000.0,1,160000.0,1,0
4026.0,224000.0,2,280000.0,2,0
4027.5,48000.0,1,60000.0,1,1
4029.0,80000.0,1,100000.0,1,0
4030.5,288000.0,1,360000.0,1,0
4032.0,400000.0,2,500000.0,2,0
4033.5,232000.0,2,290000.0,2,1
4035.0,128000.0,2,160000.0,2,0
4036.5,40000.0,1,50000.0,1,0
4038.0,200000.0,2,250000.0,2,0
4039.5,280000.0,1,350000.0,1,0
4041.0,80000.0,2,100000.0,2,0
4042.5,24000.0,1,30000.0,1,0
4044.0,360000.0,2,450000.0,2,0
4045.5,16000.0,2,20000.0,2,0
4047.0,24000.0,2,30000.0,2,0
4048.5,120000.0,2,150000.0,2,0
4050.0,24000.0,1,30000.0,1,0
4051.5,8000.0,1,10000.0,1,0
4053.0,40000.0,2,50000.0,2,0
4054.5,40000.0,2,50000.0,2,0
4056.0,104000.0,2,130000.0,2,0
4057.5,40000.0,2,50000.0,2,0
4059.0,144000.0,2,180000.0,2,0
4060.5,24000.0,1,30000.0,1,1
4062.0,48000.0,2,60000.0,2,0
4063.5,160000.0,1,200000.0,1,0
4065.0,24000.0,2,30000.0,2,0
4066.5,256000.0,2,320000.0,2,0
4068.0,288000.0,2,360000.0,2,0
4069.5,48000.0,2,60000.0,2,0
4071.0,40000.0,2,50000.0,2,0
4072.5,24000.0,1,30000.0,1,0
4074.0,40000.0,2,50000.0,2,0
4075.5,56000.0,2,70000.0,2,0
4077.0,248000.0,1,310000.0,1,0
4078.5,136000.0,2,170000.0,2,0
4080.0,120000.0,1,150000.0,1,0
4081.5,96000.0,2,120000.0,2,0
4083.0,80000.0,2,100000.0,2,0
4084.5,112000.0,1,140000.0,1,1
4086.0,144000.0,2,180000.0,2,0
4087.5,16000.0,2,20000.0,2,0
4089.0,64000.0,2,80000.0,2,0
4090.5,160000.0,2,200000.0,2,0
4092.0,160000.0,1,200000.0,1,0
4093.5,24000.0,1,30000.0,1,0
4095.0,200000.0,2,250000.0,2,0
4096.5,40000.0,1,50000.0,1,0
4098.0,200000.0,1,250000.0,1,1
4099.5,112000.0,2,140000.0,2,0
4101.0,136000.0,2,170000.0,2,0
4102.5,192000.0,2,240000.0,2,0
4104.0,112000.0,2,140000.0,2,0
4105.5,40000.0,2,50000.0,2,0
4107.0,192000.0,2,240000.0,2,1
4108.5,336000.0,2,420000.0,2,0
4110.0,176000.0,1,220000.0,1,0
4111.5,56000.0,2,70000.0,2,0
4113.0,72000.0,1,90000.0,1,0
4114.5,176000.0,2,220000.0,2,0
4116.0,160000.0,2,200000.0,2,0
4117.5,192000.0,1,240000.0,1,0
4119.0,248000.0,2,310000.0,2,0
4120.5,64000.0,2,80000.0,2,1
4122.0,232000.0,2,290000.0,2,0
4123.5,208000.0,1,260000.0,1,1
4125.0,96000.0,1,120000.0,1,1
4126.5,208000.0,2,260000.0,2,0
4128.0,288000.0,2,360000.0,2,0
4129.5,24000.0,2,30000.0,2,1
4131.0,24000.0,2,30000.0,2,1
4132.5,16000.0,1,20000.0,1,0
4134.0,192000.0,2,240000.0,2,0
4135.5,160000.0,1,200000.0,1,1
4137.0,56000.0,1,70000.0,1,0
4138.5,160000.0,2,200000.0,2,0
4140.0,120000.0,2,150000.0,2,0
4141.5,128000.0,2,160000.0,2,0
4143.0,144000.0,2,180000.0,2,0
4144.5,152000.0,1,190000.0,1,0
4146.0,16000.0,2,20000.0,2,0
4147.5,120000.0,1,150000.0,1,0
4149.0,248000.0,1,310000.0,1,0
4150.5,144000.0,2,180000.0,2,0
4152.0,64000.0,2,80000.0,2,1
4153.5,280000.0,2,350000.0,2,0
4155.0,40000.0,2,50000.0,2,0
4156.5,72000.0,2,90000.0,2,0
4158.0,176000.0,1,220000.0,1,0
4159.5,40000.0,2,50000.0,2,1
4161.0,72000.0,1,90000.0,1,0
4162.5,320000.0,2,400000.0,2,0
4164.0,168000.0,2,210000.0,2,0
4165.5,144000.0,2,180000.0,2,1
4167.0,400000.0,1,500000.0,1,0
4168.5,208000.0,2,260000.0,2,1
4170.0,144000.0,2,180000.0,2,0
4171.5,144000.0,2,180000.0,2,1
4173.0,24000.0,2,30000.0,2,0
4174.5,288000.0,2,360000.0,2,0
4176.0,224000.0,2,280000.0,2,0
4177.5,80000.0,2,100000.0,2,1
4179.0,40000.0,2,50000.0,2,0
4180.5,16000.0,1,20000.0,1,0
4182.0,64000.0,2,80000.0,2,1
4183.5,88000.0,2,110000.0,2,0
4185.0,40000.0,1,50000.0,1,1
4186.5,40000.0,2,50000.0,2,1
4188.0,16000.0,1,20000.0,1,0
4189.5,160000.0,2,200000.0,2,0
4191.0,200000.0,2,250000.0,2,0
4192.5,120000.0,2,150000.0,2,1
4194.0,40000.0,1,50000.0,1,1
4195.5,160000.0,2,200000.0,2,0
4197.0,176000.0,1,220000.0,1,0
4198.5,48000.0,2,60000.0,2,0
4200.0,80000.0,1,100000.0,1,0
4201.5,16000.0,1,20000.0,1,0
4203.0,112000.0,1,140000.0,1,1
4204.5,40000.0,1,50000.0,1,1
4206.0,40000.0,1,50000.0,1,0
4207.5,96000.0,2,120000.0,2,0
4209.0,96000.0,2,120000.0,2,0
4210.5,24000.0,1,30000.0,1,0
4212.0,144000.0,2,180000.0,2,0
4213.5,400000.0,1,500000.0,1,0
4215.0,336000.0,1,420000.0,1,0
4216.5,16000.0,2,20000.0,2,0
4218.0,40000.0,2,50000.0,2,1
4219.5,208000.0,2,260000.0,2,0
4221.0,40000.0,1,50000.0,1,0
4222.5,40000.0,2,50000.0,2,0
4224.0,40000.0,2,50000.0,2,0
4225.5,80000.0,1,100000.0,1,0
4227.0,40000.0,2,50000.0,2,1
4228.5,144000.0,2,180000.0,2,0
4230.0,192000.0,2,240000.0,2,0
4231.5,24000.0,1,30000.0,1,0
4233.0,24000.0,2,30000.0,2,1
4234.5,216000.0,2,270000.0,2,0
4236.0,24000.0,2,30000.0,2,1
4237.5,160000.0,2,200000.0,2,1
4239.0,32000.0,2,40000.0,2,1
4240.5,288000.0,2,360000.0,2,0
4242.0,120000.0,2,150000.0,2,0
4243.5,64000.0,2,80000.0,2,1
4245.0,240000.0,2,300000.0,2,0
4246.5,176000.0,1,220000.0,1,0
4248.0,88000.0,2,110000.0,2,0
4249.5,40000.0,1,50000.0,1,0
4251.0,40000.0,2,50000.0,2,0
4252.5,184000.0,2,230000.0,2,0
4254.0,40000.0,1,50000.0,1,1
4255.5,192000.0,2,240000.0,2,0
4257.0,104000.0,2,130000.0,2,0
4258.5,128000.0,2,160000.0,2,0
4260.0,168000.0,2,210000.0,2,0
4261.5,168000.0,2,210000.0,2,0
4263.0,264000.0,1,330000.0,1,0
4264.5,88000.0,2,110000.0,2,0
4266.0,96000.0,2,120000.0,2,0
4267.5,80000.0,2,100000.0,2,0
4269.0,168000.0,2,210000.0,2,0
4270.5,280000.0,2,350000.0,2,0
4272.0,144000.0,2,180000.0,2,0
4273.5,120000.0,2,150000.0,2,0
4275.0,40000.0,1,50000.0,1,0
4276.5,184000.0,2,230000.0,2,0
4278.0,24000.0,2,30000.0,2,1
4279.5,72000.0,2,90000.0,2,1
4281.0,312000.0,2,390000.0,2,0
4282.5,40000.0,2,50000.0,2,1
4284.0,256000.0,1,320000.0,1,0
4285.5,16000.0,1,20000.0,1,0
4287.0,160000.0,2,200000.0,2,0
4288.5,400000.0,1,500000.0,1,1
4290.0,152000.0,2,190000.0,2,0
4291.5,56000.0,2,70000.0,2,1
4293.0,176000.0,2,220000.0,2,1
4294.5,40000.0,1,50000.0,1,0
4296.0,40000.0,1,50000.0,1,0
4297.5,40000.0,2,50000.0,2,0
4299.0,56000.0,1,70000.0,1,0
4300.5,64000.0,2,80000.0,2,0
4302.0,40000.0,1,50000.0,1,0
4303.5,120000.0,2,150000.0,2,0
4305.0,240000.0,2,300000.0,2,0
4306.5,40000.0,2,50000.0,2,0
4308.0,136000.0,2,170000.0,2,0
4309.5,280000.0,1,350000.0,1,0
4311.0,376000.0,2,470000.0,2,0
4312.5,16000.0,1,20000.0,1,0
4314.0,112000.0,2,140000.0,2,0
4315.5,48000.0,2,60000.0,2,0
4317.0,128000.0,2,160000.0,2,0
4318.5,120000.0,2,150000.0,2,0
4320.0,16000.0,2,20000.0,2,0
4321.5,168000.0,1,210000.0,1,0
4323.0,40000.0,1,50000.0,1,0
4324.5,168000.0,2,210000.0,2,0
4326.0,224000.0,1,280000.0,1,0
4327.5,240000.0,1,300000.0,1,0
4329.0,184000.0,2,230000.0,2,0
4330.5,200000.0,1,250000.0,1,0
4332.0,400000.0,2,500000.0,2,0
4333.5,40000.0,2,50000.0,2,0
4335.0,40000.0,1,50000.0,1,0
4336.5,120000.0,2,150000.0,2,0
4338.0,144000.0,2,180000.0,2,0
4339.5,360000.0,1,450000.0,1,0
4341.0,56000.0,2,70000.0,2,0
4342.5,88000.0,1,110000.0,1,0
4344.0,160000.0,1,200000.0,1,1
4345.5,168000.0,2,210000.0,2,0
4347.0,256000.0,1,320000.0,1,0
4348.5,16000.0,1,20000.0,1,1
4350.0,104000.0,2,130000.0,2,0
4351.5,16000.0,1,20000.0,1,0
4353.0,168000.0,1,210000.0,1,0
4354.5,24000.0,2,30000.0,2,1
4356.0,48000.0,2,60000.0,2,1
4357.5,88000.0,1,110000.0,1,0
4359.0,104000.0,1,130000.0,1,0
4360.5,400000.0,2,500000.0,2,0
4362.0,400000.0,1,500000.0,1,1
4363.5,80000.0,1,100000.0,1,1
4365.0,176000.0,1,220000.0,1,0
4366.5,40000.0,1,50000.0,1,0
4368.0,400000.0,1,500000.0,1,0
4369.5,40000.0,2,50000.0,2,1
4371.0,160000.0,2,200000.0,2,0
4372.5,256000.0,2,320000.0,2,0
4374.0,360000.0,1,450000.0,1,0
4375.5,16000.0,1,20000.0,1,0
4377.0,248000.0,2,310000.0,2,0
4378.5,96000.0,2,120000.0,2,1
4380.0,160000.0,2,200000.0,2,0
4381.5,40000.0,1,50000.0,1,0
4383.0,104000.0,1,130000.0,1,0
4384.5,40000.0,2,50000.0,2,0
4386.0,104000.0,1,130000.0,1,1
4387.5,40000.0,2,50000.0,2,0
4389.0,24000.0,1,30000.0,1,0
4390.5,24000.0,2,30000.0,2,1
4392.0,128000.0,1,160000.0,1,1
4393.5,40000.0,1,50000.0,1,0
4395.0,64000.0,2,80000.0,2,0
4396.5,48000.0,2,60000.0,2,0
4398.0,184000.0,2,230000.0,2,0
4399.5,312000.0,2,390000.0,2,0
4401.0,88000.0,2,110000.0,2,0
4402.5,40000.0,1,50000.0,1,0
4404.0,16000.0,2,20000.0,2,1
4405.5,80000.0,1,100000.0,1,0
4407.0,56000.0,2,70000.0,2,0
4408.5,120000.0,1,150000.0,1,0
4410.0,312000.0,1,390000.0,1,0
4411.5,40000.0,1,50000.0,1,0
4413.0,72000.0,1,90000.0,1,0
4414.5,232000.0,2,290000.0,2,1
4416.0,16000.0,1,20000.0,1,0
4417.5,72000.0,2,90000.0,2,1
4419.0,208000.0,1,260000.0,1,0
4420.5,72000.0,2,90000.0,2,0
4422.0,80000.0,2,100000.0,2,1
4423.5,120000.0,2,150000.0,2,0
4425.0,48000.0,2,60000.0,2,0
4426.5,64000.0,1,80000.0,1,0
4428.0,64000.0,2,80000.0,2,0
4429.5,24000.0,2,30000.0,2,0
4431.0,16000.0,1,20000.0,1,0
4432.5,40000.0,1,50000.0,1,0
4434.0,200000.0,2,250000.0,2,0
4435.5,40000.0,2,50000.0,2,1
4437.0,96000.0,2,120000.0,2,0
4438.5,16000.0,2,20000.0,2,0
4440.0,224000.0,2,280000.0,2,0
4441.5,40000.0,2,50000.0,2,0
4443.0,288000.0,1,360000.0,1,0
4444.5,80000.0,1,100000.0,1,1
4446.0,112000.0,2,140000.0,2,0
4447.5,136000.0,2,170000.0,2,0
4449.0,40000.0,2,50000.0,2,0
4450.5,40000.0,1,50000.0,1,0
4452.0,96000.0,1,120000.0,1,1
4453.5,136000.0,2,170000.0,2,0
4455.0,304000.0,1,380000.0,1,0
4456.5,320000.0,2,400000.0,2,0
4458.0,40000.0,2,50000.0,2,0
4459.5,352000.0,2,440000.0,2,0
4461.0,24000.0,2,30000.0,2,0
4462.5,376000.0,1,470000.0,1,0
4464.0,144000.0,2,180000.0,2,0
4465.5,88000.0,1,110000.0,1,1
4467.0,240000.0,1,300000.0,1,0
4468.5,96000.0,2,120000.0,2,0
4470.0,176000.0,1,220000.0,1,0
4471.5,40000.0,1,50000.0,1,0
4473.0,80000.0,1,100000.0,1,0
4474.5,136000.0,2,170000.0,2,0
4476.0,288000.0,2,360000.0,2,0
4477.5,144000.0,2,180000.0,2,0
4479.0,96000.0,1,120000.0,1,0
4480.5,168000.0,1,210000.0,1,0
4482.0,48000.0,1,60000.0,1,1
4483.5,104000.0,1,130000.0,1,0
4485.0,40000.0,2,50000.0,2,0
4486.5,40000.0,2,50000.0,2,1
4488.0,80000.0,2,100000.0,2,1
4489.5,120000.0,2,150000.0,2,0
4491.0,192000.0,1,240000.0,1,1
4492.5,96000.0,1,120000.0,1,0
4494.0,64000.0,2,80000.0,2,1
4495.5,168000.0,2,210000.0,2,1
4497.0,64000.0,2,80000.0,2,0
4498.5,40000.0,2,50000.0,2,1
4500.0,40000.0,2,50000.0,2,0
4501.5,264000.0,2,330000.0,2,0
4503.0,184000.0,1,230000.0,1,0
4504.5,24000.0,1,30000.0,1,1
4506.0,40000.0,1,50000.0,1,1
4507.5,176000.0,1,220000.0,1,0
4509.0,216000.0,2,270000.0,2,0
4510.5,128000.0,1,160000.0,1,0
4512.0,8000.0,2,10000.0,2,0
4513.5,16000.0,1,20000.0,1,0
4515.0,24000.0,1,30000.0,1,1
4516.5,168000.0,2,210000.0,2,0
4518.0,200000.0,2,250000.0,2,0
4519.5,40000.0,1,50000.0,1,0
4521.0,144000.0,2,180000.0,2,0
4522.5,160000.0,1,200000.0,1,0
4524.0,280000.0,1,350000.0,1,1
4525.5,16000.0,1,20000.0,1,0
4527.0,24000.0,1,30000.0,1,1
4528.5,16000.0,1,20000.0,1,0
4530.0,112000.0,2,140000.0,2,1
4531.5,24000.0,1,30000.0,1,1
4533.0,144000.0,2,180000.0,2,0
4534.5,16000.0,2,20000.0,2,0
4536.0,80000.0,2,100000.0,2,1
4537.5,80000.0,2,100000.0,2,1
4539.0,16000.0,1,20000.0,1,0
4540.5,280000.0,1,350000.0,1,1
4542.0,64000.0,2,80000.0,2,0
4543.5,96000.0,2,120000.0,2,0
4545.0,168000.0,2,210000.0,2,0
4546.5,96000.0,1,120000.0,1,0
4548.0,16000.0,1,20000.0,1,0
4549.5,160000.0,1,200000.0,1,0
4551.0,40000.0,2,50000.0,2,0
4552.5,136000.0,1,170000.0,1,0
4554.0,360000.0,1,450000.0,1,0
4555.5,240000.0,1,300000.0,1,0
4557.0,240000.0,1,300000.0,1,0
4558.5,224000.0,1,280000.0,1,0
4560.0,136000.0,1,170000.0,1,0
4561.5,48000.0,1,60000.0,1,1
4563.0,40000.0,1,50000.0,1,0
4564.5,304000.0,1,380000.0,1,0
4566.0,56000.0,2,70000.0,2,1
4567.5,344000.0,1,430000.0,1,0
4569.0,144000.0,1,180000.0,1,0
4570.5,264000.0,2,330000.0,2,0
4572.0,200000.0,2,250000.0,2,0
4573.5,384000.0,2,480000.0,2,0
4575.0,168000.0,1,210000.0,1,0
4576.5,128000.0,1,160000.0,1,0
4578.0,312000.0,1,390000.0,1,0
4579.5,224000.0,1,280000.0,1,0
4581.0,40000.0,1,50000.0,1,0
4582.5,280000.0,1,350000.0,1,1
4584.0,184000.0,2,230000.0,2,0
4585.5,160000.0,1,200000.0,1,0
4587.0,24000.0,1,30000.0,1,0
4588.5,40000.0,1,50000.0,1,0
4590.0,144000.0,1,180000.0,1,0
4591.5,120000.0,2,150000.0,2,1
4593.0,56000.0,1,70000.0,1,0
4594.5,120000.0,1,150000.0,1,0
4596.0,40000.0,1,50000.0,1,0
4597.5,344000.0,2,430000.0,2,0
4599.0,56000.0,1,70000.0,1,1
4600.5,16000.0,1,20000.0,1,0
4602.0,248000.0,2,310000.0,2,1
4603.5,128000.0,2,160000.0,2,0
4605.0,24000.0,1,30000.0,1,0
4606.5,384000.0,2,480000.0,2,0
4608.0,144000.0,2,180000.0,2,1
4609.5,168000.0,1,210000.0,1,0
4611.0,288000.0,1,360000.0,1,1
4612.5,144000.0,1,180000.0,1,0
4614.0,160000.0,2,200000.0,2,0
4615.5,40000.0,1,50000.0,1,1
4617.0,192000.0,1,240000.0,1,1
4618.5,144000.0,2,180000.0,2,0
4620.0,64000.0,2,80000.0,2,0
4621.5,40000.0,2,50000.0,2,0
4623.0,224000.0,2,280000.0,2,0
4624.5,56000.0,2,70000.0,2,0
4626.0,320000.0,1,400000.0,1,0
4627.5,168000.0,2,210000.0,2,0
4629.0,64000.0,1,80000.0,1,0
4630.5,24000.0,2,30000.0,2,0
4632.0,248000.0,1,310000.0,1,0
4633.5,288000.0,2,360000.0,2,0
4635.0,160000.0,1,200000.0,1,0
4636.5,40000.0,1,50000.0,1,0
4638.0,256000.0,2,320000.0,2,0
4639.5,48000.0,1,60000.0,1,0
4641.0,184000.0,2,230000.0,2,0
4642.5,120000.0,2,150000.0,2,1
4644.0,288000.0,2,360000.0,2,0
4645.5,40000.0,1,50000.0,1,0
4647.0,224000.0,2,280000.0,2,0
4648.5,40000.0,2,50000.0,2,0
4650.0,400000.0,1,500000.0,1,0
4651.5,320000.0,2,400000.0,2,1
4653.0,224000.0,1,280000.0,1,0
4654.5,288000.0,2,360000.0,2,0
4656.0,208000.0,2,260000.0,2,1
4657.5,264000.0,1,330000.0,1,0
4659.0,280000.0,2,350000.0,2,0
4660.5,400000.0,2,500000.0,2,0
4662.0,352000.0,2,440000.0,2,0
4663.5,208000.0,1,260000.0,1,0
4665.0,400000.0,1,500000.0,1,0
4666.5,80000.0,1,100000.0,1,0
4668.0,56000.0,1,70000.0,1,0
4669.5,352000.0,1,440000.0,1,0
4671.0,176000.0,2,220000.0,2,0
4672.5,128000.0,2,160000.0,2,0
4674.0,160000.0,1,200000.0,1,0
4675.5,24000.0,2,30000.0,2,0
4677.0,88000.0,2,110000.0,2,0
4678.5,48000.0,2,60000.0,2,0
4680.0,208000.0,1,260000.0,1,0
4681.5,88000.0,1,110000.0,1,0
4683.0,208000.0,1,260000.0,1,0
4684.5,224000.0,2,280000.0,2,0
4686.0,168000.0,1,210000.0,1,0
4687.5,64000.0,2,80000.0,2,0
4689.0,160000.0,2,200000.0,2,0
4690.5,80000.0,2,100000.0,2,0
4692.0,168000.0,1,210000.0,1,0
4693.5,112000.0,2,140000.0,2,0
4695.0,144000.0,1,180000.0,1,0
4696.5,192000.0,2,240000.0,2,0
4698.0,120000.0,2,150000.0,2,0
4699.5,64000.0,1,80000.0,1,1
4701.0,168000.0,2,210000.0,2,1
4702.5,144000.0,2,180000.0,2,0
4704.0,80000.0,2,100000.0,2,0
4705.5,16000.0,1,20000.0,1,0
4707.0,112000.0,1,140000.0,1,0
4708.5,160000.0,1,200000.0,1,0
4710.0,64000.0,1,80000.0,1,0
4711.5,16000.0,2,20000.0,2,1
4713.0,64000.0,2,80000.0,2,0
4714.5,136000.0,2,170000.0,2,0
4716.0,56000.0,2,70000.0,2,1
4717.5,72000.0,2,90000.0,2,0
4719.0,24000.0,1,30000.0,1,0
4720.5,40000.0,1,50000.0,1,0
4722.0,40000.0,2,50000.0,2,1
4723.5,208000.0,2,260000.0,2,0
4725.0,288000.0,2,360000.0,2,0
4726.5,400000.0,2,500000.0,2,1
4728.0,128000.0,1,160000.0,1,0
4729.5,368000.0,2,460000.0,2,0
4731.0,16000.0,2,20000.0,2,1
4732.5,288000.0,1,360000.0,1,0
4734.0,240000.0,2,300000.0,2,0
4735.5,56000.0,2,70000.0,2,1
4737.0,40000.0,2,50000.0,2,0
4738.5,120000.0,2,150000.0,2,0
4740.0,312000.0,1,390000.0,1,0
4741.5,224000.0,1,280000.0,1,0
4743.0,40000.0,2,50000.0,2,0
4744.5,224000.0,2,280000.0,2,1
4746.0,40000.0,2,50000.0,2,0
4747.5,40000.0,1,50000.0,1,0
4749.0,120000.0,2,150000.0,2,0
4750.5,96000.0,2,120000.0,2,1
4752.0,288000.0,2,360000.0,2,0
4753.5,16000.0,1,20000.0,1,0
4755.0,40000.0,2,50000.0,2,0
4756.5,16000.0,2,20000.0,2,1
4758.0,72000.0,1,90000.0,1,1
4759.5,184000.0,1,230000.0,1,0
4761.0,16000.0,1,20000.0,1,0
4762.5,80000.0,2,100000.0,2,0
4764.0,216000.0,1,270000.0,1,0
4765.5,128000.0,1,160000.0,1,0
4767.0,64000.0,2,80000.0,2,0
4768.5,8000.0,1,10000.0,1,1
4770.0,400000.0,2,500000.0,2,0
4771.5,72000.0,2,90000.0,2,0
4773.0,120000.0,2,150000.0,2,0
4774.5,40000.0,1,50000.0,1,0
4776.0,208000.0,1,260000.0,1,0
4777.5,40000.0,2,50000.0,2,0
4779.0,24000.0,1,30000.0,1,1
4780.5,56000.0,1,70000.0,1,0
4782.0,288000.0,1,360000.0,1,1
4783.5,344000.0,2,430000.0,2,0
4785.0,40000.0,2,50000.0,2,0
4786.5,120000.0,2,150000.0,2,0
4788.0,56000.0,2,70000.0,2,1
4789.5,120000.0,2,150000.0,2,0
4791.0,88000.0,1,110000.0,1,0
4792.5,16000.0,2,20000.0,2,1
4794.0,16000.0,1,20000.0,1,0
4795.5,40000.0,1,50000.0,1,0
4797.0,8000.0,1,10000.0,1,0
4798.5,16000.0,1,20000.0,1,0
4800.0,144000.0,1,180000.0,1,1
4801.5,48000.0,2,60000.0,2,1
4803.0,16000.0,1,20000.0,1,1
4804.5,56000.0,2,70000.0,2,0
4806.0,48000.0,2,60000.0,2,0
4807.5,160000.0,1,200000.0,1,0
4809.0,160000.0,1,200000.0,1,1
4810.5,240000.0,2,300000.0,2,0
4812.0,312000.0,1,390000.0,1,0
4813.5,64000.0,2,80000.0,2,0
4815.0,80000.0,2,100000.0,2,0
4816.5,184000.0,1,230000.0,1,0
4818.0,32000.0,2,40000.0,2,0
4819.5,144000.0,2,180000.0,2,0
4821.0,336000.0,1,420000.0,1,0
4822.5,16000.0,1,20000.0,1,0
4824.0,272000.0,2,340000.0,2,0
4825.5,16000.0,2,20000.0,2,1
4827.0,256000.0,1,320000.0,1,0
4828.5,288000.0,1,360000.0,1,0
4830.0,80000.0,2,100000.0,2,0
4831.5,248000.0,2,310000.0,2,0
4833.0,112000.0,2,140000.0,2,0
4834.5,160000.0,1,200000.0,1,0
4836.0,24000.0,2,30000.0,2,1
4837.5,104000.0,2,130000.0,2,0
4839.0,16000.0,2,20000.0,2,0
4840.5,96000.0,2,120000.0,2,0
4842.0,152000.0,2,190000.0,2,0
4843.5,40000.0,2,50000.0,2,0
4845.0,104000.0,2,130000.0,2,0
4846.5,176000.0,2,220000.0,2,1
4848.0,160000.0,2,200000.0,2,0
4849.5,40000.0,2,50000.0,2,0
4851.0,24000.0,2,30000.0,2,0
4852.5,160000.0,2,200000.0,2,0
4854.0,320000.0,2,400000.0,2,1
4855.5,96000.0,2,120000.0,2,0
4857.0,48000.0,2,60000.0,2,0
4858.5,120000.0,2,150000.0,2,0
4860.0,192000.0,2,240000.0,2,0
4861.5,104000.0,1,130000.0,1,0
4863.0,160000.0,1,200000.0,1,1
4864.5,192000.0,2,240000.0,2,1
4866.0,24000.0,2,30000.0,2,1
4867.5,40000.0,2,50000.0,2,0
4869.0,24000.0,1,30000.0,1,0
4870.5,248000.0,1,310000.0,1,0
4872.0,96000.0,2,120000.0,2,1
4873.5,232000.0,2,290000.0,2,0
4875.0,40000.0,1,50000.0,1,0
4876.5,104000.0,2,130000.0,2,0
4878.0,40000.0,1,50000.0,1,0
4879.5,168000.0,2,210000.0,2,0
4881.0,40000.0,1,50000.0,1,1
4882.5,8000.0,2,10000.0,2,0
4884.0,8000.0,1,10000.0,1,0
4885.5,64000.0,2,80000.0,2,1
4887.0,288000.0,1,360000.0,1,1
4888.5,424000.0,1,530000.0,1,0
4890.0,16000.0,1,20000.0,1,0
4891.5,136000.0,1,170000.0,1,0
4893.0,176000.0,2,220000.0,2,0
4894.5,144000.0,1,180000.0,1,0
4896.0,352000.0,2,440000.0,2,0
4897.5,16000.0,1,20000.0,1,1
4899.0,320000.0,2,400000.0,2,1
4900.5,104000.0,1,130000.0,1,0
4902.0,336000.0,1,420000.0,1,0
4903.5,64000.0,2,80000.0,2,0
4905.0,16000.0,2,20000.0,2,0
4906.5,256000.0,2,320000.0,2,1
4908.0,128000.0,1,160000.0,1,0
4909.5,40000.0,2,50000.0,2,0
4911.0,40000.0,1,50000.0,1,0
4912.5,56000.0,2,70000.0,2,0
4914.0,16000.0,1,20000.0,1,1
4915.5,128000.0,2,160000.0,2,0
4917.0,104000.0,2,130000.0,2,1
4918.5,16000.0,2,20000.0,2,0
4920.0,136000.0,2,170000.0,2,0
4921.5,240000.0,2,300000.0,2,0
4923.0,128000.0,2,160000.0,2,0
4924.5,88000.0,2,110000.0,2,0
4926.0,184000.0,2,230000.0,2,0
4927.5,48000.0,2,60000.0,2,0
4929.0,224000.0,1,280000.0,1,0
4930.5,144000.0,2,180000.0,2,0
4932.0,24000.0,2,30000.0,2,1
4933.5,40000.0,2,50000.0,2,0
4935.0,216000.0,2,270000.0,2,0
4936.5,64000.0,2,80000.0,2,1
4938.0,96000.0,1,120000.0,1,1
4939.5,96000.0,1,120000.0,1,0
4941.0,24000.0,1,30000.0,1,0
4942.5,304000.0,1,380000.0,1,0
4944.0,64000.0,2,80000.0,2,1
4945.5,16000.0,2,20000.0,2,0
4947.0,128000.0,1,160000.0,1,0
4948.5,184000.0,2,230000.0,2,1
4950.0,296000.0,1,370000.0,1,1
4951.5,24000.0,2,30000.0,2,0
4953.0,16000.0,2,20000.0,2,0
4954.5,16000.0,1,20000.0,1,1
4956.0,376000.0,1,470000.0,1,0
4957.5,176000.0,2,220000.0,2,1
4959.0,64000.0,1,80000.0,1,0
4960.5,144000.0,2,180000.0,2,0
4962.0,80000.0,2,100000.0,2,0
4963.5,8000.0,2,10000.0,2,0
4965.0,224000.0,2,280000.0,2,0
4966.5,88000.0,2,110000.0,2,1
4968.0,168000.0,2,210000.0,2,0
4969.5,160000.0,2,200000.0,2,0
4971.0,208000.0,1,260000.0,1,0
4972.5,480000.0,1,600000.0,1,0
4974.0,264000.0,1,330000.0,1,0
4975.5,400000.0,2,500000.0,2,0
4977.0,160000.0,1,200000.0,1,0
4978.5,160000.0,1,200000.0,1,1
4980.0,168000.0,2,210000.0,2,0
4981.5,400000.0,2,500000.0,2,0
4983.0,8000.0,2,10000.0,2,0
4984.5,128000.0,2,160000.0,2,0
4986.0,40000.0,2,50000.0,2,0
4987.5,104000.0,1,130000.0,1,0
4989.0,112000.0,2,140000.0,2,1
4990.5,64000.0,2,80000.0,2,0
4992.0,400000.0,2,500000.0,2,1
4993.5,400000.0,2,500000.0,2,0
4995.0,256000.0,2,320000.0,2,0
4996.5,40000.0,1,50000.0,1,0
4998.0,96000.0,2,120000.0,2,0
4999.5,400000.0,1,500000.0,1,1
5001.0,232000.0,2,290000.0,2,0
5002.5,224000.0,1,280000.0,1,0
5004.0,24000.0,2,30000.0,2,1
5005.5,64000.0,1,80000.0,1,1
5007.0,40000.0,1,50000.0,1,0
5008.5,8000.0,1,10000.0,1,0
5010.0,440000.0,1,550000.0,1,1
5011.5,48000.0,1,60000.0,1,0
5013.0,112000.0,2,140000.0,2,0
5014.5,40000.0,2,50000.0,2,0
5016.0,240000.0,2,300000.0,2,1
5017.5,24000.0,2,30000.0,2,1
5019.0,40000.0,2,50000.0,2,1
5020.5,200000.0,2,250000.0,2,1
5022.0,48000.0,1,60000.0,1,0
5023.5,64000.0,1,80000.0,1,0
5025.0,384000.0,1,480000.0,1,0
5026.5,24000.0,1,30000.0,1,1
5028.0,8000.0,2,10000.0,2,0
5029.5,328000.0,2,410000.0,2,0
5031.0,80000.0,1,100000.0,1,0
5032.5,160000.0,1,200000.0,1,0
5034.0,304000.0,2,380000.0,2,0
5035.5,80000.0,1,100000.0,1,0
5037.0,40000.0,2,50000.0,2,1
5038.5,104000.0,2,130000.0,2,1
5040.0,96000.0,1,120000.0,1,0
5041.5,120000.0,2,150000.0,2,0
5043.0,248000.0,2,310000.0,2,0
5044.5,88000.0,2,110000.0,2,0
5046.0,336000.0,1,420000.0,1,1
5047.5,112000.0,1,140000.0,1,1
5049.0,400000.0,2,500000.0,2,1
5050.5,208000.0,2,260000.0,2,0
5052.0,72000.0,2,90000.0,2,1
5053.5,72000.0,2,90000.0,2,0
5055.0,16000.0,1,20000.0,1,0
5056.5,24000.0,1,30000.0,1,1
5058.0,112000.0,2,140000.0,2,0
5059.5,272000.0,2,340000.0,2,0
5061.0,96000.0,2,120000.0,2,0
5062.5,336000.0,1,420000.0,1,0
5064.0,80000.0,1,100000.0,1,0
5065.5,280000.0,2,350000.0,2,0
5067.0,40000.0,1,50000.0,1,0
5068.5,24000.0,2,30000.0,2,0
5070.0,288000.0,2,360000.0,2,0
5071.5,16000.0,2,20000.0,2,0
5073.0,320000.0,2,400000.0,2,0
5074.5,136000.0,1,170000.0,1,0
5076.0,88000.0,2,110000.0,2,1
5077.5,160000.0,2,200000.0,2,1
5079.0,160000.0,2,200000.0,2,0
5080.5,288000.0,1,360000.0,1,0
5082.0,400000.0,1,500000.0,1,0
5083.5,16000.0,1,20000.0,1,0
5085.0,216000.0,1,270000.0,1,0
5086.5,16000.0,1,20000.0,1,1
5088.0,280000.0,2,350000.0,2,0
5089.5,120000.0,2,150000.0,2,0
5091.0,208000.0,2,260000.0,2,0
5092.5,72000.0,1,90000.0,1,0
5094.0,248000.0,2,310000.0,2,0
5095.5,168000.0,2,210000.0,2,0
5097.0,32000.0,2,40000.0,2,1
5098.5,64000.0,2,80000.0,2,0
5100.0,40000.0,1,50000.0,1,1
5101.5,296000.0,2,370000.0,2,0
5103.0,104000.0,1,130000.0,1,0
5104.5,568000.0,2,710000.0,2,1
5106.0,144000.0,2,180000.0,2,0
5107.5,64000.0,2,80000.0,2,0
5109.0,448000.0,2,560000.0,2,0
5110.5,136000.0,2,170000.0,2,0
5112.0,24000.0,2,30000.0,2,0
5113.5,344000.0,2,430000.0,2,0
5115.0,400000.0,2,500000.0,2,0
5116.5,8000.0,1,10000.0,1,1
5118.0,104000.0,2,130000.0,2,0
5119.5,128000.0,2,160000.0,2,0
5121.0,120000.0,1,150000.0,1,1
5122.5,272000.0,2,340000.0,2,0
5124.0,160000.0,2,200000.0,2,0
5125.5,104000.0,1,130000.0,1,0
5127.0,256000.0,2,320000.0,2,0
5128.5,40000.0,1,50000.0,1,0
5130.0,288000.0,1,360000.0,1,0
5131.5,336000.0,2,420000.0,2,0
5133.0,88000.0,1,110000.0,1,0
5134.5,64000.0,1,80000.0,1,0
5136.0,48000.0,2,60000.0,2,1
5137.5,48000.0,1,60000.0,1,0
5139.0,168000.0,1,210000.0,1,0
5140.5,288000.0,2,360000.0,2,0
5142.0,16000.0,1,20000.0,1,0
5143.5,120000.0,2,150000.0,2,0
5145.0,248000.0,1,310000.0,1,0
5146.5,192000.0,2,240000.0,2,1
5148.0,128000.0,2,160000.0,2,0
5149.5,192000.0,2,240000.0,2,0
5151.0,16000.0,1,20000.0,1,0
5152.5,152000.0,1,190000.0,1,1
5154.0,224000.0,2,280000.0,2,0
5155.5,64000.0,1,80000.0,1,0
5157.0,232000.0,2,290000.0,2,0
5158.5,160000.0,2,200000.0,2,0
5160.0,256000.0,1,320000.0,1,0
5161.5,280000.0,2,350000.0,2,0
5163.0,88000.0,1,110000.0,1,0
5164.5,240000.0,2,300000.0,2,1
5166.0,400000.0,2,500000.0,2,0
5167.5,96000.0,2,120000.0,2,0
5169.0,64000.0,2,80000.0,2,0
5170.5,160000.0,2,200000.0,2,1
5172.0,120000.0,2,150000.0,2,1
5173.5,120000.0,2,150000.0,2,0
5175.0,168000.0,1,210000.0,1,0
5176.5,120000.0,1,150000.0,1,1
5178.0,40000.0,2,50000.0,2,0
5179.5,64000.0,1,80000.0,1,0
5181.0,40000.0,1,50000.0,1,0
5182.5,16000.0,2,20000.0,2,0
5184.0,40000.0,1,50000.0,1,0
5185.5,40000.0,1,50000.0,1,0
5187.0,224000.0,1,280000.0,1,1
5188.5,184000.0,1,230000.0,1,0
5190.0,184000.0,1,230000.0,1,1
5191.5,64000.0,2,80000.0,2,0
5193.0,48000.0,2,60000.0,2,0
5194.5,160000.0,1,200000.0,1,0
5196.0,24000.0,2,30000.0,2,0
5197.5,272000.0,2,340000.0,2,0
5199.0,200000.0,2,250000.0,2,0
5200.5,160000.0,1,200000.0,1,0
5202.0,120000.0,1,150000.0,1,0
5203.5,80000.0,2,100000.0,2,0
5205.0,176000.0,2,220000.0,2,0
5206.5,112000.0,1,140000.0,1,1
5208.0,32000.0,1,40000.0,1,1
5209.5,160000.0,2,200000.0,2,0
5211.0,416000.0,2,520000.0,2,0
5212.5,24000.0,2,30000.0,2,0
5214.0,16000.0,1,20000.0,1,0
5215.5,40000.0,1,50000.0,1,1
5217.0,240000.0,2,300000.0,2,0
5218.5,400000.0,2,500000.0,2,0
5220.0,392000.0,2,490000.0,2,0
5221.5,160000.0,1,200000.0,1,0
5223.0,32000.0,2,40000.0,2,1
5224.5,120000.0,2,150000.0,2,0
5226.0,40000.0,1,50000.0,1,1
5227.5,80000.0,1,100000.0,1,0
5229.0,40000.0,2,50000.0,2,1
5230.5,104000.0,2,130000.0,2,0
5232.0,56000.0,2,70000.0,2,0
5233.5,24000.0,2,30000.0,2,0
5235.0,40000.0,1,50000.0,1,0
5236.5,64000.0,1,80000.0,1,1
5238.0,176000.0,2,220000.0,2,0
5239.5,160000.0,1,200000.0,1,0
5241.0,96000.0,2,120000.0,2,0
5242.5,80000.0,2,100000.0,2,0
5244.0,80000.0,2,100000.0,2,0
5245.5,40000.0,2,50000.0,2,0
5247.0,192000.0,1,240000.0,1,0
5248.5,48000.0,1,60000.0,1,0
5250.0,208000.0,2,260000.0,2,1
5251.5,24000.0,2,30000.0,2,1
5253.0,352000.0,2,440000.0,2,0
5254.5,288000.0,2,360000.0,2,0
5256.0,40000.0,2,50000.0,2,1
5257.5,216000.0,1,270000.0,1,0
5259.0,120000.0,2,150000.0,2,0
5260.5,160000.0,1,200000.0,1,0
5262.0,40000.0,2,50000.0,2,0
5263.5,168000.0,2,210000.0,2,0
5265.0,40000.0,2,50000.0,2,1
5266.5,40000.0,1,50000.0,1,0
5268.0,352000.0,1,440000.0,1,0
5269.5,48000.0,2,60000.0,2,1
5271.0,56000.0,2,70000.0,2,0
5272.5,232000.0,2,290000.0,2,0
5274.0,112000.0,1,140000.0,1,0
5275.5,248000.0,2,310000.0,2,0
5277.0,360000.0,2,450000.0,2,0
5278.5,288000.0,1,360000.0,1,0
5280.0,440000.0,2,550000.0,2,0
5281.5,144000.0,1,180000.0,1,0
5283.0,112000.0,1,140000.0,1,0
5284.5,40000.0,1,50000.0,1,0
5286.0,160000.0,2,200000.0,2,0
5287.5,48000.0,1,60000.0,1,0
5289.0,112000.0,1,140000.0,1,0
5290.5,56000.0,1,70000.0,1,0
5292.0,16000.0,2,20000.0,2,0
5293.5,80000.0,2,100000.0,2,0
5295.0,288000.0,1,360000.0,1,0
5296.5,80000.0,2,100000.0,2,0
5298.0,128000.0,2,160000.0,2,0
5299.5,128000.0,2,160000.0,2,0
5301.0,104000.0,1,130000.0,1,1
5302.5,80000.0,2,100000.0,2,0
5304.0,72000.0,1,90000.0,1,1
5305.5,64000.0,1,80000.0,1,0
5307.0,176000.0,2,220000.0,2,1
5308.5,208000.0,2,260000.0,2,1
5310.0,24000.0,1,30000.0,1,1
5311.5,80000.0,2,100000.0,2,1
5313.0,64000.0,1,80000.0,1,0
5314.5,16000.0,2,20000.0,2,0
5316.0,112000.0,1,140000.0,1,0
5317.5,24000.0,2,30000.0,2,1
5319.0,72000.0,1,90000.0,1,0
5320.5,120000.0,2,150000.0,2,0
5322.0,200000.0,1,250000.0,1,0
5323.5,16000.0,2,20000.0,2,1
5325.0,40000.0,1,50000.0,1,0
5326.5,80000.0,1,100000.0,1,1
5328.0,400000.0,1,500000.0,1,0
5329.5,40000.0,2,50000.0,2,0
5331.0,32000.0,2,40000.0,2,0
5332.5,64000.0,2,80000.0,2,0
5334.0,80000.0,1,100000.0,1,0
5335.5,144000.0,1,180000.0,1,0
5337.0,72000.0,2,90000.0,2,0
5338.5,8000.0,2,10000.0,2,0
5340.0,160000.0,2,200000.0,2,0
5341.5,64000.0,1,80000.0,1,1
5343.0,72000.0,1,90000.0,1,1
5344.5,64000.0,2,80000.0,2,1
5346.0,72000.0,2,90000.0,2,1
5347.5,64000.0,2,80000.0,2,0
5349.0,112000.0,1,140000.0,1,1
5350.5,384000.0,1,480000.0,1,0
5352.0,184000.0,1,230000.0,1,0
5353.5,56000.0,1,70000.0,1,1
5355.0,160000.0,2,200000.0,2,0
5356.5,144000.0,2,180000.0,2,0
5358.0,152000.0,1,190000.0,1,0
5359.5,16000.0,2,20000.0,2,0
5361.0,8000.0,1,10000.0,1,1
5362.5,64000.0,2,80000.0,2,0
5364.0,48000.0,1,60000.0,1,0
5365.5,400000.0,2,500000.0,2,0
5367.0,40000.0,1,50000.0,1,1
5368.5,288000.0,2,360000.0,2,0
5370.0,8000.0,2,10000.0,2,0
5371.5,240000.0,1,300000.0,1,1
5373.0,56000.0,1,70000.0,1,0
5374.5,200000.0,2,250000.0,2,0
5376.0,8000.0,1,10000.0,1,1
5377.5,112000.0,2,140000.0,2,0
5379.0,80000.0,2,100000.0,2,0
5380.5,88000.0,2,110000.0,2,0
5382.0,168000.0,1,210000.0,1,0
5383.5,168000.0,2,210000.0,2,0
5385.0,56000.0,2,70000.0,2,1
5386.5,16000.0,1,20000.0,1,0
5388.0,176000.0,1,220000.0,1,0
5389.5,16000.0,2,20000.0,2,1
5391.0,64000.0,1,80000.0,1,0
5392.5,400000.0,2,500000.0,2,1
5394.0,168000.0,1,210000.0,1,0
5395.5,64000.0,1,80000.0,1,1
5397.0,40000.0,2,50000.0,2,0
5398.5,192000.0,1,240000.0,1,0
5400.0,120000.0,2,150000.0,2,0
5401.5,168000.0,2,210000.0,2,0
5403.0,288000.0,2,360000.0,2,1
5404.5,184000.0,2,230000.0,2,0
5406.0,400000.0,1,500000.0,1,0
5407.5,120000.0,2,150000.0,2,0
5409.0,24000.0,2,30000.0,2,1
5410.5,376000.0,1,470000.0,1,0
5412.0,160000.0,1,200000.0,1,0
5413.5,376000.0,1,470000.0,1,0
5415.0,248000.0,1,310000.0,1,0
5416.5,168000.0,2,210000.0,2,0
5418.0,400000.0,2,500000.0,2,0
5419.5,64000.0,2,80000.0,2,0
5421.0,16000.0,1,20000.0,1,1
5422.5,120000.0,1,150000.0,1,0
5424.0,312000.0,1,390000.0,1,0
5425.5,8000.0,1,10000.0,1,0
5427.0,312000.0,2,390000.0,2,0
5428.5,168000.0,1,210000.0,1,1
5430.0,280000.0,2,350000.0,2,1
5431.5,120000.0,2,150000.0,2,0
5433.0,168000.0,2,210000.0,2,0
5434.5,80000.0,1,100000.0,1,0
5436.0,168000.0,1,210000.0,1,1
5437.5,232000.0,2,290000.0,2,0
5439.0,264000.0,1,330000.0,1,1
5440.5,40000.0,1,50000.0,1,0
5442.0,64000.0,1,80000.0,1,0
5443.5,272000.0,1,340000.0,1,0
5445.0,96000.0,1,120000.0,1,0
5446.5,24000.0,2,30000.0,2,0
5448.0,208000.0,2,260000.0,2,0
5449.5,40000.0,1,50000.0,1,0
5451.0,336000.0,2,420000.0,2,1
5452.5,104000.0,2,130000.0,2,0
5454.0,216000.0,2,270000.0,2,0
5455.5,40000.0,1,50000.0,1,0
5457.0,16000.0,1,20000.0,1,1
5458.5,112000.0,2,140000.0,2,0
5460.0,80000.0,2,100000.0,2,0
5461.5,40000.0,1,50000.0,1,0
5463.0,400000.0,1,500000.0,1,0
5464.5,64000.0,1,80000.0,1,0
5466.0,176000.0,2,220000.0,2,1
5467.5,24000.0,1,30000.0,1,0
5469.0,192000.0,1,240000.0,1,0
5470.5,176000.0,1,220000.0,1,0
5472.0,256000.0,1,320000.0,1,0
5473.5,184000.0,2,230000.0,2,0
5475.0,16000.0,1,20000.0,1,0
5476.5,224000.0,2,280000.0,2,0
5478.0,88000.0,1,110000.0,1,0
5479.5,144000.0,2,180000.0,2,0
5481.0,80000.0,1,100000.0,1,0
5482.5,64000.0,1,80000.0,1,0
5484.0,208000.0,2,260000.0,2,0
5485.5,88000.0,2,110000.0,2,0
5487.0,120000.0,2,150000.0,2,0
5488.5,144000.0,2,180000.0,2,0
5490.0,184000.0,2,230000.0,2,0
5491.5,400000.0,2,500000.0,2,0
5493.0,240000.0,1,300000.0,1,0
5494.5,144000.0,2,180000.0,2,0
5496.0,24000.0,2,30000.0,2,1
5497.5,88000.0,2,110000.0,2,0
5499.0,80000.0,2,100000.0,2,0
5500.5,312000.0,1,390000.0,1,0
5502.0,144000.0,2,180000.0,2,0
5503.5,240000.0,2,300000.0,2,0
5505.0,208000.0,2,260000.0,2,0
5506.5,288000.0,2,360000.0,2,0
5508.0,64000.0,2,80000.0,2,0
5509.5,80000.0,2,100000.0,2,1
5511.0,16000.0,1,20000.0,1,1
5512.5,168000.0,2,210000.0,2,0
5514.0,8000.0,2,10000.0,2,0
5515.5,120000.0,1,150000.0,1,0
5517.0,288000.0,1,360000.0,1,0
5518.5,64000.0,2,80000.0,2,0
5520.0,104000.0,2,130000.0,2,0
5521.5,24000.0,1,30000.0,1,0
5523.0,344000.0,2,430000.0,2,1
5524.5,16000.0,2,20000.0,2,0
5526.0,40000.0,1,50000.0,1,0
5527.5,112000.0,2,140000.0,2,0
5529.0,160000.0,1,200000.0,1,0
5530.5,64000.0,1,80000.0,1,0
5532.0,40000.0,2,50000.0,2,1
5533.5,224000.0,2,280000.0,2,0
5535.0,568000.0,1,710000.0,1,0
5536.5,144000.0,1,180000.0,1,0
5538.0,400000.0,1,500000.0,1,0
5539.5,288000.0,1,360000.0,1,1
5541.0,40000.0,1,50000.0,1,0
5542.5,64000.0,1,80000.0,1,1
5544.0,40000.0,2,50000.0,2,0
5545.5,40000.0,2,50000.0,2,0
5547.0,120000.0,1,150000.0,1,0
5548.5,288000.0,1,360000.0,1,1
5550.0,40000.0,2,50000.0,2,0
5551.5,40000.0,2,50000.0,2,0
5553.0,160000.0,2,200000.0,2,0
5554.5,64000.0,1,80000.0,1,0
5556.0,112000.0,2,140000.0,2,0
5557.5,16000.0,2,20000.0,2,1
5559.0,64000.0,2,80000.0,2,0
5560.5,88000.0,1,110000.0,1,0
5562.0,112000.0,2,140000.0,2,0
5563.5,240000.0,2,300000.0,2,0
5565.0,40000.0,2,50000.0,2,1
5566.5,144000.0,2,180000.0,2,0
5568.0,232000.0,2,290000.0,2,0
5569.5,48000.0,2,60000.0,2,0
5571.0,80000.0,2,100000.0,2,0
5572.5,24000.0,1,30000.0,1,0
5574.0,176000.0,2,220000.0,2,0
5575.5,184000.0,2,230000.0,2,0
5577.0,24000.0,2,30000.0,2,0
5578.5,16000.0,2,20000.0,2,0
5580.0,40000.0,1,50000.0,1,0
5581.5,64000.0,2,80000.0,2,1
5583.0,72000.0,1,90000.0,1,0
5584.5,64000.0,1,80000.0,1,0
5586.0,40000.0,2,50000.0,2,1
5587.5,40000.0,2,50000.0,2,0
5589.0,16000.0,1,20000.0,1,0
5590.5,200000.0,2,250000.0,2,0
5592.0,96000.0,2,120000.0,2,0
5593.5,88000.0,2,110000.0,2,1
5595.0,128000.0,1,160000.0,1,0
5596.5,64000.0,2,80000.0,2,0
5598.0,328000.0,1,410000.0,1,0
5599.5,80000.0,2,100000.0,2,0
5601.0,600000.0,2,750000.0,2,0
5602.5,24000.0,1,30000.0,1,0
5604.0,64000.0,1,80000.0,1,0
5605.5,344000.0,2,430000.0,2,0
5607.0,384000.0,1,480000.0,1,0
5608.5,288000.0,2,360000.0,2,1
5610.0,120000.0,2,150000.0,2,0
5611.5,104000.0,1,130000.0,1,0
5613.0,32000.0,1,40000.0,1,0
5614.5,224000.0,2,280000.0,2,1
5616.0,32000.0,1,40000.0,1,0
5617.5,96000.0,2,120000.0,2,0
5619.0,232000.0,1,290000.0,1,0
5620.5,200000.0,1,250000.0,1,0
5622.0,160000.0,1,200000.0,1,0
5623.5,64000.0,1,80000.0,1,0
5625.0,104000.0,2,130000.0,2,0
5626.5,232000.0,2,290000.0,2,1
5628.0,144000.0,2,180000.0,2,0
5629.5,288000.0,2,360000.0,2,0
5631.0,112000.0,2,140000.0,2,0
5632.5,280000.0,2,350000.0,2,0
5634.0,208000.0,1,260000.0,1,0
5635.5,32000.0,1,40000.0,1,0
5637.0,144000.0,2,180000.0,2,1
5638.5,64000.0,1,80000.0,1,1
5640.0,400000.0,2,500000.0,2,0
5641.5,64000.0,1,80000.0,1,0
5643.0,24000.0,1,30000.0,1,0
5644.5,176000.0,2,220000.0,2,0
5646.0,56000.0,2,70000.0,2,0
5647.5,408000.0,1,510000.0,1,0
5649.0,16000.0,2,20000.0,2,0
5650.5,80000.0,2,100000.0,2,1
5652.0,272000.0,2,340000.0,2,0
5653.5,144000.0,2,180000.0,2,0
5655.0,232000.0,2,290000.0,2,0
5656.5,64000.0,1,80000.0,1,0
5658.0,224000.0,1,280000.0,1,0
5659.5,144000.0,2,180000.0,2,0
5661.0,112000.0,2,140000.0,2,0
5662.5,400000.0,2,500000.0,2,0
5664.0,184000.0,1,230000.0,1,0
5665.5,200000.0,2,250000.0,2,1
5667.0,8000.0,1,10000.0,1,0
5668.5,184000.0,1,230000.0,1,0
5670.0,56000.0,1,70000.0,1,0
5671.5,112000.0,2,140000.0,2,0
5673.0,344000.0,2,430000.0,2,0
5674.5,96000.0,2,120000.0,2,1
5676.0,16000.0,2,20000.0,2,0
5677.5,24000.0,1,30000.0,1,0
5679.0,64000.0,1,80000.0,1,1
5680.5,320000.0,2,400000.0,2,0
5682.0,160000.0,2,200000.0,2,0
5683.5,24000.0,1,30000.0,1,0
5685.0,40000.0,2,50000.0,2,0
5686.5,200000.0,1,250000.0,1,1
5688.0,96000.0,1,120000.0,1,1
5689.5,64000.0,1,80000.0,1,0
5691.0,344000.0,2,430000.0,2,0
5692.5,96000.0,2,120000.0,2,0
5694.0,16000.0,2,20000.0,2,0
5695.5,16000.0,2,20000.0,2,0
5697.0,64000.0,1,80000.0,1,0
5698.5,16000.0,2,20000.0,2,0
5700.0,112000.0,2,140000.0,2,0
5701.5,8000.0,2,10000.0,2,0
5703.0,176000.0,2,220000.0,2,0
5704.5,48000.0,1,60000.0,1,0
5706.0,64000.0,1,80000.0,1,0
5707.5,24000.0,1,30000.0,1,1
5709.0,112000.0,2,140000.0,2,0
5710.5,16000.0,1,20000.0,1,0
5712.0,80000.0,2,100000.0,2,0
5713.5,176000.0,1,220000.0,1,0
5715.0,64000.0,2,80000.0,2,0
5716.5,64000.0,2,80000.0,2,0
5718.0,104000.0,1,130000.0,1,1
5719.5,240000.0,2,300000.0,2,0
5721.0,48000.0,2,60000.0,2,0
5722.5,288000.0,2,360000.0,2,0
5724.0,8000.0,1,10000.0,1,1
5725.5,40000.0,1,50000.0,1,1
5727.0,40000.0,1,50000.0,1,0
5728.5,160000.0,1,200000.0,1,0
5730.0,24000.0,2,30000.0,2,1
5731.5,176000.0,1,220000.0,1,0
5733.0,160000.0,2,200000.0,2,0
5734.5,64000.0,2,80000.0,2,1
5736.0,160000.0,1,200000.0,1,0
5737.5,192000.0,2,240000.0,2,1
5739.0,400000.0,2,500000.0,2,0
5740.5,184000.0,1,230000.0,1,0
5742.0,16000.0,1,20000.0,1,0
5743.5,40000.0,1,50000.0,1,0
5745.0,80000.0,2,100000.0,2,0
5746.5,184000.0,2,230000.0,2,0
5748.0,48000.0,1,60000.0,1,0
5749.5,96000.0,2,120000.0,2,1
5751.0,104000.0,2,130000.0,2,0
5752.5,40000.0,2,50000.0,2,1
5754.0,320000.0,2,400000.0,2,0
5755.5,192000.0,2,240000.0,2,1
5757.0,56000.0,1,70000.0,1,0
5758.5,16000.0,2,20000.0,2,0
5760.0,40000.0,1,50000.0,1,1
5761.5,192000.0,2,240000.0,2,0
5763.0,304000.0,1,380000.0,1,0
5764.5,40000.0,1,50000.0,1,0
5766.0,40000.0,2,50000.0,2,0
5767.5,344000.0,2,430000.0,2,0
5769.0,48000.0,2,60000.0,2,0
5770.5,24000.0,2,30000.0,2,0
5772.0,136000.0,1,170000.0,1,0
5773.5,56000.0,2,70000.0,2,0
5775.0,104000.0,2,130000.0,2,0
5776.5,40000.0,1,50000.0,1,1
5778.0,16000.0,2,20000.0,2,1
5779.5,40000.0,1,50000.0,1,1
5781.0,16000.0,1,20000.0,1,0
5782.5,88000.0,2,110000.0,2,0
5784.0,72000.0,2,90000.0,2,0
5785.5,144000.0,2,180000.0,2,0
5787.0,40000.0,2,50000.0,2,0
5788.5,160000.0,1,200000.0,1,0
5790.0,16000.0,2,20000.0,2,1
5791.5,40000.0,1,50000.0,1,0
5793.0,136000.0,2,170000.0,2,1
5794.5,304000.0,1,380000.0,1,0
5796.0,24000.0,1,30000.0,1,1
5797.5,24000.0,2,30000.0,2,0
5799.0,128000.0,1,160000.0,1,0
5800.5,48000.0,2,60000.0,2,1
5802.0,360000.0,2,450000.0,2,0
5803.5,64000.0,2,80000.0,2,1
5805.0,72000.0,2,90000.0,2,0
5806.5,24000.0,1,30000.0,1,1
5808.0,40000.0,1,50000.0,1,1
5809.5,24000.0,1,30000.0,1,0
5811.0,40000.0,1,50000.0,1,1
5812.5,256000.0,2,320000.0,2,0
5814.0,240000.0,2,300000.0,2,0
5815.5,312000.0,2,390000.0,2,0
5817.0,40000.0,2,50000.0,2,0
5818.5,16000.0,1,20000.0,1,1
5820.0,72000.0,1,90000.0,1,0
5821.5,240000.0,1,300000.0,1,0
5823.0,240000.0,2,300000.0,2,0
5824.5,160000.0,1,200000.0,1,0
5826.0,40000.0,1,50000.0,1,0
5827.5,16000.0,1,20000.0,1,1
5829.0,312000.0,1,390000.0,1,0
5830.5,56000.0,1,70000.0,1,0
5832.0,240000.0,1,300000.0,1,0
5833.5,112000.0,2,140000.0,2,0
5835.0,160000.0,2,200000.0,2,0
5836.5,64000.0,2,80000.0,2,0
5838.0,64000.0,2,80000.0,2,0
5839.5,136000.0,2,170000.0,2,0
5841.0,40000.0,2,50000.0,2,0
5842.5,80000.0,1,100000.0,1,0
5844.0,24000.0,2,30000.0,2,0
5845.5,24000.0,2,30000.0,2,0
5847.0,256000.0,2,320000.0,2,0
5848.5,56000.0,2,70000.0,2,1
5850.0,40000.0,2,50000.0,2,0
5851.5,104000.0,1,130000.0,1,0
5853.0,40000.0,2,50000.0,2,1
5854.5,40000.0,1,50000.0,1,0
5856.0,40000.0,1,50000.0,1,0
5857.5,128000.0,1,160000.0,1,0
5859.0,360000.0,1,450000.0,1,0
5860.5,304000.0,2,380000.0,2,0
5862.0,24000.0,2,30000.0,2,1
5863.5,40000.0,1,50000.0,1,0
5865.0,176000.0,1,220000.0,1,1
5866.5,40000.0,2,50000.0,2,1
5868.0,72000.0,2,90000.0,2,0
5869.5,64000.0,1,80000.0,1,0
5871.0,312000.0,1,390000.0,1,0
5872.5,112000.0,1,140000.0,1,0
5874.0,288000.0,2,360000.0,2,0
5875.5,40000.0,1,50000.0,1,1
5877.0,208000.0,1,260000.0,1,1
5878.5,144000.0,2,180000.0,2,1
5880.0,288000.0,1,360000.0,1,0
5881.5,184000.0,2,230000.0,2,1
5883.0,104000.0,1,130000.0,1,0
5884.5,16000.0,2,20000.0,2,0
5886.0,160000.0,2,200000.0,2,0
5887.5,176000.0,2,220000.0,2,0
5889.0,16000.0,1,20000.0,1,0
5890.5,16000.0,1,20000.0,1,0
5892.0,192000.0,2,240000.0,2,1
5893.5,384000.0,2,480000.0,2,0
5895.0,40000.0,2,50000.0,2,0
5896.5,80000.0,1,100000.0,1,0
5898.0,96000.0,2,120000.0,2,1
5899.5,184000.0,2,230000.0,2,0
5901.0,16000.0,1,20000.0,1,0
5902.5,40000.0,1,50000.0,1,0
5904.0,104000.0,2,130000.0,2,0
5905.5,120000.0,2,150000.0,2,0
5907.0,48000.0,2,60000.0,2,0
5908.5,208000.0,1,260000.0,1,0
5910.0,400000.0,1,500000.0,1,0
5911.5,216000.0,2,270000.0,2,0
5913.0,328000.0,2,410000.0,2,1
5914.5,48000.0,2,60000.0,2,0
5916.0,160000.0,2,200000.0,2,0
5917.5,40000.0,1,50000.0,1,0
5919.0,400000.0,2,500000.0,2,1
5920.5,120000.0,2,150000.0,2,0
5922.0,136000.0,1,170000.0,1,0
5923.5,40000.0,2,50000.0,2,0
5925.0,104000.0,1,130000.0,1,0
5926.5,96000.0,1,120000.0,1,0
5928.0,56000.0,1,70000.0,1,0
5929.5,256000.0,2,320000.0,2,0
5931.0,88000.0,2,110000.0,2,0
5932.5,336000.0,2,420000.0,2,0
5934.0,192000.0,2,240000.0,2,0
5935.5,304000.0,1,380000.0,1,0
5937.0,16000.0,2,20000.0,2,0
5938.5,40000.0,2,50000.0,2,1
5940.0,16000.0,1,20000.0,1,0
5941.5,16000.0,2,20000.0,2,0
5943.0,192000.0,2,240000.0,2,0
5944.5,272000.0,2,340000.0,2,1
5946.0,72000.0,2,90000.0,2,1
5947.5,40000.0,2,50000.0,2,0
5949.0,168000.0,2,210000.0,2,0
5950.5,48000.0,2,60000.0,2,0
5952.0,40000.0,1,50000.0,1,0
5953.5,40000.0,2,50000.0,2,0
5955.0,72000.0,2,90000.0,2,0
5956.5,200000.0,1,250000.0,1,0
5958.0,232000.0,1,290000.0,1,1
5959.5,192000.0,1,240000.0,1,0
5961.0,288000.0,1,360000.0,1,0
5962.5,272000.0,1,340000.0,1,0
5964.0,232000.0,2,290000.0,2,0
5965.5,40000.0,2,50000.0,2,0
5967.0,248000.0,2,310000.0,2,0
5968.5,8000.0,1,10000.0,1,0
5970.0,208000.0,2,260000.0,2,0
5971.5,144000.0,2,180000.0,2,1
5973.0,16000.0,1,20000.0,1,0
5974.5,288000.0,2,360000.0,2,0
5976.0,64000.0,2,80000.0,2,0
5977.5,360000.0,2,450000.0,2,0
5979.0,24000.0,2,30000.0,2,1
5980.5,400000.0,1,500000.0,1,0
5982.0,168000.0,2,210000.0,2,0
5983.5,240000.0,1,300000.0,1,0
5985.0,80000.0,1,100000.0,1,1
5986.5,192000.0,1,240000.0,1,1
5988.0,40000.0,2,50000.0,2,0
5989.5,16000.0,1,20000.0,1,1
5991.0,88000.0,2,110000.0,2,1
5992.5,160000.0,1,200000.0,1,0
5994.0,176000.0,1,220000.0,1,0
5995.5,40000.0,2,50000.0,2,1
5997.0,48000.0,1,60000.0,1,0
5998.5,16000.0,2,20000.0,2,1
6000.0,136000.0,1,170000.0,1,1
6001.5,24000.0,2,30000.0,2,0
6003.0,128000.0,2,160000.0,2,1
6004.5,160000.0,1,200000.0,1,1
6006.0,96000.0,1,120000.0,1,0
6007.5,184000.0,2,230000.0,2,0
6009.0,16000.0,2,20000.0,2,0
6010.5,8000.0,1,10000.0,1,1
6012.0,80000.0,2,100000.0,2,0
6013.5,104000.0,2,130000.0,2,0
6015.0,40000.0,1,50000.0,1,0
6016.5,112000.0,2,140000.0,2,0
6018.0,40000.0,1,50000.0,1,0
6019.5,288000.0,1,360000.0,1,0
6021.0,16000.0,2,20000.0,2,1
6022.5,88000.0,2,110000.0,2,0
6024.0,80000.0,1,100000.0,1,1
6025.5,208000.0,2,260000.0,2,0
6027.0,40000.0,2,50000.0,2,0
6028.5,288000.0,2,360000.0,2,1
6030.0,24000.0,2,30000.0,2,1
6031.5,40000.0,1,50000.0,1,0
6033.0,216000.0,2,270000.0,2,0
6034.5,200000.0,2,250000.0,2,0
6036.0,200000.0,1,250000.0,1,0
6037.5,96000.0,2,120000.0,2,0
6039.0,200000.0,2,250000.0,2,0
6040.5,208000.0,2,260000.0,2,0
6042.0,192000.0,1,240000.0,1,0
6043.5,48000.0,2,60000.0,2,0
6045.0,200000.0,2,250000.0,2,1
6046.5,80000.0,2,100000.0,2,0
6048.0,120000.0,2,150000.0,2,0
6049.5,136000.0,2,170000.0,2,0
6051.0,568000.0,2,710000.0,2,0
6052.5,16000.0,1,20000.0,1,0
6054.0,288000.0,2,360000.0,2,0
6055.5,120000.0,2,150000.0,2,1
6057.0,120000.0,2,150000.0,2,0
6058.5,40000.0,1,50000.0,1,0
6060.0,112000.0,2,140000.0,2,0
6061.5,200000.0,1,250000.0,1,0
6063.0,16000.0,1,20000.0,1,0
6064.5,288000.0,2,360000.0,2,0
6066.0,128000.0,2,160000.0,2,1
6067.5,144000.0,2,180000.0,2,0
6069.0,40000.0,1,50000.0,1,0
6070.5,40000.0,1,50000.0,1,0
6072.0,176000.0,2,220000.0,2,1
6073.5,120000.0,1,150000.0,1,1
6075.0,128000.0,1,160000.0,1,0
6076.5,128000.0,2,160000.0,2,0
6078.0,160000.0,2,200000.0,2,0
6079.5,152000.0,1,190000.0,1,0
6081.0,40000.0,2,50000.0,2,1
6082.5,40000.0,1,50000.0,1,0
6084.0,112000.0,2,140000.0,2,0
6085.5,48000.0,2,60000.0,2,0
6087.0,8000.0,2,10000.0,2,0
6088.5,320000.0,1,400000.0,1,0
6090.0,400000.0,2,500000.0,2,0
6091.5,256000.0,2,320000.0,2,0
6093.0,192000.0,1,240000.0,1,0
6094.5,88000.0,2,110000.0,2,0
6096.0,192000.0,1,240000.0,1,1
6097.5,40000.0,2,50000.0,2,1
6099.0,80000.0,2,100000.0,2,0
6100.5,40000.0,1,50000.0,1,0
6102.0,40000.0,1,50000.0,1,1
6103.5,40000.0,1,50000.0,1,1
6105.0,120000.0,2,150000.0,2,0
6106.5,160000.0,2,200000.0,2,0
6108.0,64000.0,2,80000.0,2,0
6109.5,288000.0,1,360000.0,1,0
6111.0,96000.0,1,120000.0,1,0
6112.5,184000.0,1,230000.0,1,0
6114.0,48000.0,2,60000.0,2,1
6115.5,72000.0,1,90000.0,1,0
6117.0,40000.0,1,50000.0,1,1
6118.5,192000.0,1,240000.0,1,0
6120.0,184000.0,2,230000.0,2,0
6121.5,64000.0,2,80000.0,2,0
6123.0,320000.0,2,400000.0,2,0
6124.5,96000.0,1,120000.0,1,0
6126.0,200000.0,1,250000.0,1,0
6127.5,24000.0,2,30000.0,2,0
6129.0,120000.0,2,150000.0,2,0
6130.5,248000.0,1,310000.0,1,0
6132.0,120000.0,1,150000.0,1,0
6133.5,64000.0,2,80000.0,2,0
6135.0,160000.0,2,200000.0,2,1
6136.5,40000.0,1,50000.0,1,0
6138.0,152000.0,1,190000.0,1,1
6139.5,40000.0,1,50000.0,1,0
6141.0,80000.0,1,100000.0,1,1
6142.5,120000.0,1,150000.0,1,0
6144.0,64000.0,1,80000.0,1,0
6145.5,160000.0,1,200000.0,1,0
6147.0,96000.0,2,120000.0,2,0
6148.5,48000.0,2,60000.0,2,1
6150.0,360000.0,2,450000.0,2,0
6151.5,96000.0,1,120000.0,1,1
6153.0,104000.0,1,130000.0,1,0
6154.5,192000.0,2,240000.0,2,1
6156.0,72000.0,2,90000.0,2,0
6157.5,168000.0,1,210000.0,1,1
6159.0,72000.0,2,90000.0,2,0
6160.5,336000.0,2,420000.0,2,0
6162.0,232000.0,1,290000.0,1,1
6163.5,312000.0,1,390000.0,1,0
6165.0,184000.0,1,230000.0,1,0
6166.5,72000.0,2,90000.0,2,0
6168.0,224000.0,2,280000.0,2,0
6169.5,224000.0,2,280000.0,2,0
6171.0,24000.0,2,30000.0,2,0
6172.5,16000.0,1,20000.0,1,0
6174.0,144000.0,2,180000.0,2,0
6175.5,56000.0,2,70000.0,2,1
6177.0,184000.0,2,230000.0,2,0
6178.5,40000.0,1,50000.0,1,0
6180.0,200000.0,1,250000.0,1,0
6181.5,112000.0,1,140000.0,1,0
6183.0,112000.0,2,140000.0,2,0
6184.5,104000.0,2,130000.0,2,0
6186.0,96000.0,2,120000.0,2,0
6187.5,48000.0,2,60000.0,2,1
6189.0,64000.0,2,80000.0,2,0
6190.5,192000.0,2,240000.0,2,0
6192.0,40000.0,1,50000.0,1,1
6193.5,216000.0,2,270000.0,2,0
6195.0,136000.0,2,170000.0,2,0
6196.5,40000.0,1,50000.0,1,1
6198.0,184000.0,2,230000.0,2,0
6199.5,312000.0,2,390000.0,2,0
6201.0,160000.0,2,200000.0,2,1
6202.5,400000.0,2,500000.0,2,0
6204.0,24000.0,2,30000.0,2,1
6205.5,360000.0,2,450000.0,2,0
6207.0,40000.0,1,50000.0,1,0
6208.5,40000.0,2,50000.0,2,0
6210.0,176000.0,1,220000.0,1,0
6211.5,24000.0,2,30000.0,2,0
6213.0,40000.0,2,50000.0,2,0
6214.5,40000.0,1,50000.0,1,0
6216.0,24000.0,2,30000.0,2,1
6217.5,160000.0,2,200000.0,2,1
6219.0,40000.0,2,50000.0,2,1
6220.5,64000.0,2,80000.0,2,0
6222.0,16000.0,1,20000.0,1,1
6223.5,56000.0,2,70000.0,2,0
6225.0,104000.0,1,130000.0,1,0
6226.5,160000.0,1,200000.0,1,0
6228.0,256000.0,2,320000.0,2,0
6229.5,136000.0,2,170000.0,2,0
6231.0,224000.0,2,280000.0,2,0
6232.5,8000.0,2,10000.0,2,0
6234.0,160000.0,1,200000.0,1,0
6235.5,56000.0,1,70000.0,1,0
6237.0,184000.0,2,230000.0,2,0
6238.5,120000.0,2,150000.0,2,0
6240.0,256000.0,2,320000.0,2,0
6241.5,40000.0,1,50000.0,1,0
6243.0,160000.0,2,200000.0,2,1
6244.5,160000.0,1,200000.0,1,1
6246.0,128000.0,2,160000.0,2,0
6247.5,304000.0,1,380000.0,1,0
6249.0,40000.0,1,50000.0,1,1
6250.5,400000.0,2,500000.0,2,0
6252.0,120000.0,1,150000.0,1,0
6253.5,72000.0,1,90000.0,1,1
6255.0,48000.0,1,60000.0,1,1
6256.5,112000.0,1,140000.0,1,0
6258.0,176000.0,2,220000.0,2,0
6259.5,360000.0,1,450000.0,1,0
6261.0,160000.0,1,200000.0,1,0
6262.5,112000.0,2,140000.0,2,1
6264.0,232000.0,2,290000.0,2,1
6265.5,208000.0,1,260000.0,1,0
6267.0,48000.0,2,60000.0,2,0
6268.5,224000.0,1,280000.0,1,0
6270.0,248000.0,2,310000.0,2,0
6271.5,64000.0,2,80000.0,2,0
6273.0,120000.0,2,150000.0,2,0
6274.5,64000.0,1,80000.0,1,0
6276.0,384000.0,2,480000.0,2,1
6277.5,280000.0,2,350000.0,2,0
6279.0,184000.0,1,230000.0,1,0
6280.5,144000.0,1,180000.0,1,0
6282.0,40000.0,1,50000.0,1,1
6283.5,248000.0,2,310000.0,2,1
6285.0,8000.0,1,10000.0,1,0
6286.5,224000.0,1,280000.0,1,0
6288.0,40000.0,1,50000.0,1,1
6289.5,40000.0,2,50000.0,2,1
6291.0,8000.0,2,10000.0,2,0
6292.5,232000.0,1,290000.0,1,0
6294.0,192000.0,1,240000.0,1,0
6295.5,80000.0,2,100000.0,2,1
6297.0,128000.0,2,160000.0,2,0
6298.5,184000.0,1,230000.0,1,0
6300.0,184000.0,2,230000.0,2,0
6301.5,240000.0,2,300000.0,2,0
6303.0,400000.0,1,500000.0,1,0
6304.5,160000.0,1,200000.0,1,0
6306.0,168000.0,2,210000.0,2,0
6307.5,40000.0,2,50000.0,2,0
6309.0,104000.0,1,130000.0,1,0
6310.5,72000.0,2,90000.0,2,0
6312.0,64000.0,2,80000.0,2,0
6313.5,24000.0,1,30000.0,1,0
6315.0,384000.0,2,480000.0,2,0
6316.5,64000.0,2,80000.0,2,0
6318.0,72000.0,2,90000.0,2,0
6319.5,56000.0,1,70000.0,1,0
6321.0,40000.0,1,50000.0,1,0
6322.5,88000.0,2,110000.0,2,0
6324.0,96000.0,1,120000.0,1,0
6325.5,144000.0,1,180000.0,1,0
6327.0,40000.0,1,50000.0,1,1
6328.5,120000.0,2,150000.0,2,0
6330.0,272000.0,2,340000.0,2,0
6331.5,240000.0,2,300000.0,2,0
6333.0,120000.0,2,150000.0,2,1
6334.5,24000.0,1,30000.0,1,0
6336.0,40000.0,1,50000.0,1,0
6337.5,80000.0,1,100000.0,1,1
6339.0,216000.0,2,270000.0,2,0
6340.5,256000.0,1,320000.0,1,1
6342.0,128000.0,1,160000.0,1,0
6343.5,240000.0,2,300000.0,2,0
6345.0,24000.0,2,30000.0,2,1
6346.5,232000.0,1,290000.0,1,0
6348.0,144000.0,2,180000.0,2,0
6349.5,120000.0,1,150000.0,1,0
6351.0,48000.0,2,60000.0,2,0
6352.5,208000.0,2,260000.0,2,0
6354.0,120000.0,1,150000.0,1,1
6355.5,184000.0,1,230000.0,1,0
6357.0,200000.0,2,250000.0,2,0
6358.5,56000.0,2,70000.0,2,0
6360.0,288000.0,1,360000.0,1,1
6361.5,160000.0,1,200000.0,1,0
6363.0,24000.0,2,30000.0,2,0
6364.5,16000.0,1,20000.0,1,0
6366.0,64000.0,1,80000.0,1,0
6367.5,208000.0,2,260000.0,2,0
6369.0,168000.0,2,210000.0,2,0
6370.5,40000.0,1,50000.0,1,0
6372.0,112000.0,1,140000.0,1,0
6373.5,72000.0,1,90000.0,1,0
6375.0,16000.0,1,20000.0,1,0
6376.5,288000.0,1,360000.0,1,0
6378.0,464000.0,2,580000.0,2,0
6379.5,144000.0,1,180000.0,1,0
6381.0,48000.0,1,60000.0,1,0
6382.5,48000.0,2,60000.0,2,0
6384.0,40000.0,1,50000.0,1,0
6385.5,80000.0,2,100000.0,2,0
6387.0,304000.0,1,380000.0,1,0
6388.5,248000.0,2,310000.0,2,0
6390.0,40000.0,1,50000.0,1,1
6391.5,16000.0,1,20000.0,1,0
6393.0,24000.0,2,30000.0,2,0
6394.5,40000.0,2,50000.0,2,1
6396.0,24000.0,2,30000.0,2,1
6397.5,392000.0,1,490000.0,1,0
6399.0,400000.0,2,500000.0,2,0
6400.5,64000.0,1,80000.0,1,0
6402.0,160000.0,1,200000.0,1,0
6403.5,288000.0,1,360000.0,1,0
6405.0,24000.0,1,30000.0,1,1
6406.5,136000.0,2,170000.0,2,0
6408.0,8000.0,1,10000.0,1,0
6409.5,184000.0,2,230000.0,2,0
6411.0,160000.0,1,200000.0,1,1
6412.5,128000.0,2,160000.0,2,0
6414.0,216000.0,1,270000.0,1,1
6415.5,64000.0,1,80000.0,1,0
6417.0,288000.0,2,360000.0,2,1
6418.5,112000.0,2,140000.0,2,0
6420.0,64000.0,2,80000.0,2,0
6421.5,160000.0,2,200000.0,2,0
6423.0,64000.0,2,80000.0,2,0
6424.5,312000.0,1,390000.0,1,0
6426.0,64000.0,2,80000.0,2,1
6427.5,64000.0,2,80000.0,2,1
6429.0,16000.0,1,20000.0,1,1
6430.5,24000.0,2,30000.0,2,0
6432.0,48000.0,1,60000.0,1,0
6433.5,80000.0,2,100000.0,2,0
6435.0,80000.0,1,100000.0,1,0
6436.5,32000.0,2,40000.0,2,0
6438.0,96000.0,2,120000.0,2,0
6439.5,16000.0,2,20000.0,2,0
6441.0,248000.0,2,310000.0,2,0
6442.5,40000.0,1,50000.0,1,1
6444.0,400000.0,1,500000.0,1,0
6445.5,232000.0,1,290000.0,1,0
6447.0,24000.0,1,30000.0,1,0
6448.5,80000.0,2,100000.0,2,0
6450.0,288000.0,2,360000.0,2,0
6451.5,16000.0,1,20000.0,1,1
6453.0,120000.0,2,150000.0,2,1
6454.5,288000.0,2,360000.0,2,0
6456.0,392000.0,2,490000.0,2,0
6457.5,32000.0,2,40000.0,2,0
6459.0,80000.0,2,100000.0,2,0
6460.5,16000.0,2,20000.0,2,0
6462.0,400000.0,2,500000.0,2,0
6463.5,40000.0,1,50000.0,1,0
6465.0,208000.0,1,260000.0,1,0
6466.5,112000.0,2,140000.0,2,0
6468.0,208000.0,1,260000.0,1,0
6469.5,160000.0,2,200000.0,2,0
6471.0,40000.0,2,50000.0,2,0
6472.5,160000.0,2,200000.0,2,0
6474.0,16000.0,2,20000.0,2,0
6475.5,8000.0,1,10000.0,1,0
6477.0,24000.0,1,30000.0,1,0
6478.5,136000.0,2,170000.0,2,0
6480.0,40000.0,2,50000.0,2,0
6481.5,336000.0,2,420000.0,2,1
6483.0,56000.0,2,70000.0,2,0
6484.5,240000.0,2,300000.0,2,0
6486.0,400000.0,1,500000.0,1,0
6487.5,16000.0,2,20000.0,2,0
6489.0,224000.0,2,280000.0,2,0
6490.5,120000.0,1,150000.0,1,0
6492.0,144000.0,1,180000.0,1,0
6493.5,40000.0,1,50000.0,1,0
6495.0,120000.0,2,150000.0,2,0
6496.5,24000.0,1,30000.0,1,0
6498.0,200000.0,1,250000.0,1,0
6499.5,240000.0,2,300000.0,2,0
6501.0,64000.0,1,80000.0,1,0
6502.5,40000.0,2,50000.0,2,0
6504.0,96000.0,1,120000.0,1,0
6505.5,264000.0,2,330000.0,2,1
6507.0,112000.0,2,140000.0,2,0
6508.5,120000.0,2,150000.0,2,0
6510.0,264000.0,1,330000.0,1,0
6511.5,304000.0,2,380000.0,2,0
6513.0,40000.0,1,50000.0,1,0
6514.5,96000.0,2,120000.0,2,0
6516.0,120000.0,2,150000.0,2,0
6517.5,104000.0,2,130000.0,2,0
6519.0,128000.0,2,160000.0,2,0
6520.5,24000.0,2,30000.0,2,0
6522.0,296000.0,1,370000.0,1,0
6523.5,144000.0,2,180000.0,2,0
6525.0,40000.0,1,50000.0,1,0
6526.5,136000.0,2,170000.0,2,1
6528.0,48000.0,2,60000.0,2,1
6529.5,16000.0,1,20000.0,1,0
6531.0,16000.0,1,20000.0,1,1
6532.5,40000.0,2,50000.0,2,0
6534.0,120000.0,2,150000.0,2,0
6535.5,136000.0,2,170000.0,2,0
6537.0,24000.0,2,30000.0,2,0
6538.5,40000.0,2,50000.0,2,1
6540.0,80000.0,1,100000.0,1,0
6541.5,400000.0,1,500000.0,1,0
6543.0,144000.0,1,180000.0,1,0
6544.5,224000.0,1,280000.0,1,0
6546.0,40000.0,2,50000.0,2,0
6547.5,288000.0,2,360000.0,2,0
6549.0,136000.0,1,170000.0,1,0
6550.5,72000.0,1,90000.0,1,1
6552.0,40000.0,2,50000.0,2,0
6553.5,16000.0,1,20000.0,1,1
6555.0,176000.0,2,220000.0,2,0
6556.5,160000.0,2,200000.0,2,0
6558.0,56000.0,2,70000.0,2,0
6559.5,320000.0,2,400000.0,2,1
6561.0,72000.0,2,90000.0,2,0
6562.5,40000.0,2,50000.0,2,1
6564.0,48000.0,1,60000.0,1,1
6565.5,40000.0,2,50000.0,2,0
6567.0,80000.0,1,100000.0,1,1
6568.5,144000.0,2,180000.0,2,1
6570.0,168000.0,2,210000.0,2,0
6571.5,344000.0,2,430000.0,2,0
6573.0,16000.0,2,20000.0,2,0
6574.5,32000.0,2,40000.0,2,1
6576.0,144000.0,2,180000.0,2,0
6577.5,112000.0,2,140000.0,2,0
6579.0,24000.0,2,30000.0,2,0
6580.5,168000.0,1,210000.0,1,0
6582.0,72000.0,1,90000.0,1,1
6583.5,128000.0,2,160000.0,2,0
6585.0,104000.0,2,130000.0,2,0
6586.5,8000.0,2,10000.0,2,1
6588.0,136000.0,1,170000.0,1,0
6589.5,16000.0,1,20000.0,1,0
6591.0,40000.0,2,50000.0,2,0
6592.5,288000.0,1,360000.0,1,0
6594.0,40000.0,2,50000.0,2,0
6595.5,64000.0,2,80000.0,2,0
6597.0,128000.0,1,160000.0,1,0
6598.5,304000.0,1,380000.0,1,0
6600.0,176000.0,2,220000.0,2,0
6601.5,40000.0,1,50000.0,1,0
6603.0,112000.0,2,140000.0,2,0
6604.5,216000.0,1,270000.0,1,0
6606.0,40000.0,1,50000.0,1,0
6607.5,80000.0,2,100000.0,2,1
6609.0,288000.0,1,360000.0,1,0
6610.5,16000.0,1,20000.0,1,0
6612.0,40000.0,1,50000.0,1,0
6613.5,288000.0,2,360000.0,2,0
6615.0,16000.0,2,20000.0,2,0
6616.5,80000.0,1,100000.0,1,0
6618.0,64000.0,1,80000.0,1,0
6619.5,112000.0,1,140000.0,1,0
6621.0,312000.0,2,390000.0,2,0
6622.5,280000.0,1,350000.0,1,0
6624.0,136000.0,1,170000.0,1,0
6625.5,216000.0,2,270000.0,2,0
6627.0,368000.0,2,460000.0,2,0
6628.5,160000.0,2,200000.0,2,0
6630.0,360000.0,2,450000.0,2,0
6631.5,192000.0,1,240000.0,1,0
6633.0,208000.0,2,260000.0,2,0
6634.5,88000.0,2,110000.0,2,0
6636.0,40000.0,1,50000.0,1,0
6637.5,200000.0,2,250000.0,2,0
6639.0,304000.0,1,380000.0,1,1
6640.5,88000.0,2,110000.0,2,0
6642.0,160000.0,2,200000.0,2,0
6643.5,400000.0,2,500000.0,2,0
6645.0,208000.0,2,260000.0,2,0
6646.5,216000.0,2,270000.0,2,0
6648.0,120000.0,1,150000.0,1,0
6649.5,24000.0,2,30000.0,2,0
6651.0,232000.0,2,290000.0,2,0
6652.5,160000.0,1,200000.0,1,0
6654.0,168000.0,2,210000.0,2,0
6655.5,80000.0,2,100000.0,2,0
6657.0,40000.0,2,50000.0,2,0
6658.5,168000.0,2,210000.0,2,0
6660.0,192000.0,1,240000.0,1,0
6661.5,112000.0,2,140000.0,2,0
6663.0,40000.0,1,50000.0,1,0
6664.5,288000.0,2,360000.0,2,1
6666.0,144000.0,1,180000.0,1,0
6667.5,80000.0,1,100000.0,1,0
6669.0,72000.0,2,90000.0,2,0
6670.5,72000.0,2,90000.0,2,0
6672.0,72000.0,1,90000.0,1,0
6673.5,24000.0,1,30000.0,1,1
6675.0,240000.0,1,300000.0,1,0
6676.5,16000.0,1,20000.0,1,0
6678.0,24000.0,2,30000.0,2,1
6679.5,40000.0,2,50000.0,2,0
6681.0,40000.0,1,50000.0,1,0
6682.5,24000.0,2,30000.0,2,1
6684.0,48000.0,2,60000.0,2,0
6685.5,160000.0,2,200000.0,2,1
6687.0,360000.0,2,450000.0,2,0
6688.5,112000.0,2,140000.0,2,0
6690.0,96000.0,2,120000.0,2,0
6691.5,216000.0,2,270000.0,2,0
6693.0,104000.0,1,130000.0,1,1
6694.5,40000.0,1,50000.0,1,0
6696.0,176000.0,2,220000.0,2,0
6697.5,40000.0,1,50000.0,1,0
6699.0,16000.0,1,20000.0,1,0
6700.5,88000.0,1,110000.0,1,0
6702.0,56000.0,2,70000.0,2,0
6703.5,304000.0,2,380000.0,2,0
6705.0,128000.0,1,160000.0,1,0
6706.5,56000.0,1,70000.0,1,0
6708.0,72000.0,2,90000.0,2,0
6709.5,104000.0,1,130000.0,1,1
6711.0,192000.0,2,240000.0,2,0
6712.5,96000.0,1,120000.0,1,0
6714.0,192000.0,2,240000.0,2,0
6715.5,240000.0,1,300000.0,1,0
6717.0,80000.0,2,100000.0,2,0
6718.5,160000.0,2,200000.0,2,0
6720.0,40000.0,1,50000.0,1,0
6721.5,80000.0,2,100000.0,2,0
6723.0,400000.0,1,500000.0,1,0
6724.5,16000.0,1,20000.0,1,0
6726.0,224000.0,2,280000.0,2,0
6727.5,128000.0,2,160000.0,2,0
6729.0,24000.0,1,30000.0,1,0
6730.5,40000.0,1,50000.0,1,0
6732.0,16000.0,1,20000.0,1,0
6733.5,112000.0,1,140000.0,1,0
6735.0,104000.0,1,130000.0,1,0
6736.5,80000.0,2,100000.0,2,0
6738.0,80000.0,1,100000.0,1,0
6739.5,40000.0,1,50000.0,1,1
6741.0,288000.0,1,360000.0,1,0
6742.5,8000.0,1,10000.0,1,1
6744.0,40000.0,1,50000.0,1,0
6745.5,8000.0,1,10000.0,1,0
6747.0,168000.0,1,210000.0,1,1
6748.5,256000.0,1,320000.0,1,0
6750.0,56000.0,2,70000.0,2,0
6751.5,128000.0,2,160000.0,2,1
6753.0,144000.0,1,180000.0,1,1
6754.5,56000.0,2,70000.0,2,1
6756.0,224000.0,2,280000.0,2,0
6757.5,32000.0,1,40000.0,1,0
6759.0,40000.0,2,50000.0,2,0
6760.5,64000.0,2,80000.0,2,0
6762.0,24000.0,1,30000.0,1,1
6763.5,16000.0,2,20000.0,2,0
6765.0,104000.0,2,130000.0,2,0
6766.5,8000.0,1,10000.0,1,0
6768.0,56000.0,2,70000.0,2,0
6769.5,224000.0,1,280000.0,1,0
6771.0,240000.0,1,300000.0,1,0
6772.5,40000.0,2,50000.0,2,1
6774.0,184000.0,1,230000.0,1,0
6775.5,64000.0,2,80000.0,2,0
6777.0,40000.0,1,50000.0,1,1
6778.5,376000.0,2,470000.0,2,0
6780.0,168000.0,1,210000.0,1,0
6781.5,160000.0,2,200000.0,2,0
6783.0,40000.0,1,50000.0,1,0
6784.5,240000.0,2,300000.0,2,0
6786.0,400000.0,2,500000.0,2,0
6787.5,120000.0,2,150000.0,2,0
6789.0,40000.0,1,50000.0,1,0
6790.5,216000.0,1,270000.0,1,1
6792.0,48000.0,2,60000.0,2,1
6793.5,160000.0,2,200000.0,2,0
6795.0,40000.0,2,50000.0,2,0
6796.5,112000.0,2,140000.0,2,1
6798.0,96000.0,2,120000.0,2,0
6799.5,16000.0,1,20000.0,1,0
6801.0,168000.0,2,210000.0,2,0
6802.5,56000.0,2,70000.0,2,0
6804.0,184000.0,1,230000.0,1,1
6805.5,216000.0,2,270000.0,2,0
6807.0,16000.0,1,20000.0,1,0
6808.5,96000.0,2,120000.0,2,0
6810.0,112000.0,2,140000.0,2,0
6811.5,144000.0,2,180000.0,2,0
6813.0,152000.0,1,190000.0,1,0
6814.5,80000.0,2,100000.0,2,0
6816.0,40000.0,2,50000.0,2,0
6817.5,120000.0,1,150000.0,1,0
6819.0,200000.0,2,250000.0,2,0
6820.5,176000.0,2,220000.0,2,1
6822.0,160000.0,1,200000.0,1,0
6823.5,200000.0,2,250000.0,2,0
6825.0,224000.0,2,280000.0,2,0
6826.5,24000.0,1,30000.0,1,1
6828.0,64000.0,2,80000.0,2,0
6829.5,304000.0,2,380000.0,2,0
6831.0,280000.0,2,350000.0,2,0
6832.5,128000.0,1,160000.0,1,1
6834.0,56000.0,1,70000.0,1,1
6835.5,120000.0,1,150000.0,1,0
6837.0,128000.0,2,160000.0,2,0
6838.5,32000.0,1,40000.0,1,1
6840.0,280000.0,2,350000.0,2,0
6841.5,40000.0,1,50000.0,1,1
6843.0,176000.0,2,220000.0,2,0
6844.5,160000.0,2,200000.0,2,0
6846.0,312000.0,1,390000.0,1,0
6847.5,264000.0,1,330000.0,1,0
6849.0,80000.0,1,100000.0,1,1
6850.5,56000.0,2,70000.0,2,0
6852.0,192000.0,2,240000.0,2,0
6853.5,24000.0,1,30000.0,1,0
6855.0,24000.0,2,30000.0,2,1
6856.5,128000.0,1,160000.0,1,0
6858.0,96000.0,2,120000.0,2,0
6859.5,8000.0,2,10000.0,2,1
6861.0,376000.0,1,470000.0,1,0
6862.5,160000.0,2,200000.0,2,1
6864.0,40000.0,1,50000.0,1,0
6865.5,72000.0,2,90000.0,2,0
6867.0,176000.0,2,220000.0,2,0
6868.5,32000.0,2,40000.0,2,1
6870.0,160000.0,1,200000.0,1,1
6871.5,96000.0,1,120000.0,1,0
6873.0,168000.0,1,210000.0,1,1
6874.5,24000.0,2,30000.0,2,0
6876.0,88000.0,1,110000.0,1,1
6877.5,224000.0,1,280000.0,1,0
6879.0,120000.0,2,150000.0,2,0
6880.5,16000.0,1,20000.0,1,0
6882.0,64000.0,1,80000.0,1,0
6883.5,40000.0,1,50000.0,1,1
6885.0,136000.0,1,170000.0,1,0
6886.5,160000.0,1,200000.0,1,1
6888.0,240000.0,1,300000.0,1,0
6889.5,80000.0,1,100000.0,1,1
6891.0,64000.0,1,80000.0,1,0
6892.5,24000.0,1,30000.0,1,1
6894.0,64000.0,2,80000.0,2,0
6895.5,48000.0,1,60000.0,1,1
6897.0,88000.0,2,110000.0,2,0
6898.5,8000.0,2,10000.0,2,1
6900.0,232000.0,2,290000.0,2,0
6901.5,24000.0,1,30000.0,1,0
6903.0,48000.0,1,60000.0,1,0
6904.5,120000.0,1,150000.0,1,0
6906.0,600000.0,2,750000.0,2,0
6907.5,24000.0,1,30000.0,1,0
6909.0,128000.0,2,160000.0,2,0
6910.5,40000.0,2,50000.0,2,1
6912.0,40000.0,2,50000.0,2,0
6913.5,128000.0,1,160000.0,1,0
6915.0,120000.0,2,150000.0,2,0
6916.5,24000.0,2,30000.0,2,0
6918.0,280000.0,1,350000.0,1,0
6919.5,16000.0,2,20000.0,2,0
6921.0,40000.0,1,50000.0,1,0
6922.5,144000.0,1,180000.0,1,1
6924.0,24000.0,1,30000.0,1,1
6925.5,80000.0,1,100000.0,1,0
6927.0,16000.0,1,20000.0,1,0
6928.5,64000.0,1,80000.0,1,0
6930.0,120000.0,1,150000.0,1,0
6931.5,184000.0,2,230000.0,2,0
6933.0,40000.0,1,50000.0,1,0
6934.5,168000.0,2,210000.0,2,0
6936.0,40000.0,1,50000.0,1,0
6937.5,192000.0,2,240000.0,2,0
6939.0,400000.0,2,500000.0,2,0
6940.5,168000.0,1,210000.0,1,0
6942.0,128000.0,2,160000.0,2,0
6943.5,200000.0,2,250000.0,2,1
6945.0,400000.0,2,500000.0,2,0
6946.5,80000.0,1,100000.0,1,1
6948.0,16000.0,2,20000.0,2,0
6949.5,24000.0,2,30000.0,2,0
6951.0,40000.0,2,50000.0,2,0
6952.5,128000.0,1,160000.0,1,0
6954.0,40000.0,1,50000.0,1,0
6955.5,72000.0,2,90000.0,2,1
6957.0,16000.0,1,20000.0,1,0
6958.5,40000.0,1,50000.0,1,0
6960.0,184000.0,2,230000.0,2,0
6961.5,120000.0,1,150000.0,1,0
6963.0,40000.0,1,50000.0,1,0
6964.5,224000.0,2,280000.0,2,0
6966.0,400000.0,2,500000.0,2,0
6967.5,72000.0,2,90000.0,2,0
6969.0,288000.0,1,360000.0,1,0
6970.5,112000.0,1,140000.0,1,0
6972.0,112000.0,1,140000.0,1,0
6973.5,184000.0,2,230000.0,2,1
6975.0,40000.0,2,50000.0,2,0
6976.5,104000.0,2,130000.0,2,0
6978.0,264000.0,2,330000.0,2,1
6979.5,168000.0,1,210000.0,1,0
6981.0,8000.0,2,10000.0,2,0
6982.5,40000.0,2,50000.0,2,0
6984.0,80000.0,2,100000.0,2,0
6985.5,56000.0,2,70000.0,2,0
6987.0,40000.0,2,50000.0,2,0
6988.5,136000.0,2,170000.0,2,0
6990.0,80000.0,2,100000.0,2,1
6991.5,64000.0,1,80000.0,1,0
6993.0,120000.0,1,150000.0,1,0
6994.5,40000.0,2,50000.0,2,0
6996.0,64000.0,1,80000.0,1,0
6997.5,96000.0,2,120000.0,2,0
6999.0,376000.0,1,470000.0,1,0
7000.5,64000.0,2,80000.0,2,0
7002.0,48000.0,1,60000.0,1,0
7003.5,64000.0,1,80000.0,1,0
7005.0,40000.0,1,50000.0,1,1
7006.5,400000.0,1,500000.0,1,1
7008.0,88000.0,1,110000.0,1,0
7009.5,64000.0,2,80000.0,2,0
7011.0,40000.0,1,50000.0,1,1
7012.5,320000.0,2,400000.0,2,1
7014.0,72000.0,2,90000.0,2,0
7015.5,120000.0,2,150000.0,2,0
7017.0,288000.0,2,360000.0,2,0
7018.5,136000.0,1,170000.0,1,0
7020.0,88000.0,1,110000.0,1,1
7021.5,176000.0,2,220000.0,2,0
7023.0,160000.0,2,200000.0,2,0
7024.5,400000.0,2,500000.0,2,0
7026.0,272000.0,1,340000.0,1,0
7027.5,144000.0,2,180000.0,2,0
7029.0,392000.0,1,490000.0,1,0
7030.5,48000.0,2,60000.0,2,0
7032.0,200000.0,1,250000.0,1,0
7033.5,16000.0,2,20000.0,2,1
7035.0,136000.0,1,170000.0,1,0
7036.5,128000.0,2,160000.0,2,1
7038.0,64000.0,2,80000.0,2,0
7039.5,304000.0,2,380000.0,2,0
7041.0,56000.0,2,70000.0,2,1
7042.5,64000.0,1,80000.0,1,0
7044.0,304000.0,1,380000.0,1,0
7045.5,184000.0,2,230000.0,2,0
7047.0,104000.0,1,130000.0,1,1
7048.5,128000.0,2,160000.0,2,0
7050.0,40000.0,2,50000.0,2,0
7051.5,144000.0,1,180000.0,1,0
7053.0,176000.0,2,220000.0,2,0
7054.5,160000.0,2,200000.0,2,1
7056.0,416000.0,1,520000.0,1,1
7057.5,24000.0,1,30000.0,1,1
7059.0,120000.0,2,150000.0,2,0
7060.5,168000.0,2,210000.0,2,0
7062.0,40000.0,2,50000.0,2,1
7063.5,16000.0,2,20000.0,2,0
7065.0,232000.0,1,290000.0,1,0
7066.5,40000.0,2,50000.0,2,0
7068.0,104000.0,2,130000.0,2,0
7069.5,48000.0,1,60000.0,1,0
7071.0,16000.0,1,20000.0,1,0
7072.5,128000.0,2,160000.0,2,0
7074.0,200000.0,2,250000.0,2,0
7075.5,64000.0,1,80000.0,1,0
7077.0,48000.0,2,60000.0,2,0
7078.5,64000.0,1,80000.0,1,1
7080.0,48000.0,1,60000.0,1,0
7081.5,328000.0,1,410000.0,1,0
7083.0,192000.0,2,240000.0,2,0
7084.5,24000.0,1,30000.0,1,1
7086.0,160000.0,2,200000.0,2,0
7087.5,144000.0,2,180000.0,2,0
7089.0,80000.0,1,100000.0,1,0
7090.5,40000.0,2,50000.0,2,1
7092.0,48000.0,2,60000.0,2,1
7093.5,40000.0,2,50000.0,2,1
7095.0,192000.0,2,240000.0,2,0
7096.5,176000.0,2,220000.0,2,0
7098.0,32000.0,1,40000.0,1,0
7099.5,64000.0,2,80000.0,2,0
7101.0,256000.0,1,320000.0,1,0
7102.5,336000.0,1,420000.0,1,0
7104.0,400000.0,1,500000.0,1,0
7105.5,232000.0,2,290000.0,2,0
7107.0,152000.0,1,190000.0,1,0
7108.5,80000.0,1,100000.0,1,1
7110.0,184000.0,2,230000.0,2,0
7111.5,40000.0,1,50000.0,1,0
7113.0,168000.0,1,210000.0,1,0
7114.5,72000.0,2,90000.0,2,1
7116.0,384000.0,1,480000.0,1,0
7117.5,96000.0,1,120000.0,1,0
7119.0,128000.0,1,160000.0,1,0
7120.5,88000.0,1,110000.0,1,0
7122.0,208000.0,2,260000.0,2,0
7123.5,64000.0,1,80000.0,1,0
7125.0,40000.0,1,50000.0,1,0
7126.5,40000.0,2,50000.0,2,1
7128.0,80000.0,2,100000.0,2,0
7129.5,16000.0,1,20000.0,1,1
7131.0,208000.0,2,260000.0,2,0
7132.5,544000.0,2,680000.0,2,0
7134.0,40000.0,1,50000.0,1,0
7135.5,136000.0,2,170000.0,2,0
7137.0,168000.0,2,210000.0,2,1
7138.5,400000.0,1,500000.0,1,0
7140.0,144000.0,2,180000.0,2,0
7141.5,272000.0,2,340000.0,2,0
7143.0,128000.0,1,160000.0,1,0
7144.5,24000.0,2,30000.0,2,1
7146.0,184000.0,2,230000.0,2,0
7147.5,24000.0,1,30000.0,1,0
7149.0,384000.0,1,480000.0,1,0
7150.5,288000.0,1,360000.0,1,0
7152.0,400000.0,1,500000.0,1,1
7153.5,176000.0,1,220000.0,1,0
7155.0,80000.0,2,100000.0,2,1
7156.5,160000.0,2,200000.0,2,0
7158.0,160000.0,1,200000.0,1,0
7159.5,72000.0,2,90000.0,2,0
7161.0,40000.0,1,50000.0,1,0
7162.5,64000.0,2,80000.0,2,1
7164.0,208000.0,2,260000.0,2,0
7165.5,64000.0,2,80000.0,2,0
7167.0,16000.0,1,20000.0,1,1
7168.5,40000.0,1,50000.0,1,0
7170.0,72000.0,2,90000.0,2,0
7171.5,232000.0,1,290000.0,1,0
7173.0,16000.0,2,20000.0,2,0
7174.5,184000.0,2,230000.0,2,0
7176.0,288000.0,2,360000.0,2,0
7177.5,40000.0,1,50000.0,1,1
7179.0,64000.0,1,80000.0,1,0
7180.5,80000.0,2,100000.0,2,1
7182.0,312000.0,2,390000.0,2,0
7183.5,96000.0,1,120000.0,1,0
7185.0,16000.0,2,20000.0,2,0
7186.5,120000.0,2,150000.0,2,1
7188.0,16000.0,1,20000.0,1,1
7189.5,16000.0,1,20000.0,1,0
7191.0,200000.0,1,250000.0,1,0
7192.5,184000.0,2,230000.0,2,0
7194.0,16000.0,1,20000.0,1,0
7195.5,64000.0,2,80000.0,2,0
7197.0,248000.0,2,310000.0,2,0
7198.5,384000.0,1,480000.0,1,0
7200.0,16000.0,2,20000.0,2,0
7201.5,40000.0,1,50000.0,1,0
7203.0,152000.0,1,190000.0,1,1
7204.5,40000.0,1,50000.0,1,0
7206.0,40000.0,2,50000.0,2,1
7207.5,40000.0,1,50000.0,1,0
7209.0,240000.0,2,300000.0,2,0
7210.5,48000.0,1,60000.0,1,0
7212.0,208000.0,1,260000.0,1,0
7213.5,152000.0,1,190000.0,1,0
7215.0,400000.0,1,500000.0,1,0
7216.5,240000.0,2,300000.0,2,0
7218.0,40000.0,1,50000.0,1,1
7219.5,40000.0,2,50000.0,2,1
7221.0,104000.0,2,130000.0,2,0
7222.5,64000.0,1,80000.0,1,0
7224.0,40000.0,1,50000.0,1,0
7225.5,40000.0,2,50000.0,2,0
7227.0,96000.0,2,120000.0,2,0
7228.5,176000.0,2,220000.0,2,0
7230.0,40000.0,2,50000.0,2,0
7231.5,72000.0,2,90000.0,2,0
7233.0,288000.0,2,360000.0,2,0
7234.5,224000.0,2,280000.0,2,0
7236.0,216000.0,2,270000.0,2,0
7237.5,160000.0,1,200000.0,1,0
7239.0,64000.0,1,80000.0,1,0
7240.5,48000.0,2,60000.0,2,0
7242.0,48000.0,2,60000.0,2,0
7243.5,72000.0,2,90000.0,2,0
7245.0,8000.0,2,10000.0,2,0
7246.5,112000.0,1,140000.0,1,0
7248.0,224000.0,1,280000.0,1,1
7249.5,112000.0,2,140000.0,2,0
7251.0,88000.0,1,110000.0,1,0
7252.5,96000.0,2,120000.0,2,0
7254.0,104000.0,2,130000.0,2,0
7255.5,232000.0,1,290000.0,1,0
7257.0,64000.0,1,80000.0,1,0
7258.5,40000.0,2,50000.0,2,1
7260.0,360000.0,2,450000.0,2,0
7261.5,40000.0,1,50000.0,1,1
7263.0,136000.0,2,170000.0,2,0
7264.5,168000.0,1,210000.0,1,0
7266.0,24000.0,2,30000.0,2,0
7267.5,184000.0,1,230000.0,1,0
7269.0,136000.0,1,170000.0,1,1
7270.5,16000.0,2,20000.0,2,0
7272.0,40000.0,1,50000.0,1,0
7273.5,80000.0,2,100000.0,2,0
7275.0,112000.0,2,140000.0,2,0
7276.5,80000.0,2,100000.0,2,0
7278.0,120000.0,2,150000.0,2,1
7279.5,48000.0,2,60000.0,2,1
7281.0,160000.0,1,200000.0,1,1
7282.5,160000.0,2,200000.0,2,0
7284.0,40000.0,2,50000.0,2,1
7285.5,48000.0,1,60000.0,1,0
7287.0,40000.0,2,50000.0,2,1
7288.5,112000.0,2,140000.0,2,0
7290.0,512000.0,2,640000.0,2,0
7291.5,168000.0,1,210000.0,1,1
7293.0,48000.0,2,60000.0,2,0
7294.5,64000.0,2,80000.0,2,1
7296.0,232000.0,2,290000.0,2,1
7297.5,120000.0,2,150000.0,2,0
7299.0,160000.0,2,200000.0,2,0
7300.5,104000.0,2,130000.0,2,1
7302.0,392000.0,1,490000.0,1,0
7303.5,160000.0,1,200000.0,1,1
7305.0,168000.0,2,210000.0,2,0
7306.5,208000.0,2,260000.0,2,1
7308.0,64000.0,1,80000.0,1,0
7309.5,40000.0,1,50000.0,1,0
7311.0,168000.0,2,210000.0,2,0
7312.5,168000.0,2,210000.0,2,0
7314.0,32000.0,2,40000.0,2,0
7315.5,88000.0,2,110000.0,2,0
7317.0,40000.0,1,50000.0,1,0
7318.5,64000.0,2,80000.0,2,0
7320.0,64000.0,2,80000.0,2,1
7321.5,200000.0,2,250000.0,2,0
7323.0,80000.0,2,100000.0,2,0
7324.5,40000.0,1,50000.0,1,1
7326.0,120000.0,2,150000.0,2,1
7327.5,56000.0,1,70000.0,1,1
7329.0,120000.0,1,150000.0,1,0
7330.5,288000.0,2,360000.0,2,0
7332.0,72000.0,1,90000.0,1,0
7333.5,128000.0,2,160000.0,2,0
7335.0,56000.0,2,70000.0,2,0
7336.5,288000.0,2,360000.0,2,0
7338.0,336000.0,2,420000.0,2,0
7339.5,40000.0,2,50000.0,2,0
7341.0,128000.0,2,160000.0,2,1
7342.5,80000.0,2,100000.0,2,0
7344.0,192000.0,2,240000.0,2,0
7345.5,312000.0,2,390000.0,2,0
7347.0,64000.0,2,80000.0,2,0
7348.5,288000.0,2,360000.0,2,1
7350.0,168000.0,2,210000.0,2,0
7351.5,256000.0,2,320000.0,2,1
7353.0,16000.0,2,20000.0,2,0
7354.5,144000.0,2,180000.0,2,1
7356.0,392000.0,1,490000.0,1,0
7357.5,24000.0,2,30000.0,2,0
7359.0,232000.0,2,290000.0,2,0
7360.5,272000.0,2,340000.0,2,0
7362.0,32000.0,2,40000.0,2,0
7363.5,40000.0,1,50000.0,1,0
7365.0,24000.0,1,30000.0,1,1
7366.5,48000.0,2,60000.0,2,0
7368.0,144000.0,1,180000.0,1,0
7369.5,128000.0,1,160000.0,1,0
7371.0,136000.0,1,170000.0,1,0
7372.5,40000.0,1,50000.0,1,0
7374.0,40000.0,1,50000.0,1,0
7375.5,288000.0,2,360000.0,2,0
7377.0,128000.0,2,160000.0,2,1
7378.5,208000.0,2,260000.0,2,0
7380.0,280000.0,2,350000.0,2,0
7381.5,24000.0,2,30000.0,2,0
7383.0,144000.0,2,180000.0,2,0
7384.5,184000.0,2,230000.0,2,0
7386.0,40000.0,2,50000.0,2,0
7387.5,296000.0,1,370000.0,1,1
7389.0,24000.0,1,30000.0,1,0
7390.5,224000.0,1,280000.0,1,0
7392.0,168000.0,2,210000.0,2,1
7393.5,120000.0,2,150000.0,2,0
7395.0,136000.0,2,170000.0,2,0
7396.5,64000.0,1,80000.0,1,0
7398.0,24000.0,2,30000.0,2,1
7399.5,40000.0,1,50000.0,1,0
7401.0,112000.0,2,140000.0,2,0
7402.5,24000.0,2,30000.0,2,0
7404.0,40000.0,1,50000.0,1,0
7405.5,16000.0,1,20000.0,1,0
7407.0,144000.0,1,180000.0,1,0
7408.5,24000.0,1,30000.0,1,0
7410.0,168000.0,1,210000.0,1,0
7411.5,24000.0,1,30000.0,1,0
7413.0,40000.0,2,50000.0,2,0
7414.5,216000.0,2,270000.0,2,0
7416.0,56000.0,2,70000.0,2,0
7417.5,88000.0,1,110000.0,1,0
7419.0,16000.0,2,20000.0,2,1
7420.5,120000.0,1,150000.0,1,1
7422.0,336000.0,1,420000.0,1,0
7423.5,16000.0,1,20000.0,1,0
7425.0,40000.0,1,50000.0,1,0
7426.5,136000.0,1,170000.0,1,0
7428.0,16000.0,1,20000.0,1,0
7429.5,288000.0,2,360000.0,2,1
7431.0,224000.0,2,280000.0,2,0
7432.5,272000.0,1,340000.0,1,0
7434.0,144000.0,1,180000.0,1,1
7435.5,224000.0,1,280000.0,1,1
7437.0,48000.0,1,60000.0,1,1
7438.5,120000.0,1,150000.0,1,1
7440.0,240000.0,2,300000.0,2,0
7441.5,168000.0,2,210000.0,2,0
7443.0,40000.0,1,50000.0,1,0
7444.5,112000.0,2,140000.0,2,0
7446.0,144000.0,2,180000.0,2,0
7447.5,304000.0,1,380000.0,1,0
7449.0,8000.0,2,10000.0,2,0
7450.5,40000.0,1,50000.0,1,0
7452.0,40000.0,2,50000.0,2,1
7453.5,40000.0,2,50000.0,2,0
7455.0,112000.0,2,140000.0,2,0
7456.5,88000.0,1,110000.0,1,0
7458.0,208000.0,1,260000.0,1,0
7459.5,40000.0,2,50000.0,2,0
7461.0,144000.0,2,180000.0,2,0
7462.5,120000.0,2,150000.0,2,0
7464.0,64000.0,2,80000.0,2,0
7465.5,168000.0,2,210000.0,2,0
7467.0,256000.0,1,320000.0,1,0
7468.5,80000.0,2,100000.0,2,0
7470.0,80000.0,2,100000.0,2,0
7471.5,40000.0,1,50000.0,1,0
7473.0,192000.0,1,240000.0,1,1
7474.5,240000.0,2,300000.0,2,0
7476.0,160000.0,2,200000.0,2,1
7477.5,216000.0,2,270000.0,2,0
7479.0,120000.0,2,150000.0,2,1
7480.5,208000.0,2,260000.0,2,0
7482.0,40000.0,2,50000.0,2,0
7483.5,104000.0,2,130000.0,2,1
7485.0,64000.0,2,80000.0,2,0
7486.5,16000.0,1,20000.0,1,0
7488.0,328000.0,2,410000.0,2,0
7489.5,64000.0,1,80000.0,1,1
7491.0,128000.0,2,160000.0,2,0
7492.5,400000.0,2,500000.0,2,0
7494.0,16000.0,2,20000.0,2,0
7495.5,144000.0,2,180000.0,2,0
7497.0,160000.0,2,200000.0,2,1
7498.5,248000.0,1,310000.0,1,0
7500.0,128000.0,1,160000.0,1,0
7501.5,136000.0,2,170000.0,2,0
7503.0,400000.0,1,500000.0,1,1
7504.5,112000.0,2,140000.0,2,0
7506.0,64000.0,2,80000.0,2,0
7507.5,336000.0,2,420000.0,2,0
7509.0,72000.0,2,90000.0,2,0
7510.5,224000.0,2,280000.0,2,0
7512.0,16000.0,1,20000.0,1,0
7513.5,136000.0,2,170000.0,2,0
7515.0,24000.0,2,30000.0,2,0
7516.5,16000.0,1,20000.0,1,0
7518.0,224000.0,2,280000.0,2,1
7519.5,24000.0,2,30000.0,2,0
7521.0,136000.0,2,170000.0,2,0
7522.5,232000.0,2,290000.0,2,0
7524.0,232000.0,2,290000.0,2,0
7525.5,288000.0,2,360000.0,2,0
7527.0,152000.0,2,190000.0,2,0
7528.5,72000.0,1,90000.0,1,0
7530.0,16000.0,1,20000.0,1,0
7531.5,232000.0,2,290000.0,2,0
7533.0,368000.0,2,460000.0,2,0
7534.5,184000.0,2,230000.0,2,0
7536.0,136000.0,1,170000.0,1,0
7537.5,144000.0,2,180000.0,2,0
7539.0,16000.0,1,20000.0,1,0
7540.5,40000.0,1,50000.0,1,0
7542.0,160000.0,1,200000.0,1,0
7543.5,64000.0,2,80000.0,2,0
7545.0,304000.0,1,380000.0,1,0
7546.5,400000.0,1,500000.0,1,1
7548.0,136000.0,1,170000.0,1,1
7549.5,16000.0,2,20000.0,2,0
7551.0,256000.0,2,320000.0,2,0
7552.5,40000.0,2,50000.0,2,1
7554.0,320000.0,1,400000.0,1,0
7555.5,256000.0,2,320000.0,2,0
7557.0,160000.0,1,200000.0,1,0
7558.5,16000.0,1,20000.0,1,1
7560.0,184000.0,2,230000.0,2,1
7561.5,104000.0,2,130000.0,2,1
7563.0,248000.0,1,310000.0,1,1
7564.5,40000.0,2,50000.0,2,0
7566.0,72000.0,1,90000.0,1,0
7567.5,208000.0,2,260000.0,2,0
7569.0,216000.0,1,270000.0,1,0
7570.5,168000.0,2,210000.0,2,0
7572.0,176000.0,2,220000.0,2,0
7573.5,64000.0,1,80000.0,1,1
7575.0,40000.0,2,50000.0,2,0
7576.5,16000.0,2,20000.0,2,0
7578.0,16000.0,2,20000.0,2,0
7579.5,80000.0,2,100000.0,2,0
7581.0,256000.0,1,320000.0,1,0
7582.5,160000.0,2,200000.0,2,0
7584.0,64000.0,2,80000.0,2,0
7585.5,96000.0,2,120000.0,2,1
7587.0,16000.0,1,20000.0,1,0
7588.5,160000.0,2,200000.0,2,0
7590.0,112000.0,2,140000.0,2,0
7591.5,40000.0,1,50000.0,1,1
7593.0,48000.0,1,60000.0,1,0
7594.5,40000.0,1,50000.0,1,0
7596.0,160000.0,2,200000.0,2,0
7597.5,16000.0,1,20000.0,1,1
7599.0,160000.0,2,200000.0,2,0
7600.5,280000.0,2,350000.0,2,0
7602.0,40000.0,2,50000.0,2,1
7603.5,96000.0,1,120000.0,1,1
7605.0,120000.0,1,150000.0,1,0
7606.5,144000.0,2,180000.0,2,0
7608.0,96000.0,2,120000.0,2,1
7609.5,104000.0,2,130000.0,2,0
7611.0,64000.0,2,80000.0,2,0
7612.5,312000.0,2,390000.0,2,0
7614.0,40000.0,2,50000.0,2,1
7615.5,40000.0,1,50000.0,1,0
7617.0,256000.0,2,320000.0,2,1
7618.5,40000.0,2,50000.0,2,1
7620.0,160000.0,2,200000.0,2,0
7621.5,24000.0,1,30000.0,1,1
7623.0,232000.0,2,290000.0,2,0
7624.5,40000.0,2,50000.0,2,0
7626.0,40000.0,2,50000.0,2,0
7627.5,112000.0,1,140000.0,1,1
7629.0,40000.0,1,50000.0,1,1
7630.5,64000.0,2,80000.0,2,0
7632.0,40000.0,2,50000.0,2,0
7633.5,224000.0,2,280000.0,2,0
7635.0,64000.0,2,80000.0,2,0
7636.5,48000.0,2,60000.0,2,0
7638.0,288000.0,2,360000.0,2,0
7639.5,416000.0,1,520000.0,1,0
7641.0,168000.0,2,210000.0,2,1
7642.5,288000.0,1,360000.0,1,0
7644.0,80000.0,1,100000.0,1,0
7645.5,40000.0,2,50000.0,2,1
7647.0,224000.0,2,280000.0,2,0
7648.5,96000.0,1,120000.0,1,0
7650.0,40000.0,1,50000.0,1,1
7651.5,288000.0,2,360000.0,2,0
7653.0,112000.0,2,140000.0,2,1
7654.5,104000.0,1,130000.0,1,0
7656.0,192000.0,2,240000.0,2,0
7657.5,56000.0,2,70000.0,2,0
7659.0,64000.0,1,80000.0,1,0
7660.5,16000.0,2,20000.0,2,0
7662.0,144000.0,2,180000.0,2,1
7663.5,64000.0,1,80000.0,1,0
7665.0,240000.0,2,300000.0,2,0
7666.5,56000.0,1,70000.0,1,0
7668.0,144000.0,2,180000.0,2,1
7669.5,120000.0,1,150000.0,1,0
7671.0,24000.0,2,30000.0,2,1
7672.5,144000.0,2,180000.0,2,0
7674.0,16000.0,1,20000.0,1,0
7675.5,24000.0,1,30000.0,1,0
7677.0,400000.0,1,500000.0,1,1
7678.5,232000.0,2,290000.0,2,0
7680.0,400000.0,2,500000.0,2,0
7681.5,120000.0,1,150000.0,1,0
7683.0,160000.0,1,200000.0,1,1
7684.5,40000.0,2,50000.0,2,0
7686.0,144000.0,2,180000.0,2,1
7687.5,120000.0,2,150000.0,2,0
7689.0,168000.0,2,210000.0,2,1
7690.5,24000.0,2,30000.0,2,0
7692.0,288000.0,1,360000.0,1,0
7693.5,48000.0,2,60000.0,2,0
7695.0,184000.0,2,230000.0,2,0
7696.5,208000.0,1,260000.0,1,0
7698.0,168000.0,2,210000.0,2,0
7699.5,160000.0,2,200000.0,2,0
7701.0,16000.0,1,20000.0,1,0
7702.5,24000.0,1,30000.0,1,0
7704.0,144000.0,2,180000.0,2,1
7705.5,40000.0,1,50000.0,1,1
7707.0,160000.0,1,200000.0,1,0
7708.5,112000.0,2,140000.0,2,0
7710.0,200000.0,2,250000.0,2,0
7711.5,160000.0,1,200000.0,1,0
7713.0,64000.0,2,80000.0,2,0
7714.5,48000.0,2,60000.0,2,0
7716.0,288000.0,2,360000.0,2,0
7717.5,40000.0,1,50000.0,1,1
7719.0,192000.0,2,240000.0,2,0
7720.5,264000.0,2,330000.0,2,1
7722.0,40000.0,2,50000.0,2,1
7723.5,88000.0,1,110000.0,1,1
7725.0,24000.0,1,30000.0,1,1
7726.5,16000.0,1,20000.0,1,1
7728.0,16000.0,1,20000.0,1,1
7729.5,128000.0,1,160000.0,1,0
7731.0,64000.0,1,80000.0,1,0
7732.5,144000.0,2,180000.0,2,0
7734.0,64000.0,1,80000.0,1,0
7735.5,120000.0,1,150000.0,1,0
7737.0,104000.0,1,130000.0,1,1
7738.5,192000.0,1,240000.0,1,0
7740.0,320000.0,2,400000.0,2,0
7741.5,400000.0,1,500000.0,1,0
7743.0,16000.0,1,20000.0,1,1
7744.5,192000.0,1,240000.0,1,0
7746.0,88000.0,2,110000.0,2,1
7747.5,64000.0,2,80000.0,2,0
7749.0,40000.0,1,50000.0,1,0
7750.5,264000.0,1,330000.0,1,0
7752.0,160000.0,1,200000.0,1,0
7753.5,184000.0,2,230000.0,2,0
7755.0,112000.0,2,140000.0,2,1
7756.5,288000.0,1,360000.0,1,0
7758.0,56000.0,1,70000.0,1,1
7759.5,288000.0,2,360000.0,2,0
7761.0,208000.0,2,260000.0,2,0
7762.5,64000.0,2,80000.0,2,0
7764.0,144000.0,2,180000.0,2,0
7765.5,152000.0,2,190000.0,2,0
7767.0,152000.0,1,190000.0,1,1
7768.5,208000.0,1,260000.0,1,0
7770.0,160000.0,1,200000.0,1,1
7771.5,272000.0,2,340000.0,2,1
7773.0,160000.0,2,200000.0,2,0
7774.5,120000.0,2,150000.0,2,0
7776.0,80000.0,1,100000.0,1,0
7777.5,80000.0,2,100000.0,2,1
7779.0,160000.0,2,200000.0,2,0
7780.5,184000.0,1,230000.0,1,0
7782.0,160000.0,1,200000.0,1,0
7783.5,112000.0,1,140000.0,1,0
7785.0,24000.0,1,30000.0,1,0
7786.5,80000.0,2,100000.0,2,0
7788.0,40000.0,1,50000.0,1,1
7789.5,264000.0,2,330000.0,2,0
7791.0,400000.0,2,500000.0,2,1
7792.5,400000.0,2,500000.0,2,0
7794.0,40000.0,2,50000.0,2,0
7795.5,40000.0,2,50000.0,2,0
7797.0,40000.0,2,50000.0,2,0
7798.5,16000.0,1,20000.0,1,0
7800.0,56000.0,2,70000.0,2,0
7801.5,48000.0,2,60000.0,2,1
7803.0,184000.0,1,230000.0,1,0
7804.5,48000.0,1,60000.0,1,0
7806.0,264000.0,1,330000.0,1,0
7807.5,400000.0,2,500000.0,2,0
7809.0,24000.0,2,30000.0,2,0
7810.5,128000.0,2,160000.0,2,0
7812.0,88000.0,1,110000.0,1,0
7813.5,40000.0,2,50000.0,2,0
7815.0,40000.0,2,50000.0,2,0
7816.5,16000.0,1,20000.0,1,1
7818.0,40000.0,1,50000.0,1,0
7819.5,168000.0,1,210000.0,1,0
7821.0,400000.0,2,500000.0,2,0
7822.5,256000.0,1,320000.0,1,0
7824.0,280000.0,2,350000.0,2,0
7825.5,40000.0,1,50000.0,1,0
7827.0,40000.0,2,50000.0,2,0
7828.5,16000.0,2,20000.0,2,1
7830.0,64000.0,2,80000.0,2,1
7831.5,136000.0,1,170000.0,1,0
7833.0,40000.0,2,50000.0,2,1
7834.5,320000.0,1,400000.0,1,0
7836.0,72000.0,2,90000.0,2,1
7837.5,40000.0,1,50000.0,1,0
7839.0,48000.0,2,60000.0,2,0
7840.5,40000.0,2,50000.0,2,0
7842.0,200000.0,2,250000.0,2,0
7843.5,256000.0,2,320000.0,2,1
7845.0,208000.0,2,260000.0,2,0
7846.5,16000.0,1,20000.0,1,0
7848.0,40000.0,1,50000.0,1,0
7849.5,40000.0,1,50000.0,1,0
7851.0,40000.0,1,50000.0,1,0
7852.5,120000.0,2,150000.0,2,0
7854.0,16000.0,2,20000.0,2,1
7855.5,152000.0,2,190000.0,2,1
7857.0,200000.0,1,250000.0,1,0
7858.5,304000.0,1,380000.0,1,0
7860.0,264000.0,2,330000.0,2,0
7861.5,40000.0,2,50000.0,2,0
7863.0,112000.0,2,140000.0,2,0
7864.5,16000.0,2,20000.0,2,1
7866.0,56000.0,2,70000.0,2,0
7867.5,128000.0,2,160000.0,2,0
7869.0,192000.0,2,240000.0,2,0
7870.5,240000.0,2,300000.0,2,0
7872.0,56000.0,1,70000.0,1,0
7873.5,24000.0,2,30000.0,2,1
7875.0,312000.0,2,390000.0,2,0
7876.5,16000.0,2,20000.0,2,0
7878.0,264000.0,2,330000.0,2,0
7879.5,336000.0,2,420000.0,2,0
7881.0,160000.0,1,200000.0,1,0
7882.5,56000.0,1,70000.0,1,1
7884.0,144000.0,2,180000.0,2,0
7885.5,208000.0,2,260000.0,2,0
7887.0,64000.0,2,80000.0,2,0
7888.5,200000.0,2,250000.0,2,0
7890.0,112000.0,1,140000.0,1,0
7891.5,32000.0,2,40000.0,2,1
7893.0,40000.0,2,50000.0,2,0
7894.5,168000.0,2,210000.0,2,0
7896.0,144000.0,2,180000.0,2,0
7897.5,40000.0,1,50000.0,1,0
7899.0,256000.0,2,320000.0,2,0
7900.5,184000.0,1,230000.0,1,0
7902.0,128000.0,2,160000.0,2,0
7903.5,88000.0,1,110000.0,1,0
7905.0,200000.0,2,250000.0,2,0
7906.5,16000.0,2,20000.0,2,0
7908.0,136000.0,2,170000.0,2,0
7909.5,112000.0,1,140000.0,1,0
7911.0,48000.0,2,60000.0,2,1
7912.5,16000.0,1,20000.0,1,1
7914.0,64000.0,1,80000.0,1,0
7915.5,48000.0,1,60000.0,1,0
7917.0,168000.0,2,210000.0,2,0
7918.5,256000.0,1,320000.0,1,0
7920.0,40000.0,2,50000.0,2,0
7921.5,8000.0,1,10000.0,1,0
7923.0,40000.0,1,50000.0,1,1
7924.5,112000.0,2,140000.0,2,0
7926.0,40000.0,2,50000.0,2,0
7927.5,64000.0,1,80000.0,1,1
7929.0,240000.0,2,300000.0,2,0
7930.5,416000.0,2,520000.0,2,1
7932.0,160000.0,2,200000.0,2,0
7933.5,160000.0,2,200000.0,2,0
7935.0,48000.0,2,60000.0,2,0
7936.5,144000.0,2,180000.0,2,0
7938.0,96000.0,2,120000.0,2,0
7939.5,40000.0,1,50000.0,1,0
7941.0,16000.0,1,20000.0,1,0
7942.5,8000.0,1,10000.0,1,1
7944.0,416000.0,1,520000.0,1,0
7945.5,400000.0,2,500000.0,2,0
7947.0,40000.0,1,50000.0,1,0
7948.5,160000.0,2,200000.0,2,0
7950.0,288000.0,2,360000.0,2,0
7951.5,320000.0,2,400000.0,2,0
7953.0,72000.0,1,90000.0,1,0
7954.5,72000.0,2,90000.0,2,0
7956.0,160000.0,2,200000.0,2,0
7957.5,120000.0,2,150000.0,2,1
7959.0,280000.0,1,350000.0,1,0
7960.5,400000.0,1,500000.0,1,0
7962.0,128000.0,2,160000.0,2,0
7963.5,64000.0,1,80000.0,1,0
7965.0,104000.0,1,130000.0,1,0
7966.5,80000.0,2,100000.0,2,0
7968.0,64000.0,1,80000.0,1,0
7969.5,40000.0,2,50000.0,2,0
7971.0,64000.0,2,80000.0,2,0
7972.5,160000.0,1,200000.0,1,0
7974.0,264000.0,2,330000.0,2,0
7975.5,40000.0,2,50000.0,2,1
7977.0,64000.0,2,80000.0,2,1
7978.5,216000.0,2,270000.0,2,0
7980.0,24000.0,2,30000.0,2,0
7981.5,400000.0,1,500000.0,1,0
7983.0,48000.0,2,60000.0,2,0
7984.5,16000.0,2,20000.0,2,0
7986.0,144000.0,2,180000.0,2,0
7987.5,24000.0,2,30000.0,2,0
7989.0,160000.0,1,200000.0,1,0
7990.5,256000.0,2,320000.0,2,0
7992.0,168000.0,2,210000.0,2,0
7993.5,160000.0,2,200000.0,2,0
7995.0,136000.0,1,170000.0,1,0
7996.5,40000.0,1,50000.0,1,0
7998.0,16000.0,2,20000.0,2,0
7999.5,16000.0,2,20000.0,2,0
8001.0,464000.0,2,580000.0,2,0
8002.5,64000.0,2,80000.0,2,0
8004.0,40000.0,2,50000.0,2,1
8005.5,24000.0,1,30000.0,1,0
8007.0,40000.0,2,50000.0,2,1
8008.5,16000.0,1,20000.0,1,1
8010.0,80000.0,2,100000.0,2,0
8011.5,64000.0,1,80000.0,1,0
8013.0,32000.0,2,40000.0,2,0
8014.5,64000.0,2,80000.0,2,0
8016.0,8000.0,1,10000.0,1,0
8017.5,160000.0,2,200000.0,2,0
8019.0,40000.0,2,50000.0,2,0
8020.5,112000.0,2,140000.0,2,0
8022.0,272000.0,2,340000.0,2,0
8023.5,176000.0,1,220000.0,1,1
8025.0,64000.0,2,80000.0,2,1
8026.5,16000.0,1,20000.0,1,1
8028.0,400000.0,1,500000.0,1,0
8029.5,80000.0,2,100000.0,2,0
8031.0,120000.0,1,150000.0,1,0
8032.5,288000.0,1,360000.0,1,0
8034.0,48000.0,2,60000.0,2,0
8035.5,400000.0,1,500000.0,1,0
8037.0,216000.0,2,270000.0,2,0
8038.5,184000.0,2,230000.0,2,0
8040.0,128000.0,2,160000.0,2,0
8041.5,16000.0,1,20000.0,1,0
8043.0,184000.0,1,230000.0,1,0
8044.5,40000.0,2,50000.0,2,0
8046.0,400000.0,2,500000.0,2,0
8047.5,64000.0,2,80000.0,2,0
8049.0,40000.0,1,50000.0,1,1
8050.5,16000.0,1,20000.0,1,0
8052.0,160000.0,2,200000.0,2,0
8053.5,80000.0,2,100000.0,2,0
8055.0,312000.0,2,390000.0,2,0
8056.5,360000.0,1,450000.0,1,0
8058.0,8000.0,1,10000.0,1,1
8059.5,216000.0,1,270000.0,1,0
8061.0,152000.0,1,190000.0,1,0
8062.5,24000.0,2,30000.0,2,0
8064.0,288000.0,2,360000.0,2,0
8065.5,40000.0,2,50000.0,2,0
8067.0,192000.0,2,240000.0,2,0
8068.5,120000.0,1,150000.0,1,0
8070.0,120000.0,1,150000.0,1,0
8071.5,16000.0,1,20000.0,1,0
8073.0,40000.0,1,50000.0,1,1
8074.5,32000.0,2,40000.0,2,0
8076.0,16000.0,1,20000.0,1,1
8077.5,120000.0,2,150000.0,2,0
8079.0,40000.0,2,50000.0,2,0
8080.5,40000.0,2,50000.0,2,1
8082.0,40000.0,1,50000.0,1,1
8083.5,40000.0,1,50000.0,1,1
8085.0,160000.0,2,200000.0,2,0
8086.5,160000.0,1,200000.0,1,1
8088.0,96000.0,2,120000.0,2,0
8089.5,72000.0,1,90000.0,1,1
8091.0,24000.0,2,30000.0,2,0
8092.5,56000.0,1,70000.0,1,0
8094.0,392000.0,2,490000.0,2,0
8095.5,40000.0,1,50000.0,1,0
8097.0,256000.0,1,320000.0,1,0
8098.5,40000.0,2,50000.0,2,1
8100.0,112000.0,2,140000.0,2,1
8101.5,400000.0,2,500000.0,2,0
8103.0,400000.0,1,500000.0,1,0
8104.5,40000.0,1,50000.0,1,0
8106.0,136000.0,1,170000.0,1,0
8107.5,104000.0,2,130000.0,2,1
8109.0,120000.0,2,150000.0,2,0
8110.5,40000.0,2,50000.0,2,0
8112.0,328000.0,1,410000.0,1,0
8113.5,48000.0,2,60000.0,2,0
8115.0,120000.0,1,150000.0,1,0
8116.5,208000.0,2,260000.0,2,0
8118.0,184000.0,1,230000.0,1,0
8119.5,40000.0,1,50000.0,1,0
8121.0,184000.0,2,230000.0,2,0
8122.5,224000.0,2,280000.0,2,0
8124.0,400000.0,1,500000.0,1,0
8125.5,24000.0,1,30000.0,1,0
8127.0,264000.0,2,330000.0,2,0
8128.5,144000.0,1,180000.0,1,0
8130.0,24000.0,1,30000.0,1,1
8131.5,160000.0,1,200000.0,1,0
8133.0,64000.0,2,80000.0,2,0
8134.5,64000.0,1,80000.0,1,1
8136.0,80000.0,2,100000.0,2,0
8137.5,240000.0,1,300000.0,1,0
8139.0,192000.0,2,240000.0,2,1
8140.5,40000.0,2,50000.0,2,1
8142.0,40000.0,2,50000.0,2,0
8143.5,80000.0,1,100000.0,1,0
8145.0,88000.0,1,110000.0,1,0
8146.5,144000.0,2,180000.0,2,0
8148.0,112000.0,2,140000.0,2,0
8149.5,64000.0,1,80000.0,1,0
8151.0,72000.0,2,90000.0,2,0
8152.5,72000.0,1,90000.0,1,1
8154.0,192000.0,2,240000.0,2,0
8155.5,120000.0,1,150000.0,1,0
8157.0,192000.0,2,240000.0,2,0
8158.5,64000.0,1,80000.0,1,0
8160.0,88000.0,2,110000.0,2,0
8161.5,96000.0,2,120000.0,2,0
8163.0,288000.0,2,360000.0,2,0
8164.5,120000.0,1,150000.0,1,0
8166.0,64000.0,1,80000.0,1,0
8167.5,112000.0,1,140000.0,1,1
8169.0,40000.0,1,50000.0,1,0
8170.5,16000.0,2,20000.0,2,0
8172.0,192000.0,2,240000.0,2,0
8173.5,40000.0,1,50000.0,1,0
8175.0,304000.0,1,380000.0,1,0
8176.5,24000.0,1,30000.0,1,0
8178.0,40000.0,2,50000.0,2,0
8179.5,128000.0,2,160000.0,2,1
8181.0,40000.0,1,50000.0,1,0
8182.5,64000.0,2,80000.0,2,0
8184.0,56000.0,2,70000.0,2,1
8185.5,160000.0,1,200000.0,1,0
8187.0,80000.0,2,100000.0,2,1
8188.5,144000.0,1,180000.0,1,1
8190.0,288000.0,1,360000.0,1,0
8191.5,184000.0,1,230000.0,1,0
8193.0,152000.0,2,190000.0,2,0
8194.5,208000.0,1,260000.0,1,0
8196.0,24000.0,2,30000.0,2,0
8197.5,120000.0,2,150000.0,2,0
8199.0,64000.0,2,80000.0,2,0
8200.5,64000.0,1,80000.0,1,1
8202.0,144000.0,2,180000.0,2,0
8203.5,280000.0,2,350000.0,2,0
8205.0,160000.0,2,200000.0,2,0
8206.5,112000.0,1,140000.0,1,0
8208.0,16000.0,1,20000.0,1,1
8209.5,16000.0,2,20000.0,2,1
8211.0,176000.0,1,220000.0,1,0
8212.5,232000.0,2,290000.0,2,1
8214.0,64000.0,2,80000.0,2,0
8215.5,12800.0,2,16000.0,2,0
8217.0,80000.0,2,100000.0,2,0
8218.5,312000.0,2,390000.0,2,0
8220.0,440000.0,2,550000.0,2,0
8221.5,64000.0,2,80000.0,2,0
8223.0,120000.0,2,150000.0,2,0
8224.5,16000.0,2,20000.0,2,0
8226.0,16000.0,2,20000.0,2,0
8227.5,80000.0,2,100000.0,2,0
8229.0,24000.0,1,30000.0,1,1
8230.5,64000.0,2,80000.0,2,0
8232.0,24000.0,1,30000.0,1,1
8233.5,112000.0,1,140000.0,1,0
8235.0,160000.0,1,200000.0,1,0
8236.5,232000.0,1,290000.0,1,0
8238.0,40000.0,1,50000.0,1,0
8239.5,208000.0,2,260000.0,2,0
8241.0,48000.0,1,60000.0,1,0
8242.5,224000.0,1,280000.0,1,0
8244.0,80000.0,2,100000.0,2,0
8245.5,232000.0,2,290000.0,2,0
8247.0,40000.0,1,50000.0,1,0
8248.5,120000.0,1,150000.0,1,0
8250.0,312000.0,2,390000.0,2,0
8251.5,144000.0,2,180000.0,2,0
8253.0,232000.0,2,290000.0,2,1
8254.5,144000.0,1,180000.0,1,0
8256.0,64000.0,2,80000.0,2,0
8257.5,360000.0,2,450000.0,2,0
8259.0,16000.0,1,20000.0,1,0
8260.5,64000.0,1,80000.0,1,0
8262.0,80000.0,2,100000.0,2,0
8263.5,56000.0,1,70000.0,1,0
8265.0,264000.0,1,330000.0,1,0
8266.5,160000.0,1,200000.0,1,0
8268.0,24000.0,1,30000.0,1,0
8269.5,160000.0,2,200000.0,2,1
8271.0,64000.0,2,80000.0,2,0
8272.5,272000.0,2,340000.0,2,0
8274.0,16000.0,2,20000.0,2,1
8275.5,104000.0,2,130000.0,2,0
8277.0,320000.0,1,400000.0,1,0
8278.5,160000.0,2,200000.0,2,0
8280.0,64000.0,2,80000.0,2,0
8281.5,40000.0,1,50000.0,1,0
8283.0,24000.0,2,30000.0,2,0
8284.5,56000.0,2,70000.0,2,0
8286.0,400000.0,1,500000.0,1,0
8287.5,64000.0,1,80000.0,1,0
8289.0,96000.0,1,120000.0,1,0
8290.5,312000.0,1,390000.0,1,0
8292.0,24000.0,1,30000.0,1,0
8293.5,56000.0,2,70000.0,2,0
8295.0,112000.0,1,140000.0,1,0
8296.5,24000.0,2,30000.0,2,0
8298.0,152000.0,2,190000.0,2,0
8299.5,216000.0,1,270000.0,1,0
8301.0,232000.0,1,290000.0,1,1
8302.5,40000.0,1,50000.0,1,1
8304.0,160000.0,2,200000.0,2,0
8305.5,24000.0,2,30000.0,2,0
8307.0,120000.0,1,150000.0,1,0
8308.5,24000.0,2,30000.0,2,1
8310.0,400000.0,1,500000.0,1,0
8311.5,16000.0,2,20000.0,2,0
8313.0,40000.0,1,50000.0,1,0
8314.5,224000.0,1,280000.0,1,0
8316.0,64000.0,1,80000.0,1,0
8317.5,160000.0,1,200000.0,1,0
8319.0,24000.0,2,30000.0,2,0
8320.5,24000.0,2,30000.0,2,0
8322.0,304000.0,2,380000.0,2,0
8323.5,208000.0,2,260000.0,2,0
8325.0,40000.0,1,50000.0,1,0
8326.5,72000.0,1,90000.0,1,0
8328.0,16000.0,1,20000.0,1,0
8329.5,8000.0,1,10000.0,1,0
8331.0,320000.0,2,400000.0,2,0
8332.5,240000.0,2,300000.0,2,0
8334.0,120000.0,2,150000.0,2,0
8335.5,40000.0,2,50000.0,2,0
8337.0,80000.0,2,100000.0,2,1
8338.5,120000.0,2,150000.0,2,1
8340.0,88000.0,1,110000.0,1,0
8341.5,80000.0,2,100000.0,2,0
8343.0,40000.0,1,50000.0,1,1
8344.5,64000.0,1,80000.0,1,0
8346.0,168000.0,2,210000.0,2,0
8347.5,112000.0,2,140000.0,2,1
8349.0,192000.0,2,240000.0,2,0
8350.5,88000.0,2,110000.0,2,0
8352.0,80000.0,2,100000.0,2,0
8353.5,40000.0,1,50000.0,1,0
8355.0,72000.0,2,90000.0,2,0
8356.5,120000.0,1,150000.0,1,0
8358.0,80000.0,2,100000.0,2,1
8359.5,112000.0,2,140000.0,2,0
8361.0,184000.0,2,230000.0,2,0
8362.5,16000.0,2,20000.0,2,1
8364.0,184000.0,2,230000.0,2,0
8365.5,120000.0,1,150000.0,1,1
8367.0,16000.0,1,20000.0,1,0
8368.5,96000.0,2,120000.0,2,0
8370.0,24000.0,2,30000.0,2,1
8371.5,176000.0,1,220000.0,1,0
8373.0,200000.0,1,250000.0,1,0
8374.5,64000.0,1,80000.0,1,0
8376.0,48000.0,1,60000.0,1,0
8377.5,104000.0,2,130000.0,2,0
8379.0,320000.0,1,400000.0,1,0
8380.5,120000.0,2,150000.0,2,0
8382.0,184000.0,2,230000.0,2,1
8383.5,56000.0,2,70000.0,2,0
8385.0,40000.0,2,50000.0,2,0
8386.5,72000.0,2,90000.0,2,0
8388.0,24000.0,2,30000.0,2,0
8389.5,24000.0,1,30000.0,1,0
8391.0,200000.0,2,250000.0,2,0
8392.5,24000.0,2,30000.0,2,0
8394.0,120000.0,2,150000.0,2,0
8395.5,320000.0,2,400000.0,2,0
8397.0,24000.0,2,30000.0,2,1
8398.5,216000.0,2,270000.0,2,0
8400.0,288000.0,1,360000.0,1,0
8401.5,64000.0,2,80000.0,2,1
8403.0,56000.0,2,70000.0,2,0
8404.5,40000.0,2,50000.0,2,0
8406.0,176000.0,2,220000.0,2,0
8407.5,56000.0,1,70000.0,1,1
8409.0,272000.0,2,340000.0,2,0
8410.5,16000.0,2,20000.0,2,0
8412.0,240000.0,2,300000.0,2,0
8413.5,144000.0,2,180000.0,2,0
8415.0,48000.0,1,60000.0,1,0
8416.5,128000.0,2,160000.0,2,1
8418.0,40000.0,1,50000.0,1,0
8419.5,80000.0,2,100000.0,2,0
8421.0,48000.0,2,60000.0,2,0
8422.5,24000.0,1,30000.0,1,0
8424.0,400000.0,2,500000.0,2,0
8425.5,16000.0,2,20000.0,2,0
8427.0,40000.0,2,50000.0,2,0
8428.5,144000.0,2,180000.0,2,0
8430.0,72000.0,2,90000.0,2,0
8431.5,120000.0,2,150000.0,2,0
8433.0,24000.0,1,30000.0,1,0
8434.5,104000.0,1,130000.0,1,0
8436.0,64000.0,2,80000.0,2,0
8437.5,168000.0,2,210000.0,2,0
8439.0,424000.0,2,530000.0,2,0
8440.5,288000.0,1,360000.0,1,1
8442.0,112000.0,2,140000.0,2,0
8443.5,16000.0,2,20000.0,2,0
8445.0,160000.0,2,200000.0,2,0
8446.5,32000.0,2,40000.0,2,1
8448.0,160000.0,1,200000.0,1,0
8449.5,72000.0,1,90000.0,1,0
8451.0,328000.0,1,410000.0,1,0
8452.5,136000.0,2,170000.0,2,0
8454.0,184000.0,2,230000.0,2,0
8455.5,168000.0,2,210000.0,2,0
8457.0,160000.0,1,200000.0,1,0
8458.5,40000.0,2,50000.0,2,0
8460.0,104000.0,1,130000.0,1,0
8461.5,168000.0,1,210000.0,1,0
8463.0,104000.0,2,130000.0,2,0
8464.5,64000.0,2,80000.0,2,0
8466.0,288000.0,2,360000.0,2,0
8467.5,400000.0,1,500000.0,1,0
8469.0,48000.0,2,60000.0,2,1
8470.5,128000.0,2,160000.0,2,0
8472.0,40000.0,2,50000.0,2,1
8473.5,40000.0,1,50000.0,1,0
8475.0,288000.0,1,360000.0,1,0
8476.5,24000.0,2,30000.0,2,0
8478.0,16000.0,2,20000.0,2,0
8479.5,288000.0,2,360000.0,2,1
8481.0,40000.0,2,50000.0,2,0
8482.5,368000.0,2,460000.0,2,0
8484.0,16000.0,1,20000.0,1,0
8485.5,264000.0,1,330000.0,1,0
8487.0,160000.0,2,200000.0,2,0
8488.5,40000.0,2,50000.0,2,1
8490.0,40000.0,2,50000.0,2,0
8491.5,40000.0,1,50000.0,1,0
8493.0,216000.0,2,270000.0,2,0
8494.5,160000.0,2,200000.0,2,0
8496.0,240000.0,2,300000.0,2,0
8497.5,40000.0,2,50000.0,2,0
8499.0,200000.0,2,250000.0,2,1
8500.5,320000.0,1,400000.0,1,0
8502.0,288000.0,2,360000.0,2,0
8503.5,96000.0,2,120000.0,2,1
8505.0,40000.0,2,50000.0,2,1
8506.5,272000.0,2,340000.0,2,0
8508.0,144000.0,1,180000.0,1,0
8509.5,40000.0,2,50000.0,2,0
8511.0,120000.0,1,150000.0,1,0
8512.5,80000.0,2,100000.0,2,1
8514.0,160000.0,2,200000.0,2,0
8515.5,128000.0,1,160000.0,1,0
8517.0,40000.0,1,50000.0,1,0
8518.5,120000.0,2,150000.0,2,0
8520.0,40000.0,2,50000.0,2,0
8521.5,176000.0,2,220000.0,2,0
8523.0,24000.0,2,30000.0,2,1
8524.5,24000.0,2,30000.0,2,1
8526.0,40000.0,2,50000.0,2,0
8527.5,128000.0,2,160000.0,2,0
8529.0,144000.0,1,180000.0,1,0
8530.5,152000.0,1,190000.0,1,0
8532.0,384000.0,2,480000.0,2,0
8533.5,216000.0,2,270000.0,2,0
8535.0,160000.0,1,200000.0,1,0
8536.5,64000.0,1,80000.0,1,1
8538.0,328000.0,1,410000.0,1,0
8539.5,40000.0,2,50000.0,2,1
8541.0,40000.0,2,50000.0,2,0
8542.5,168000.0,1,210000.0,1,1
8544.0,16000.0,1,20000.0,1,0
8545.5,120000.0,2,150000.0,2,0
8547.0,104000.0,2,130000.0,2,1
8548.5,160000.0,2,200000.0,2,0
8550.0,88000.0,2,110000.0,2,0
8551.5,144000.0,2,180000.0,2,1
8553.0,240000.0,2,300000.0,2,0
8554.5,288000.0,1,360000.0,1,0
8556.0,304000.0,2,380000.0,2,0
8557.5,288000.0,2,360000.0,2,1
8559.0,64000.0,1,80000.0,1,1
8560.5,280000.0,2,350000.0,2,0
8562.0,16000.0,2,20000.0,2,0
8563.5,256000.0,2,320000.0,2,0
8565.0,72000.0,1,90000.0,1,0
8566.5,32000.0,2,40000.0,2,1
8568.0,40000.0,2,50000.0,2,0
8569.5,168000.0,2,210000.0,2,0
8571.0,24000.0,2,30000.0,2,0
8572.5,248000.0,2,310000.0,2,1
8574.0,224000.0,2,280000.0,2,0
8575.5,224000.0,2,280000.0,2,0
8577.0,208000.0,2,260000.0,2,0
8578.5,72000.0,1,90000.0,1,0
8580.0,224000.0,1,280000.0,1,0
8581.5,288000.0,2,360000.0,2,0
8583.0,24000.0,2,30000.0,2,1
8584.5,304000.0,1,380000.0,1,0
8586.0,64000.0,2,80000.0,2,0
8587.5,40000.0,2,50000.0,2,1
8589.0,224000.0,2,280000.0,2,0
8590.5,96000.0,2,120000.0,2,1
8592.0,144000.0,1,180000.0,1,0
8593.5,304000.0,1,380000.0,1,0
8595.0,88000.0,2,110000.0,2,0
8596.5,40000.0,2,50000.0,2,0
8598.0,160000.0,2,200000.0,2,0
8599.5,160000.0,1,200000.0,1,0
8601.0,120000.0,2,150000.0,2,0
8602.5,48000.0,1,60000.0,1,1
8604.0,160000.0,2,200000.0,2,0
8605.5,72000.0,2,90000.0,2,1
8607.0,120000.0,2,150000.0,2,0
8608.5,16000.0,1,20000.0,1,1
8610.0,120000.0,2,150000.0,2,0
8611.5,144000.0,1,180000.0,1,0
8613.0,376000.0,1,470000.0,1,0
8614.5,24000.0,2,30000.0,2,1
8616.0,16000.0,2,20000.0,2,0
8617.5,320000.0,2,400000.0,2,0
8619.0,168000.0,2,210000.0,2,0
8620.5,96000.0,1,120000.0,1,1
8622.0,128000.0,2,160000.0,2,0
8623.5,160000.0,2,200000.0,2,0
8625.0,128000.0,2,160000.0,2,0
8626.5,128000.0,2,160000.0,2,1
8628.0,200000.0,1,250000.0,1,0
8629.5,112000.0,1,140000.0,1,0
8631.0,264000.0,2,330000.0,2,1
8632.5,176000.0,2,220000.0,2,1
8634.0,24000.0,2,30000.0,2,0
8635.5,208000.0,1,260000.0,1,1
8637.0,304000.0,2,380000.0,2,0
8638.5,8000.0,2,10000.0,2,1
8640.0,152000.0,2,190000.0,2,0
8641.5,24000.0,2,30000.0,2,0
8643.0,240000.0,2,300000.0,2,0
8644.5,16000.0,1,20000.0,1,0
8646.0,16000.0,1,20000.0,1,0
8647.5,64000.0,2,80000.0,2,0
8649.0,192000.0,1,240000.0,1,0
8650.5,72000.0,2,90000.0,2,0
8652.0,80000.0,2,100000.0,2,0
8653.5,256000.0,1,320000.0,1,0
8655.0,288000.0,1,360000.0,1,0
8656.5,144000.0,1,180000.0,1,1
8658.0,240000.0,1,300000.0,1,0
8659.5,16000.0,2,20000.0,2,0
8661.0,216000.0,2,270000.0,2,0
8662.5,16000.0,2,20000.0,2,0
8664.0,288000.0,2,360000.0,2,0
8665.5,96000.0,1,120000.0,1,0
8667.0,104000.0,2,130000.0,2,0
8668.5,48000.0,2,60000.0,2,0
8670.0,48000.0,1,60000.0,1,0
8671.5,96000.0,2,120000.0,2,0
8673.0,104000.0,1,130000.0,1,0
8674.5,288000.0,2,360000.0,2,0
8676.0,8000.0,1,10000.0,1,0
8677.5,96000.0,2,120000.0,2,0
8679.0,48000.0,1,60000.0,1,1
8680.5,192000.0,2,240000.0,2,1
8682.0,128000.0,2,160000.0,2,0
8683.5,160000.0,2,200000.0,2,0
8685.0,240000.0,1,300000.0,1,0
8686.5,80000.0,2,100000.0,2,0
8688.0,224000.0,2,280000.0,2,0
8689.5,152000.0,2,190000.0,2,0
8691.0,40000.0,1,50000.0,1,0
8692.5,168000.0,2,210000.0,2,0
8694.0,96000.0,2,120000.0,2,0
8695.5,112000.0,2,140000.0,2,0
8697.0,40000.0,2,50000.0,2,0
8698.5,120000.0,2,150000.0,2,0
8700.0,40000.0,1,50000.0,1,0
8701.5,96000.0,1,120000.0,1,1
8703.0,192000.0,2,240000.0,2,0
8704.5,16000.0,1,20000.0,1,0
8706.0,64000.0,2,80000.0,2,0
8707.5,112000.0,2,140000.0,2,0
8709.0,40000.0,2,50000.0,2,0
8710.5,120000.0,2,150000.0,2,0
8712.0,72000.0,2,90000.0,2,1
8713.5,512000.0,1,640000.0,1,0
8715.0,288000.0,1,360000.0,1,0
8716.5,104000.0,2,130000.0,2,0
8718.0,168000.0,2,210000.0,2,0
8719.5,152000.0,1,190000.0,1,1
8721.0,120000.0,2,150000.0,2,0
8722.5,8000.0,1,10000.0,1,0
8724.0,24000.0,2,30000.0,2,1
8725.5,160000.0,1,200000.0,1,1
8727.0,112000.0,2,140000.0,2,1
8728.5,136000.0,2,170000.0,2,0
8730.0,16000.0,2,20000.0,2,1
8731.5,64000.0,2,80000.0,2,0
8733.0,88000.0,1,110000.0,1,0
8734.5,120000.0,2,150000.0,2,0
8736.0,40000.0,2,50000.0,2,0
8737.5,40000.0,2,50000.0,2,0
8739.0,40000.0,1,50000.0,1,0
8740.5,8000.0,2,10000.0,2,1
8742.0,224000.0,2,280000.0,2,1
8743.5,40000.0,1,50000.0,1,0
8745.0,8000.0,2,10000.0,2,0
8746.5,112000.0,2,140000.0,2,0
8748.0,112000.0,1,140000.0,1,1
8749.5,240000.0,1,300000.0,1,0
8751.0,24000.0,2,30000.0,2,0
8752.5,160000.0,1,200000.0,1,0
8754.0,216000.0,2,270000.0,2,1
8755.5,72000.0,2,90000.0,2,0
8757.0,8000.0,1,10000.0,1,1
8758.5,40000.0,2,50000.0,2,0
8760.0,64000.0,2,80000.0,2,0
8761.5,88000.0,2,110000.0,2,0
8763.0,296000.0,1,370000.0,1,0
8764.5,40000.0,1,50000.0,1,0
8766.0,8000.0,1,10000.0,1,0
8767.5,144000.0,2,180000.0,2,0
8769.0,48000.0,2,60000.0,2,0
8770.5,72000.0,2,90000.0,2,1
8772.0,96000.0,2,120000.0,2,0
8773.5,88000.0,1,110000.0,1,0
8775.0,224000.0,2,280000.0,2,0
8776.5,160000.0,1,200000.0,1,0
8778.0,104000.0,1,130000.0,1,0
8779.5,160000.0,2,200000.0,2,1
8781.0,40000.0,2,50000.0,2,1
8782.5,24000.0,1,30000.0,1,0
8784.0,184000.0,2,230000.0,2,0
8785.5,144000.0,2,180000.0,2,0
8787.0,176000.0,1,220000.0,1,0
8788.5,40000.0,1,50000.0,1,0
8790.0,16000.0,1,20000.0,1,0
8791.5,200000.0,2,250000.0,2,0
8793.0,40000.0,1,50000.0,1,0
8794.5,144000.0,2,180000.0,2,0
8796.0,256000.0,1,320000.0,1,0
8797.5,8000.0,2,10000.0,2,1
8799.0,256000.0,2,320000.0,2,0
8800.5,200000.0,1,250000.0,1,0
8802.0,24000.0,1,30000.0,1,0
8803.5,208000.0,1,260000.0,1,0
8805.0,104000.0,2,130000.0,2,0
8806.5,144000.0,2,180000.0,2,1
8808.0,216000.0,2,270000.0,2,0
8809.5,64000.0,2,80000.0,2,0
8811.0,24000.0,2,30000.0,2,0
8812.5,80000.0,1,100000.0,1,1
8814.0,272000.0,2,340000.0,2,1
8815.5,168000.0,2,210000.0,2,0
8817.0,224000.0,2,280000.0,2,0
8818.5,568000.0,1,710000.0,1,0
8820.0,40000.0,2,50000.0,2,0
8821.5,152000.0,1,190000.0,1,0
8823.0,320000.0,2,400000.0,2,0
8824.5,88000.0,2,110000.0,2,0
8826.0,16000.0,2,20000.0,2,1
8827.5,16000.0,2,20000.0,2,1
8829.0,16000.0,2,20000.0,2,0
8830.5,16000.0,1,20000.0,1,0
8832.0,184000.0,2,230000.0,2,0
8833.5,144000.0,1,180000.0,1,0
8835.0,224000.0,1,280000.0,1,0
8836.5,408000.0,2,510000.0,2,0
8838.0,120000.0,1,150000.0,1,0
8839.5,16000.0,1,20000.0,1,1
8841.0,88000.0,2,110000.0,2,0
8842.5,184000.0,2,230000.0,2,1
8844.0,144000.0,2,180000.0,2,0
8845.5,184000.0,2,230000.0,2,0
8847.0,296000.0,2,370000.0,2,0
8848.5,400000.0,2,500000.0,2,0
8850.0,208000.0,2,260000.0,2,0
8851.5,64000.0,1,80000.0,1,1
8853.0,112000.0,2,140000.0,2,0
8854.5,40000.0,1,50000.0,1,0
8856.0,40000.0,2,50000.0,2,0
8857.5,64000.0,1,80000.0,1,0
8859.0,120000.0,2,150000.0,2,1
8860.5,40000.0,2,50000.0,2,0
8862.0,64000.0,1,80000.0,1,0
8863.5,112000.0,2,140000.0,2,0
8865.0,112000.0,2,140000.0,2,0
8866.5,40000.0,2,50000.0,2,0
8868.0,24000.0,2,30000.0,2,0
8869.5,184000.0,1,230000.0,1,1
8871.0,120000.0,2,150000.0,2,0
8872.5,160000.0,2,200000.0,2,0
8874.0,88000.0,2,110000.0,2,0
8875.5,120000.0,2,150000.0,2,0
8877.0,160000.0,2,200000.0,2,1
8878.5,144000.0,2,180000.0,2,0
8880.0,72000.0,2,90000.0,2,0
8881.5,160000.0,2,200000.0,2,1
8883.0,184000.0,2,230000.0,2,0
8884.5,64000.0,1,80000.0,1,0
8886.0,184000.0,2,230000.0,2,0
8887.5,272000.0,2,340000.0,2,1
8889.0,232000.0,2,290000.0,2,0
8890.5,48000.0,2,60000.0,2,0
8892.0,256000.0,2,320000.0,2,1
8893.5,160000.0,2,200000.0,2,0
8895.0,40000.0,2,50000.0,2,0
8896.5,40000.0,1,50000.0,1,1
8898.0,184000.0,2,230000.0,2,0
8899.5,104000.0,2,130000.0,2,0
8901.0,64000.0,2,80000.0,2,0
8902.5,96000.0,2,120000.0,2,0
8904.0,160000.0,2,200000.0,2,0
8905.5,240000.0,1,300000.0,1,0
8907.0,160000.0,2,200000.0,2,0
8908.5,64000.0,2,80000.0,2,0
8910.0,64000.0,2,80000.0,2,0
8911.5,48000.0,2,60000.0,2,0
8913.0,24000.0,2,30000.0,2,0
8914.5,240000.0,2,300000.0,2,0
8916.0,80000.0,2,100000.0,2,0
8917.5,232000.0,2,290000.0,2,0
8919.0,216000.0,1,270000.0,1,0
8920.5,56000.0,2,70000.0,2,1
8922.0,72000.0,2,90000.0,2,0
8923.5,136000.0,2,170000.0,2,0
8925.0,64000.0,2,80000.0,2,1
8926.5,80000.0,2,100000.0,2,0
8928.0,192000.0,1,240000.0,1,0
8929.5,232000.0,2,290000.0,2,0
8931.0,96000.0,2,120000.0,2,1
8932.5,160000.0,1,200000.0,1,0
8934.0,16000.0,1,20000.0,1,0
8935.5,400000.0,1,500000.0,1,0
8937.0,80000.0,2,100000.0,2,0
8938.5,280000.0,1,350000.0,1,0
8940.0,40000.0,2,50000.0,2,0
8941.5,272000.0,2,340000.0,2,0
8943.0,144000.0,2,180000.0,2,0
8944.5,240000.0,2,300000.0,2,0
8946.0,176000.0,2,220000.0,2,0
8947.5,64000.0,1,80000.0,1,0
8949.0,40000.0,2,50000.0,2,0
8950.5,80000.0,1,100000.0,1,0
8952.0,160000.0,1,200000.0,1,0
8953.5,384000.0,2,480000.0,2,0
8955.0,136000.0,2,170000.0,2,0
8956.5,16000.0,2,20000.0,2,1
8958.0,64000.0,1,80000.0,1,1
8959.5,64000.0,1,80000.0,1,1
8961.0,240000.0,1,300000.0,1,0
8962.5,120000.0,1,150000.0,1,0
8964.0,40000.0,2,50000.0,2,0
8965.5,40000.0,2,50000.0,2,0
8967.0,80000.0,2,100000.0,2,0
8968.5,72000.0,2,90000.0,2,0
8970.0,56000.0,2,70000.0,2,1
8971.5,72000.0,2,90000.0,2,0
8973.0,320000.0,1,400000.0,1,0
8974.5,8000.0,1,10000.0,1,1
8976.0,64000.0,1,80000.0,1,0
8977.5,56000.0,1,70000.0,1,0
8979.0,80000.0,1,100000.0,1,0
8980.5,168000.0,2,210000.0,2,1
8982.0,288000.0,2,360000.0,2,1
8983.5,224000.0,1,280000.0,1,0
8985.0,144000.0,1,180000.0,1,0
8986.5,176000.0,1,220000.0,1,0
8988.0,160000.0,1,200000.0,1,0
8989.5,104000.0,2,130000.0,2,0
8991.0,160000.0,1,200000.0,1,0
8992.5,136000.0,2,170000.0,2,0
8994.0,112000.0,1,140000.0,1,0
8995.5,40000.0,2,50000.0,2,0
8997.0,160000.0,2,200000.0,2,0
8998.5,160000.0,1,200000.0,1,0
9000.0,288000.0,2,360000.0,2,0
9001.5,40000.0,1,50000.0,1,0
9003.0,400000.0,2,500000.0,2,0
9004.5,72000.0,2,90000.0,2,1
9006.0,400000.0,1,500000.0,1,0
9007.5,64000.0,2,80000.0,2,0
9009.0,184000.0,1,230000.0,1,0
9010.5,96000.0,2,120000.0,2,1
9012.0,152000.0,2,190000.0,2,0
9013.5,400000.0,1,500000.0,1,0
9015.0,64000.0,2,80000.0,2,0
9016.5,360000.0,2,450000.0,2,0
9018.0,224000.0,2,280000.0,2,0
9019.5,288000.0,2,360000.0,2,1
9021.0,24000.0,2,30000.0,2,0
9022.5,40000.0,2,50000.0,2,1
9024.0,48000.0,2,60000.0,2,1
9025.5,24000.0,2,30000.0,2,0
9027.0,16000.0,1,20000.0,1,1
9028.5,16000.0,1,20000.0,1,0
9030.0,160000.0,1,200000.0,1,1
9031.5,80000.0,2,100000.0,2,0
9033.0,240000.0,2,300000.0,2,0
9034.5,168000.0,2,210000.0,2,0
9036.0,56000.0,2,70000.0,2,0
9037.5,168000.0,2,210000.0,2,0
9039.0,352000.0,1,440000.0,1,1
9040.5,328000.0,1,410000.0,1,0
9042.0,88000.0,1,110000.0,1,0
9043.5,160000.0,2,200000.0,2,0
9045.0,144000.0,2,180000.0,2,1
9046.5,120000.0,2,150000.0,2,0
9048.0,264000.0,2,330000.0,2,0
9049.5,400000.0,2,500000.0,2,0
9051.0,280000.0,2,350000.0,2,0
9052.5,160000.0,2,200000.0,2,1
9054.0,224000.0,1,280000.0,1,1
9055.5,64000.0,2,80000.0,2,0
9057.0,224000.0,2,280000.0,2,0
9058.5,104000.0,2,130000.0,2,0
9060.0,128000.0,2,160000.0,2,0
9061.5,16000.0,2,20000.0,2,1
9063.0,240000.0,2,300000.0,2,0
9064.5,80000.0,2,100000.0,2,0
9066.0,104000.0,1,130000.0,1,0
9067.5,400000.0,1,500000.0,1,1
9069.0,160000.0,2,200000.0,2,1
9070.5,288000.0,2,360000.0,2,0
9072.0,16000.0,2,20000.0,2,1
9073.5,320000.0,1,400000.0,1,0
9075.0,160000.0,2,200000.0,2,0
9076.5,24000.0,2,30000.0,2,0
9078.0,24000.0,1,30000.0,1,1
9079.5,40000.0,1,50000.0,1,0
9081.0,184000.0,2,230000.0,2,1
9082.5,168000.0,2,210000.0,2,1
9084.0,40000.0,2,50000.0,2,1
9085.5,136000.0,2,170000.0,2,0
9087.0,184000.0,1,230000.0,1,0
9088.5,184000.0,2,230000.0,2,0
9090.0,280000.0,2,350000.0,2,0
9091.5,136000.0,2,170000.0,2,0
9093.0,120000.0,2,150000.0,2,0
9094.5,72000.0,2,90000.0,2,0
9096.0,256000.0,2,320000.0,2,0
9097.5,96000.0,2,120000.0,2,0
9099.0,16000.0,2,20000.0,2,0
9100.5,224000.0,2,280000.0,2,0
9102.0,72000.0,2,90000.0,2,0
9103.5,360000.0,1,450000.0,1,0
9105.0,216000.0,1,270000.0,1,0
9106.5,64000.0,2,80000.0,2,0
9108.0,184000.0,2,230000.0,2,0
9109.5,40000.0,2,50000.0,2,1
9111.0,200000.0,1,250000.0,1,1
9112.5,176000.0,2,220000.0,2,0
9114.0,24000.0,2,30000.0,2,0
9115.5,96000.0,1,120000.0,1,1
9117.0,80000.0,2,100000.0,2,0
9118.5,120000.0,2,150000.0,2,1
9120.0,536000.0,1,670000.0,1,0
9121.5,160000.0,1,200000.0,1,0
9123.0,56000.0,2,70000.0,2,0
9124.5,40000.0,2,50000.0,2,0
9126.0,64000.0,2,80000.0,2,1
9127.5,8000.0,1,10000.0,1,1
9129.0,112000.0,2,140000.0,2,1
9130.5,24000.0,2,30000.0,2,0
9132.0,160000.0,1,200000.0,1,1
9133.5,72000.0,2,90000.0,2,1
9135.0,104000.0,2,130000.0,2,0
9136.5,128000.0,2,160000.0,2,0
9138.0,120000.0,2,150000.0,2,0
9139.5,120000.0,2,150000.0,2,0
9141.0,16000.0,1,20000.0,1,0
9142.5,64000.0,2,80000.0,2,1
9144.0,368000.0,1,460000.0,1,0
9145.5,48000.0,2,60000.0,2,1
9147.0,40000.0,1,50000.0,1,1
9148.5,160000.0,2,200000.0,2,1
9150.0,48000.0,2,60000.0,2,0
9151.5,160000.0,1,200000.0,1,0
9153.0,184000.0,1,230000.0,1,0
9154.5,40000.0,1,50000.0,1,0
9156.0,48000.0,2,60000.0,2,0
9157.5,144000.0,1,180000.0,1,1
9159.0,40000.0,2,50000.0,2,0
9160.5,120000.0,1,150000.0,1,0
9162.0,112000.0,2,140000.0,2,1
9163.5,96000.0,1,120000.0,1,1
9165.0,160000.0,2,200000.0,2,0
9166.5,400000.0,1,500000.0,1,0
9168.0,96000.0,2,120000.0,2,1
9169.5,400000.0,1,500000.0,1,0
9171.0,40000.0,2,50000.0,2,0
9172.5,24000.0,2,30000.0,2,0
9174.0,192000.0,1,240000.0,1,0
9175.5,136000.0,2,170000.0,2,0
9177.0,64000.0,1,80000.0,1,0
9178.5,288000.0,1,360000.0,1,0
9180.0,40000.0,2,50000.0,2,1
9181.5,56000.0,2,70000.0,2,1
9183.0,200000.0,2,250000.0,2,1
9184.5,120000.0,2,150000.0,2,1
9186.0,80000.0,2,100000.0,2,0
9187.5,288000.0,1,360000.0,1,0
9189.0,24000.0,2,30000.0,2,0
9190.5,392000.0,1,490000.0,1,1
9192.0,144000.0,2,180000.0,2,1
9193.5,336000.0,2,420000.0,2,0
9195.0,16000.0,1,20000.0,1,1
9196.5,384000.0,1,480000.0,1,0
9198.0,280000.0,1,350000.0,1,0
9199.5,288000.0,1,360000.0,1,1
9201.0,192000.0,2,240000.0,2,0
9202.5,224000.0,2,280000.0,2,1
9204.0,120000.0,2,150000.0,2,0
9205.5,256000.0,1,320000.0,1,0
9207.0,16000.0,2,20000.0,2,1
9208.5,40000.0,2,50000.0,2,1
9210.0,224000.0,1,280000.0,1,0
9211.5,360000.0,2,450000.0,2,0
9213.0,208000.0,2,260000.0,2,0
9214.5,400000.0,1,500000.0,1,0
9216.0,376000.0,1,470000.0,1,0
9217.5,120000.0,2,150000.0,2,0
9219.0,80000.0,2,100000.0,2,0
9220.5,80000.0,1,100000.0,1,0
9222.0,176000.0,1,220000.0,1,0
9223.5,240000.0,2,300000.0,2,0
9225.0,184000.0,2,230000.0,2,0
9226.5,240000.0,2,300000.0,2,1
9228.0,40000.0,1,50000.0,1,0
9229.5,136000.0,1,170000.0,1,0
9231.0,368000.0,1,460000.0,1,1
9232.5,24000.0,2,30000.0,2,1
9234.0,24000.0,2,30000.0,2,1
9235.5,16000.0,1,20000.0,1,1
9237.0,176000.0,1,220000.0,1,0
9238.5,56000.0,2,70000.0,2,0
9240.0,264000.0,2,330000.0,2,0
9241.5,296000.0,1,370000.0,1,1
9243.0,184000.0,1,230000.0,1,0
9244.5,40000.0,1,50000.0,1,0
9246.0,288000.0,1,360000.0,1,1
9247.5,312000.0,2,390000.0,2,0
9249.0,288000.0,2,360000.0,2,0
9250.5,24000.0,2,30000.0,2,1
9252.0,400000.0,1,500000.0,1,0
9253.5,96000.0,2,120000.0,2,0
9255.0,288000.0,1,360000.0,1,1
9256.5,16000.0,2,20000.0,2,0
9258.0,40000.0,2,50000.0,2,0
9259.5,184000.0,2,230000.0,2,0
9261.0,128000.0,2,160000.0,2,0
9262.5,88000.0,2,110000.0,2,1
9264.0,40000.0,1,50000.0,1,0
9265.5,24000.0,1,30000.0,1,1
9267.0,40000.0,1,50000.0,1,1
9268.5,192000.0,2,240000.0,2,0
9270.0,72000.0,1,90000.0,1,0
9271.5,120000.0,2,150000.0,2,1
9273.0,80000.0,2,100000.0,2,1
9274.5,56000.0,2,70000.0,2,1
9276.0,344000.0,2,430000.0,2,1
9277.5,120000.0,1,150000.0,1,0
9279.0,40000.0,1,50000.0,1,0
9280.5,160000.0,1,200000.0,1,1
9282.0,120000.0,2,150000.0,2,0
9283.5,40000.0,1,50000.0,1,0
9285.0,240000.0,1,300000.0,1,0
9286.5,40000.0,2,50000.0,2,0
9288.0,24000.0,1,30000.0,1,1
9289.5,304000.0,1,380000.0,1,0
9291.0,56000.0,2,70000.0,2,0
9292.5,288000.0,1,360000.0,1,0
9294.0,40000.0,1,50000.0,1,0
9295.5,16000.0,2,20000.0,2,0
9297.0,64000.0,2,80000.0,2,0
9298.5,24000.0,1,30000.0,1,0
9300.0,40000.0,2,50000.0,2,0
9301.5,24000.0,2,30000.0,2,0
9303.0,208000.0,1,260000.0,1,1
9304.5,168000.0,2,210000.0,2,0
9306.0,160000.0,2,200000.0,2,0
9307.5,40000.0,1,50000.0,1,1
9309.0,392000.0,1,490000.0,1,0
9310.5,136000.0,1,170000.0,1,0
9312.0,400000.0,1,500000.0,1,0
9313.5,176000.0,1,220000.0,1,0
9315.0,120000.0,2,150000.0,2,0
9316.5,40000.0,2,50000.0,2,0
9318.0,40000.0,1,50000.0,1,0
9319.5,80000.0,2,100000.0,2,0
9321.0,248000.0,2,310000.0,2,0
9322.5,408000.0,2,510000.0,2,0
9324.0,160000.0,1,200000.0,1,0
9325.5,40000.0,1,50000.0,1,0
9327.0,240000.0,2,300000.0,2,0
9328.5,360000.0,2,450000.0,2,0
9330.0,24000.0,1,30000.0,1,0
9331.5,48000.0,2,60000.0,2,0
9333.0,112000.0,2,140000.0,2,1
9334.5,40000.0,2,50000.0,2,0
9336.0,72000.0,2,90000.0,2,0
9337.5,152000.0,2,190000.0,2,0
9339.0,120000.0,2,150000.0,2,0
9340.5,312000.0,2,390000.0,2,0
9342.0,24000.0,1,30000.0,1,0
9343.5,192000.0,1,240000.0,1,1
9345.0,208000.0,2,260000.0,2,1
9346.5,24000.0,1,30000.0,1,0
9348.0,400000.0,2,500000.0,2,0
9349.5,48000.0,2,60000.0,2,0
9351.0,160000.0,1,200000.0,1,0
9352.5,64000.0,1,80000.0,1,0
9354.0,80000.0,2,100000.0,2,0
9355.5,304000.0,1,380000.0,1,0
9357.0,168000.0,1,210000.0,1,1
9358.5,8000.0,1,10000.0,1,1
9360.0,400000.0,1,500000.0,1,0
9361.5,192000.0,2,240000.0,2,1
9363.0,216000.0,1,270000.0,1,0
9364.5,40000.0,1,50000.0,1,0
9366.0,96000.0,2,120000.0,2,0
9367.5,224000.0,1,280000.0,1,0
9369.0,208000.0,2,260000.0,2,0
9370.5,288000.0,1,360000.0,1,0
9372.0,168000.0,2,210000.0,2,0
9373.5,312000.0,1,390000.0,1,0
9375.0,32000.0,1,40000.0,1,0
9376.5,8000.0,2,10000.0,2,0
9378.0,96000.0,2,120000.0,2,1
9379.5,160000.0,1,200000.0,1,0
9381.0,64000.0,2,80000.0,2,0
9382.5,48000.0,2,60000.0,2,0
9384.0,104000.0,2,130000.0,2,1
9385.5,80000.0,2,100000.0,2,0
9387.0,16000.0,1,20000.0,1,0
9388.5,368000.0,1,460000.0,1,0
9390.0,64000.0,1,80000.0,1,0
9391.5,64000.0,1,80000.0,1,0
9393.0,192000.0,2,240000.0,2,0
9394.5,160000.0,2,200000.0,2,0
9396.0,184000.0,1,230000.0,1,0
9397.5,208000.0,2,260000.0,2,0
9399.0,72000.0,2,90000.0,2,0
9400.5,256000.0,1,320000.0,1,0
9402.0,224000.0,2,280000.0,2,0
9403.5,96000.0,1,120000.0,1,1
9405.0,320000.0,2,400000.0,2,0
9406.5,40000.0,2,50000.0,2,0
9408.0,8000.0,2,10000.0,2,1
9409.5,56000.0,1,70000.0,1,0
9411.0,168000.0,1,210000.0,1,0
9412.5,112000.0,2,140000.0,2,0
9414.0,232000.0,1,290000.0,1,0
9415.5,24000.0,1,30000.0,1,0
9417.0,88000.0,2,110000.0,2,1
9418.5,16000.0,2,20000.0,2,0
9420.0,176000.0,2,220000.0,2,0
9421.5,144000.0,2,180000.0,2,0
9423.0,24000.0,1,30000.0,1,1
9424.5,40000.0,2,50000.0,2,0
9426.0,120000.0,1,150000.0,1,0
9427.5,120000.0,2,150000.0,2,0
9429.0,112000.0,1,140000.0,1,0
9430.5,64000.0,2,80000.0,2,0
9432.0,160000.0,2,200000.0,2,0
9433.5,320000.0,1,400000.0,1,0
9435.0,104000.0,2,130000.0,2,0
9436.5,40000.0,2,50000.0,2,0
9438.0,152000.0,1,190000.0,1,1
9439.5,376000.0,2,470000.0,2,1
9441.0,224000.0,1,280000.0,1,0
9442.5,368000.0,2,460000.0,2,0
9444.0,272000.0,2,340000.0,2,0
9445.5,88000.0,1,110000.0,1,0
9447.0,352000.0,2,440000.0,2,0
9448.5,72000.0,2,90000.0,2,0
9450.0,56000.0,2,70000.0,2,0
9451.5,24000.0,2,30000.0,2,0
9453.0,96000.0,2,120000.0,2,0
9454.5,240000.0,2,300000.0,2,0
9456.0,48000.0,2,60000.0,2,0
9457.5,144000.0,1,180000.0,1,1
9459.0,24000.0,2,30000.0,2,1
9460.5,288000.0,1,360000.0,1,0
9462.0,120000.0,1,150000.0,1,0
9463.5,56000.0,2,70000.0,2,0
9465.0,120000.0,2,150000.0,2,0
9466.5,352000.0,2,440000.0,2,0
9468.0,400000.0,1,500000.0,1,0
9469.5,208000.0,1,260000.0,1,1
9471.0,288000.0,1,360000.0,1,0
9472.5,112000.0,1,140000.0,1,0
9474.0,8000.0,1,10000.0,1,1
9475.5,160000.0,2,200000.0,2,0
9477.0,168000.0,1,210000.0,1,0
9478.5,16000.0,1,20000.0,1,1
9480.0,192000.0,1,240000.0,1,0
9481.5,24000.0,1,30000.0,1,1
9483.0,360000.0,2,450000.0,2,0
9484.5,48000.0,2,60000.0,2,0
9486.0,80000.0,2,100000.0,2,0
9487.5,400000.0,1,500000.0,1,0
9489.0,40000.0,1,50000.0,1,0
9490.5,64000.0,2,80000.0,2,0
9492.0,16000.0,2,20000.0,2,1
9493.5,400000.0,1,500000.0,1,0
9495.0,112000.0,2,140000.0,2,0
9496.5,400000.0,2,500000.0,2,0
9498.0,40000.0,1,50000.0,1,1
9499.5,136000.0,1,170000.0,1,1
9501.0,176000.0,2,220000.0,2,0
9502.5,56000.0,2,70000.0,2,1
9504.0,288000.0,2,360000.0,2,0
9505.5,344000.0,2,430000.0,2,0
9507.0,16000.0,1,20000.0,1,0
9508.5,160000.0,2,200000.0,2,0
9510.0,160000.0,2,200000.0,2,0
9511.5,64000.0,2,80000.0,2,0
9513.0,104000.0,1,130000.0,1,0
9514.5,120000.0,1,150000.0,1,0
9516.0,120000.0,1,150000.0,1,1
9517.5,152000.0,2,190000.0,2,1
9519.0,360000.0,2,450000.0,2,1
9520.5,64000.0,2,80000.0,2,0
9522.0,208000.0,2,260000.0,2,0
9523.5,64000.0,1,80000.0,1,1
9525.0,400000.0,1,500000.0,1,0
9526.5,208000.0,1,260000.0,1,0
9528.0,208000.0,2,260000.0,2,1
9529.5,40000.0,1,50000.0,1,0
9531.0,288000.0,2,360000.0,2,0
9532.5,136000.0,2,170000.0,2,0
9534.0,96000.0,2,120000.0,2,0
9535.5,40000.0,2,50000.0,2,0
9537.0,40000.0,2,50000.0,2,1
9538.5,248000.0,1,310000.0,1,0
9540.0,40000.0,1,50000.0,1,0
9541.5,112000.0,2,140000.0,2,0
9543.0,80000.0,2,100000.0,2,1
9544.5,16000.0,1,20000.0,1,0
9546.0,96000.0,2,120000.0,2,1
9547.5,24000.0,2,30000.0,2,0
9549.0,16000.0,1,20000.0,1,1
9550.5,128000.0,2,160000.0,2,1
9552.0,144000.0,2,180000.0,2,0
9553.5,32000.0,2,40000.0,2,0
9555.0,64000.0,2,80000.0,2,0
9556.5,96000.0,1,120000.0,1,0
9558.0,16000.0,2,20000.0,2,1
9559.5,16000.0,1,20000.0,1,0
9561.0,80000.0,1,100000.0,1,1
9562.5,400000.0,1,500000.0,1,0
9564.0,64000.0,2,80000.0,2,0
9565.5,120000.0,2,150000.0,2,0
9567.0,24000.0,2,30000.0,2,0
9568.5,96000.0,1,120000.0,1,1
9570.0,56000.0,2,70000.0,2,1
9571.5,120000.0,1,150000.0,1,0
9573.0,168000.0,2,210000.0,2,0
9574.5,64000.0,2,80000.0,2,0
9576.0,72000.0,1,90000.0,1,0
9577.5,16000.0,2,20000.0,2,0
9579.0,192000.0,2,240000.0,2,0
9580.5,40000.0,1,50000.0,1,1
9582.0,200000.0,2,250000.0,2,0
9583.5,224000.0,2,280000.0,2,0
9585.0,8000.0,1,10000.0,1,0
9586.5,120000.0,2,150000.0,2,0
9588.0,264000.0,2,330000.0,2,0
9589.5,192000.0,1,240000.0,1,1
9591.0,104000.0,2,130000.0,2,0
9592.5,360000.0,1,450000.0,1,0
9594.0,40000.0,1,50000.0,1,1
9595.5,56000.0,2,70000.0,2,0
9597.0,64000.0,1,80000.0,1,0
9598.5,40000.0,1,50000.0,1,0
9600.0,24000.0,1,30000.0,1,1
9601.5,40000.0,1,50000.0,1,0
9603.0,56000.0,1,70000.0,1,0
9604.5,40000.0,2,50000.0,2,1
9606.0,80000.0,2,100000.0,2,1
9607.5,160000.0,2,200000.0,2,0
9609.0,144000.0,1,180000.0,1,0
9610.5,192000.0,2,240000.0,2,1
9612.0,72000.0,2,90000.0,2,0
9613.5,40000.0,2,50000.0,2,0
9615.0,64000.0,1,80000.0,1,0
9616.5,168000.0,2,210000.0,2,0
9618.0,280000.0,1,350000.0,1,0
9619.5,128000.0,1,160000.0,1,1
9621.0,56000.0,1,70000.0,1,1
9622.5,112000.0,2,140000.0,2,0
9624.0,64000.0,1,80000.0,1,0
9625.5,88000.0,2,110000.0,2,1
9627.0,40000.0,1,50000.0,1,0
9628.5,24000.0,1,30000.0,1,0
9630.0,24000.0,2,30000.0,2,0
9631.5,160000.0,1,200000.0,1,1
9633.0,232000.0,2,290000.0,2,0
9634.5,176000.0,1,220000.0,1,0
9636.0,144000.0,1,180000.0,1,0
9637.5,400000.0,1,500000.0,1,0
9639.0,168000.0,1,210000.0,1,0
9640.5,80000.0,2,100000.0,2,1
9642.0,80000.0,2,100000.0,2,0
9643.5,104000.0,2,130000.0,2,1
9645.0,8000.0,1,10000.0,1,1
9646.5,40000.0,1,50000.0,1,0
9648.0,192000.0,1,240000.0,1,0
9649.5,16000.0,2,20000.0,2,0
9651.0,16000.0,2,20000.0,2,0
9652.5,120000.0,2,150000.0,2,0
9654.0,184000.0,1,230000.0,1,0
9655.5,40000.0,1,50000.0,1,0
9657.0,240000.0,2,300000.0,2,0
9658.5,88000.0,2,110000.0,2,0
9660.0,184000.0,2,230000.0,2,0
9661.5,40000.0,2,50000.0,2,0
9663.0,56000.0,2,70000.0,2,0
9664.5,288000.0,2,360000.0,2,0
9666.0,88000.0,2,110000.0,2,0
9667.5,96000.0,2,120000.0,2,0
9669.0,160000.0,2,200000.0,2,1
9670.5,208000.0,2,260000.0,2,0
9672.0,232000.0,2,290000.0,2,0
9673.5,16000.0,2,20000.0,2,0
9675.0,40000.0,2,50000.0,2,1
9676.5,40000.0,2,50000.0,2,0
9678.0,48000.0,2,60000.0,2,0
9679.5,264000.0,1,330000.0,1,0
9681.0,48000.0,2,60000.0,2,0
9682.5,144000.0,2,180000.0,2,0
9684.0,64000.0,2,80000.0,2,0
9685.5,360000.0,2,450000.0,2,0
9687.0,120000.0,2,150000.0,2,0
9688.5,224000.0,2,280000.0,2,0
9690.0,144000.0,1,180000.0,1,0
9691.5,304000.0,2,380000.0,2,0
9693.0,120000.0,1,150000.0,1,0
9694.5,224000.0,2,280000.0,2,0
9696.0,128000.0,2,160000.0,2,0
9697.5,96000.0,1,120000.0,1,0
9699.0,264000.0,2,330000.0,2,0
9700.5,168000.0,2,210000.0,2,0
9702.0,160000.0,1,200000.0,1,0
9703.5,272000.0,2,340000.0,2,0
9705.0,160000.0,1,200000.0,1,0
9706.5,128000.0,2,160000.0,2,0
9708.0,400000.0,2,500000.0,2,0
9709.5,40000.0,1,50000.0,1,0
9711.0,136000.0,2,170000.0,2,0
9712.5,208000.0,2,260000.0,2,0
9714.0,288000.0,1,360000.0,1,1
9715.5,320000.0,1,400000.0,1,0
9717.0,304000.0,2,380000.0,2,0
9718.5,40000.0,1,50000.0,1,1
9720.0,104000.0,1,130000.0,1,0
9721.5,88000.0,2,110000.0,2,0
9723.0,40000.0,1,50000.0,1,0
9724.5,152000.0,1,190000.0,1,0
9726.0,136000.0,2,170000.0,2,1
9727.5,168000.0,2,210000.0,2,0
9729.0,40000.0,1,50000.0,1,0
9730.5,16000.0,2,20000.0,2,1
9732.0,64000.0,2,80000.0,2,1
9733.5,400000.0,2,500000.0,2,0
9735.0,200000.0,2,250000.0,2,1
9736.5,40000.0,1,50000.0,1,0
9738.0,240000.0,1,300000.0,1,0
9739.5,24000.0,2,30000.0,2,1
9741.0,40000.0,1,50000.0,1,0
9742.5,144000.0,2,180000.0,2,0
9744.0,40000.0,2,50000.0,2,0
9745.5,40000.0,1,50000.0,1,0
9747.0,152000.0,2,190000.0,2,0
9748.5,160000.0,2,200000.0,2,0
9750.0,112000.0,2,140000.0,2,0
9751.5,8000.0,1,10000.0,1,1
9753.0,144000.0,2,180000.0,2,0
9754.5,136000.0,2,170000.0,2,0
9756.0,40000.0,1,50000.0,1,0
9757.5,160000.0,1,200000.0,1,0
9759.0,136000.0,2,170000.0,2,1
9760.5,40000.0,1,50000.0,1,0
9762.0,184000.0,2,230000.0,2,0
9763.5,400000.0,2,500000.0,2,0
9765.0,40000.0,1,50000.0,1,1
9766.5,64000.0,1,80000.0,1,0
9768.0,160000.0,2,200000.0,2,0
9769.5,288000.0,1,360000.0,1,1
9771.0,112000.0,2,140000.0,2,0
9772.5,232000.0,2,290000.0,2,1
9774.0,40000.0,1,50000.0,1,1
9775.5,8000.0,2,10000.0,2,0
9777.0,64000.0,1,80000.0,1,0
9778.5,16000.0,1,20000.0,1,1
9780.0,120000.0,1,150000.0,1,0
9781.5,184000.0,2,230000.0,2,1
9783.0,48000.0,2,60000.0,2,1
9784.5,288000.0,2,360000.0,2,0
9786.0,80000.0,1,100000.0,1,0
9787.5,24000.0,1,30000.0,1,0
9789.0,264000.0,2,330000.0,2,0
9790.5,16000.0,2,20000.0,2,0
9792.0,64000.0,2,80000.0,2,0
9793.5,72000.0,2,90000.0,2,1
9795.0,16000.0,2,20000.0,2,0
9796.5,184000.0,1,230000.0,1,1
9798.0,128000.0,1,160000.0,1,0
9799.5,160000.0,2,200000.0,2,0
9801.0,16000.0,1,20000.0,1,0
9802.5,136000.0,1,170000.0,1,0
9804.0,144000.0,2,180000.0,2,0
9805.5,40000.0,2,50000.0,2,0
9807.0,288000.0,2,360000.0,2,0
9808.5,184000.0,2,230000.0,2,0
9810.0,64000.0,2,80000.0,2,1
9811.5,48000.0,1,60000.0,1,1
9813.0,120000.0,2,150000.0,2,0
9814.5,96000.0,2,120000.0,2,0
9816.0,344000.0,2,430000.0,2,0
9817.5,288000.0,1,360000.0,1,0
9819.0,160000.0,2,200000.0,2,0
9820.5,40000.0,1,50000.0,1,0
9822.0,120000.0,2,150000.0,2,0
9823.5,16000.0,2,20000.0,2,0
9825.0,16000.0,1,20000.0,1,0
9826.5,40000.0,1,50000.0,1,1
9828.0,208000.0,2,260000.0,2,1
9829.5,184000.0,2,230000.0,2,1
9831.0,136000.0,1,170000.0,1,0
9832.5,144000.0,1,180000.0,1,0
9834.0,24000.0,1,30000.0,1,0
9835.5,16000.0,1,20000.0,1,1
9837.0,208000.0,1,260000.0,1,1
9838.5,144000.0,2,180000.0,2,0
9840.0,184000.0,2,230000.0,2,1
9841.5,96000.0,2,120000.0,2,0
9843.0,224000.0,1,280000.0,1,0
9844.5,216000.0,2,270000.0,2,0
9846.0,56000.0,1,70000.0,1,0
9847.5,48000.0,1,60000.0,1,0
9849.0,144000.0,1,180000.0,1,0
9850.5,128000.0,2,160000.0,2,1
9852.0,40000.0,2,50000.0,2,0
9853.5,48000.0,2,60000.0,2,0
9855.0,40000.0,1,50000.0,1,1
9856.5,64000.0,2,80000.0,2,0
9858.0,24000.0,2,30000.0,2,0
9859.5,72000.0,2,90000.0,2,0
9861.0,104000.0,2,130000.0,2,0
9862.5,160000.0,1,200000.0,1,0
9864.0,16000.0,2,20000.0,2,1
9865.5,240000.0,1,300000.0,1,0
9867.0,128000.0,2,160000.0,2,0
9868.5,400000.0,2,500000.0,2,0
9870.0,40000.0,2,50000.0,2,1
9871.5,16000.0,1,20000.0,1,0
9873.0,192000.0,1,240000.0,1,1
9874.5,160000.0,1,200000.0,1,1
9876.0,160000.0,2,200000.0,2,1
9877.5,208000.0,2,260000.0,2,0
9879.0,80000.0,1,100000.0,1,0
9880.5,288000.0,1,360000.0,1,0
9882.0,224000.0,2,280000.0,2,0
9883.5,288000.0,1,360000.0,1,0
9885.0,336000.0,2,420000.0,2,0
9886.5,320000.0,2,400000.0,2,0
9888.0,40000.0,2,50000.0,2,0
9889.5,400000.0,1,500000.0,1,0
9891.0,40000.0,1,50000.0,1,0
9892.5,64000.0,2,80000.0,2,0
9894.0,64000.0,2,80000.0,2,0
9895.5,16000.0,2,20000.0,2,0
9897.0,368000.0,2,460000.0,2,0
9898.5,192000.0,1,240000.0,1,0
9900.0,96000.0,1,120000.0,1,0
9901.5,16000.0,1,20000.0,1,0
9903.0,232000.0,1,290000.0,1,0
9904.5,40000.0,2,50000.0,2,0
9906.0,160000.0,2,200000.0,2,0
9907.5,16000.0,2,20000.0,2,0
9909.0,80000.0,1,100000.0,1,0
9910.5,208000.0,2,260000.0,2,0
9912.0,16000.0,2,20000.0,2,0
9913.5,8000.0,2,10000.0,2,0
9915.0,336000.0,1,420000.0,1,0
9916.5,104000.0,2,130000.0,2,0
9918.0,120000.0,2,150000.0,2,0
9919.5,96000.0,1,120000.0,1,0
9921.0,24000.0,2,30000.0,2,0
9922.5,208000.0,2,260000.0,2,0
9924.0,48000.0,1,60000.0,1,1
9925.5,56000.0,2,70000.0,2,0
9927.0,88000.0,1,110000.0,1,0
9928.5,144000.0,1,180000.0,1,0
9930.0,240000.0,2,300000.0,2,0
9931.5,208000.0,2,260000.0,2,0
9933.0,40000.0,2,50000.0,2,1
9934.5,72000.0,2,90000.0,2,0
9936.0,16000.0,2,20000.0,2,1
9937.5,176000.0,2,220000.0,2,0
9939.0,192000.0,1,240000.0,1,0
9940.5,352000.0,2,440000.0,2,0
9942.0,48000.0,2,60000.0,2,0
9943.5,304000.0,1,380000.0,1,0
9945.0,24000.0,2,30000.0,2,1
9946.5,96000.0,2,120000.0,2,0
9948.0,120000.0,1,150000.0,1,0
9949.5,72000.0,1,90000.0,1,0
9951.0,144000.0,2,180000.0,2,0
9952.5,8000.0,2,10000.0,2,0
9954.0,16000.0,1,20000.0,1,1
9955.5,64000.0,2,80000.0,2,1
9957.0,488000.0,1,610000.0,1,0
9958.5,144000.0,2,180000.0,2,0
9960.0,40000.0,1,50000.0,1,1
9961.5,104000.0,1,130000.0,1,1
9963.0,128000.0,1,160000.0,1,0
9964.5,160000.0,1,200000.0,1,0
9966.0,16000.0,1,20000.0,1,0
9967.5,40000.0,2,50000.0,2,0
9969.0,24000.0,2,30000.0,2,1
9970.5,112000.0,1,140000.0,1,0
9972.0,128000.0,1,160000.0,1,0
9973.5,328000.0,1,410000.0,1,0
9975.0,256000.0,2,320000.0,2,0
9976.5,40000.0,2,50000.0,2,0
9978.0,88000.0,1,110000.0,1,0
9979.5,424000.0,2,530000.0,2,0
9981.0,64000.0,2,80000.0,2,1
9982.5,152000.0,2,190000.0,2,1
9984.0,400000.0,1,500000.0,1,0
9985.5,216000.0,2,270000.0,2,0
9987.0,16000.0,2,20000.0,2,0
9988.5,72000.0,1,90000.0,1,1
9990.0,8000.0,1,10000.0,1,0
9991.5,256000.0,2,320000.0,2,0
9993.0,152000.0,2,190000.0,2,0
9994.5,304000.0,1,380000.0,1,1
9996.0,144000.0,1,180000.0,1,0
9997.5,288000.0,2,360000.0,2,0
9999.0,120000.0,1,150000.0,1,0
10000.5,40000.0,2,50000.0,2,1
10002.0,40000.0,1,50000.0,1,0
10003.5,40000.0,1,50000.0,1,0
10005.0,272000.0,2,340000.0,2,0
10006.5,256000.0,1,320000.0,1,0
10008.0,184000.0,2,230000.0,2,0
10009.5,96000.0,2,120000.0,2,0
10011.0,24000.0,1,30000.0,1,0
10012.5,192000.0,1,240000.0,1,0
10014.0,192000.0,2,240000.0,2,0
10015.5,168000.0,1,210000.0,1,0
10017.0,16000.0,1,20000.0,1,0
10018.5,16000.0,2,20000.0,2,1
10020.0,88000.0,2,110000.0,2,0
10021.5,104000.0,1,130000.0,1,0
10023.0,64000.0,2,80000.0,2,0
10024.5,16000.0,1,20000.0,1,1
10026.0,8000.0,1,10000.0,1,1
10027.5,144000.0,1,180000.0,1,0
10029.0,224000.0,2,280000.0,2,0
10030.5,176000.0,1,220000.0,1,1
10032.0,208000.0,1,260000.0,1,1
10033.5,24000.0,1,30000.0,1,0
10035.0,40000.0,2,50000.0,2,0
10036.5,120000.0,2,150000.0,2,0
10038.0,128000.0,1,160000.0,1,0
10039.5,16000.0,1,20000.0,1,0
10041.0,224000.0,1,280000.0,1,0
10042.5,40000.0,1,50000.0,1,0
10044.0,240000.0,2,300000.0,2,0
10045.5,184000.0,1,230000.0,1,0
10047.0,48000.0,1,60000.0,1,0
10048.5,152000.0,1,190000.0,1,0
10050.0,48000.0,1,60000.0,1,0
10051.5,80000.0,2,100000.0,2,1
10053.0,24000.0,2,30000.0,2,0
10054.5,160000.0,2,200000.0,2,1
10056.0,24000.0,1,30000.0,1,0
10057.5,104000.0,1,130000.0,1,0
10059.0,96000.0,1,120000.0,1,0
10060.5,128000.0,2,160000.0,2,0
10062.0,16000.0,2,20000.0,2,0
10063.5,24000.0,2,30000.0,2,0
10065.0,56000.0,2,70000.0,2,0
10066.5,64000.0,1,80000.0,1,0
10068.0,64000.0,2,80000.0,2,0
10069.5,80000.0,1,100000.0,1,0
10071.0,456000.0,1,570000.0,1,0
10072.5,136000.0,1,170000.0,1,0
10074.0,40000.0,2,50000.0,2,0
10075.5,248000.0,2,310000.0,2,0
10077.0,112000.0,1,140000.0,1,1
10078.5,160000.0,2,200000.0,2,0
10080.0,240000.0,2,300000.0,2,1
10081.5,240000.0,2,300000.0,2,0
10083.0,112000.0,1,140000.0,1,0
10084.5,448000.0,1,560000.0,1,0
10086.0,160000.0,1,200000.0,1,1
10087.5,184000.0,2,230000.0,2,0
10089.0,160000.0,1,200000.0,1,1
10090.5,128000.0,1,160000.0,1,1
10092.0,176000.0,1,220000.0,1,0
10093.5,48000.0,1,60000.0,1,0
10095.0,312000.0,2,390000.0,2,1
10096.5,224000.0,2,280000.0,2,0
10098.0,64000.0,1,80000.0,1,0
10099.5,288000.0,1,360000.0,1,0
10101.0,16000.0,2,20000.0,2,0
10102.5,400000.0,2,500000.0,2,0
10104.0,72000.0,2,90000.0,2,0
10105.5,24000.0,2,30000.0,2,0
10107.0,312000.0,1,390000.0,1,0
10108.5,288000.0,1,360000.0,1,1
10110.0,8000.0,2,10000.0,2,0
10111.5,120000.0,2,150000.0,2,0
10113.0,32000.0,2,40000.0,2,0
10114.5,168000.0,2,210000.0,2,0
10116.0,40000.0,2,50000.0,2,0
10117.5,8000.0,1,10000.0,1,1
10119.0,248000.0,2,310000.0,2,0
10120.5,40000.0,1,50000.0,1,0
10122.0,120000.0,2,150000.0,2,0
10123.5,40000.0,1,50000.0,1,1
10125.0,200000.0,2,250000.0,2,0
10126.5,24000.0,2,30000.0,2,1
10128.0,24000.0,1,30000.0,1,1
10129.5,24000.0,2,30000.0,2,1
10131.0,16000.0,2,20000.0,2,1
10132.5,24000.0,2,30000.0,2,0
10134.0,240000.0,1,300000.0,1,1
10135.5,72000.0,1,90000.0,1,0
10137.0,24000.0,1,30000.0,1,0
10138.5,160000.0,2,200000.0,2,1
10140.0,144000.0,2,180000.0,2,0
10141.5,56000.0,2,70000.0,2,0
10143.0,184000.0,2,230000.0,2,0
10144.5,192000.0,2,240000.0,2,0
10146.0,152000.0,2,190000.0,2,0
10147.5,64000.0,2,80000.0,2,0
10149.0,240000.0,2,300000.0,2,0
10150.5,176000.0,2,220000.0,2,0
10152.0,272000.0,1,340000.0,1,1
10153.5,384000.0,2,480000.0,2,0
10155.0,48000.0,2,60000.0,2,0
10156.5,160000.0,1,200000.0,1,0
10158.0,16000.0,1,20000.0,1,0
10159.5,88000.0,2,110000.0,2,0
10161.0,376000.0,2,470000.0,2,1
10162.5,160000.0,1,200000.0,1,0
10164.0,104000.0,1,130000.0,1,0
10165.5,64000.0,1,80000.0,1,0
10167.0,96000.0,2,120000.0,2,0
10168.5,144000.0,1,180000.0,1,0
10170.0,320000.0,1,400000.0,1,0
10171.5,120000.0,1,150000.0,1,0
10173.0,512000.0,2,640000.0,2,0
10174.5,400000.0,1,500000.0,1,0
10176.0,56000.0,2,70000.0,2,1
10177.5,80000.0,2,100000.0,2,0
10179.0,64000.0,2,80000.0,2,0
10180.5,96000.0,2,120000.0,2,0
10182.0,168000.0,2,210000.0,2,0
10183.5,40000.0,2,50000.0,2,0
10185.0,40000.0,2,50000.0,2,0
10186.5,208000.0,1,260000.0,1,0
10188.0,16000.0,1,20000.0,1,0
10189.5,24000.0,1,30000.0,1,0
10191.0,248000.0,2,310000.0,2,0
10192.5,80000.0,1,100000.0,1,0
10194.0,240000.0,2,300000.0,2,0
10195.5,24000.0,1,30000.0,1,0
10197.0,256000.0,1,320000.0,1,0
10198.5,96000.0,2,120000.0,2,0
10200.0,64000.0,1,80000.0,1,1
10201.5,16000.0,1,20000.0,1,1
10203.0,304000.0,1,380000.0,1,0
10204.5,144000.0,2,180000.0,2,0
10206.0,40000.0,1,50000.0,1,0
10207.5,224000.0,1,280000.0,1,0
10209.0,24000.0,2,30000.0,2,0
10210.5,80000.0,1,100000.0,1,1
10212.0,24000.0,1,30000.0,1,0
10213.5,128000.0,2,160000.0,2,0
10215.0,168000.0,1,210000.0,1,0
10216.5,8000.0,1,10000.0,1,0
10218.0,336000.0,2,420000.0,2,0
10219.5,320000.0,2,400000.0,2,0
10221.0,56000.0,2,70000.0,2,0
10222.5,88000.0,1,110000.0,1,0
10224.0,240000.0,1,300000.0,1,0
10225.5,96000.0,2,120000.0,2,0
10227.0,144000.0,1,180000.0,1,0
10228.5,320000.0,1,400000.0,1,0
10230.0,80000.0,1,100000.0,1,0
10231.5,176000.0,2,220000.0,2,1
10233.0,176000.0,2,220000.0,2,0
10234.5,112000.0,2,140000.0,2,0
10236.0,72000.0,2,90000.0,2,1
10237.5,24000.0,2,30000.0,2,0
10239.0,192000.0,2,240000.0,2,0
10240.5,88000.0,2,110000.0,2,0
10242.0,48000.0,2,60000.0,2,1
10243.5,16000.0,1,20000.0,1,1
10245.0,144000.0,1,180000.0,1,1
10246.5,104000.0,2,130000.0,2,0
10248.0,104000.0,2,130000.0,2,0
10249.5,56000.0,1,70000.0,1,0
10251.0,8000.0,1,10000.0,1,1
10252.5,40000.0,2,50000.0,2,0
10254.0,152000.0,2,190000.0,2,0
10255.5,48000.0,1,60000.0,1,0
10257.0,16000.0,1,20000.0,1,1
10258.5,64000.0,2,80000.0,2,1
10260.0,400000.0,2,500000.0,2,0
10261.5,176000.0,1,220000.0,1,0
10263.0,184000.0,2,230000.0,2,0
10264.5,16000.0,1,20000.0,1,0
10266.0,40000.0,1,50000.0,1,1
10267.5,96000.0,2,120000.0,2,0
10269.0,104000.0,2,130000.0,2,1
10270.5,184000.0,2,230000.0,2,0
10272.0,280000.0,1,350000.0,1,0
10273.5,240000.0,2,300000.0,2,0
10275.0,56000.0,2,70000.0,2,0
10276.5,224000.0,1,280000.0,1,0
10278.0,48000.0,2,60000.0,2,1
10279.5,248000.0,1,310000.0,1,1
10281.0,232000.0,1,290000.0,1,1
10282.5,144000.0,1,180000.0,1,1
10284.0,272000.0,2,340000.0,2,0
10285.5,288000.0,2,360000.0,2,0
10287.0,144000.0,2,180000.0,2,1
10288.5,24000.0,2,30000.0,2,0
10290.0,80000.0,1,100000.0,1,0
10291.5,144000.0,1,180000.0,1,0
10293.0,168000.0,2,210000.0,2,1
10294.5,144000.0,2,180000.0,2,0
10296.0,48000.0,2,60000.0,2,0
10297.5,400000.0,1,500000.0,1,0
10299.0,160000.0,2,200000.0,2,0
10300.5,488000.0,2,610000.0,2,0
10302.0,40000.0,1,50000.0,1,0
10303.5,64000.0,2,80000.0,2,0
10305.0,168000.0,1,210000.0,1,0
10306.5,40000.0,1,50000.0,1,0
10308.0,288000.0,1,360000.0,1,0
10309.5,192000.0,1,240000.0,1,0
10311.0,16000.0,1,20000.0,1,0
10312.5,8000.0,1,10000.0,1,1
10314.0,24000.0,2,30000.0,2,1
10315.5,288000.0,1,360000.0,1,0
10317.0,208000.0,1,260000.0,1,0
10318.5,80000.0,1,100000.0,1,0
10320.0,400000.0,2,500000.0,2,0
10321.5,56000.0,2,70000.0,2,0
10323.0,160000.0,2,200000.0,2,0
10324.5,184000.0,2,230000.0,2,0
10326.0,160000.0,1,200000.0,1,0
10327.5,88000.0,1,110000.0,1,1
10329.0,208000.0,2,260000.0,2,0
10330.5,40000.0,2,50000.0,2,0
10332.0,40000.0,1,50000.0,1,0
10333.5,64000.0,1,80000.0,1,0
10335.0,208000.0,1,260000.0,1,0
10336.5,64000.0,1,80000.0,1,0
10338.0,64000.0,2,80000.0,2,0
10339.5,160000.0,2,200000.0,2,0
10341.0,296000.0,2,370000.0,2,1
10342.5,48000.0,2,60000.0,2,1
10344.0,208000.0,1,260000.0,1,0
10345.5,24000.0,1,30000.0,1,1
10347.0,96000.0,1,120000.0,1,1
10348.5,104000.0,2,130000.0,2,0
10350.0,128000.0,2,160000.0,2,0
10351.5,184000.0,2,230000.0,2,0
10353.0,240000.0,2,300000.0,2,0
10354.5,144000.0,2,180000.0,2,0
10356.0,64000.0,2,80000.0,2,1
10357.5,144000.0,2,180000.0,2,0
10359.0,40000.0,1,50000.0,1,1
10360.5,8000.0,1,10000.0,1,0
10362.0,40000.0,1,50000.0,1,0
10363.5,72000.0,2,90000.0,2,0
10365.0,24000.0,2,30000.0,2,1
10366.5,144000.0,1,180000.0,1,0
10368.0,120000.0,2,150000.0,2,0
10369.5,472000.0,1,590000.0,1,0
10371.0,48000.0,1,60000.0,1,0
10372.5,80000.0,1,100000.0,1,1
10374.0,16000.0,2,20000.0,2,0
10375.5,8000.0,1,10000.0,1,1
10377.0,240000.0,1,300000.0,1,1
10378.5,208000.0,2,260000.0,2,0
10380.0,128000.0,2,160000.0,2,0
10381.5,208000.0,2,260000.0,2,1
10383.0,224000.0,2,280000.0,2,0
10384.5,208000.0,2,260000.0,2,0
10386.0,192000.0,1,240000.0,1,0
10387.5,40000.0,2,50000.0,2,0
10389.0,208000.0,2,260000.0,2,1
10390.5,48000.0,2,60000.0,2,1
10392.0,104000.0,2,130000.0,2,0
10393.5,112000.0,2,140000.0,2,0
10395.0,16000.0,1,20000.0,1,1
10396.5,288000.0,2,360000.0,2,0
10398.0,176000.0,1,220000.0,1,0
10399.5,400000.0,1,500000.0,1,1
10401.0,40000.0,1,50000.0,1,0
10402.5,168000.0,2,210000.0,2,0
10404.0,160000.0,1,200000.0,1,0
10405.5,296000.0,1,370000.0,1,0
10407.0,160000.0,1,200000.0,1,0
10408.5,208000.0,1,260000.0,1,0
10410.0,40000.0,2,50000.0,2,0
10411.5,208000.0,2,260000.0,2,0
10413.0,184000.0,2,230000.0,2,0
10414.5,16000.0,1,20000.0,1,1
10416.0,400000.0,1,500000.0,1,0
10417.5,128000.0,2,160000.0,2,1
10419.0,40000.0,1,50000.0,1,1
10420.5,176000.0,2,220000.0,2,1
10422.0,120000.0,1,150000.0,1,0
10423.5,144000.0,2,180000.0,2,0
10425.0,64000.0,2,80000.0,2,1
10426.5,40000.0,2,50000.0,2,0
10428.0,24000.0,2,30000.0,2,1
10429.5,144000.0,2,180000.0,2,0
10431.0,56000.0,1,70000.0,1,0
10432.5,240000.0,2,300000.0,2,1
10434.0,512000.0,2,640000.0,2,0
10435.5,48000.0,2,60000.0,2,0
10437.0,96000.0,2,120000.0,2,1
10438.5,224000.0,2,280000.0,2,0
10440.0,208000.0,2,260000.0,2,0
10441.5,40000.0,1,50000.0,1,0
10443.0,56000.0,1,70000.0,1,0
10444.5,40000.0,1,50000.0,1,1
10446.0,376000.0,1,470000.0,1,1
10447.5,256000.0,2,320000.0,2,0
10449.0,40000.0,2,50000.0,2,0
10450.5,184000.0,2,230000.0,2,0
10452.0,112000.0,2,140000.0,2,0
10453.5,40000.0,1,50000.0,1,1
10455.0,360000.0,2,450000.0,2,0
10456.5,400000.0,1,500000.0,1,0
10458.0,16000.0,1,20000.0,1,0
10459.5,184000.0,1,230000.0,1,0
10461.0,40000.0,1,50000.0,1,0
10462.5,240000.0,1,300000.0,1,0
10464.0,80000.0,2,100000.0,2,0
10465.5,24000.0,1,30000.0,1,0
10467.0,320000.0,1,400000.0,1,0
10468.5,136000.0,1,170000.0,1,0
10470.0,272000.0,2,340000.0,2,0
10471.5,168000.0,2,210000.0,2,0
10473.0,64000.0,2,80000.0,2,1
10474.5,16000.0,2,20000.0,2,0
10476.0,240000.0,2,300000.0,2,0
10477.5,16000.0,1,20000.0,1,1
10479.0,40000.0,1,50000.0,1,0
10480.5,48000.0,2,60000.0,2,0
10482.0,48000.0,2,60000.0,2,0
10483.5,40000.0,1,50000.0,1,1
10485.0,96000.0,2,120000.0,2,0
10486.5,16000.0,1,20000.0,1,0
10488.0,192000.0,2,240000.0,2,0
10489.5,336000.0,2,420000.0,2,0
10491.0,144000.0,2,180000.0,2,0
10492.5,328000.0,2,410000.0,2,0
10494.0,24000.0,1,30000.0,1,1
10495.5,88000.0,1,110000.0,1,0
10497.0,72000.0,1,90000.0,1,0
10498.5,176000.0,1,220000.0,1,0
10500.0,40000.0,2,50000.0,2,1
10501.5,24000.0,2,30000.0,2,0
10503.0,416000.0,1,520000.0,1,0
10504.5,64000.0,2,80000.0,2,0
10506.0,16000.0,1,20000.0,1,0
10507.5,168000.0,2,210000.0,2,0
10509.0,80000.0,2,100000.0,2,0
10510.5,256000.0,2,320000.0,2,0
10512.0,400000.0,2,500000.0,2,0
10513.5,16000.0,2,20000.0,2,0
10515.0,8000.0,1,10000.0,1,0
10516.5,248000.0,1,310000.0,1,0
10518.0,160000.0,2,200000.0,2,0
10519.5,144000.0,1,180000.0,1,0
10521.0,40000.0,1,50000.0,1,0
10522.5,120000.0,2,150000.0,2,0
10524.0,400000.0,2,500000.0,2,0
10525.5,184000.0,1,230000.0,1,1
10527.0,16000.0,1,20000.0,1,0
10528.5,152000.0,2,190000.0,2,0
10530.0,16000.0,2,20000.0,2,0
10531.5,136000.0,1,170000.0,1,0
10533.0,168000.0,2,210000.0,2,0
10534.5,80000.0,1,100000.0,1,1
10536.0,208000.0,2,260000.0,2,0
10537.5,160000.0,2,200000.0,2,0
10539.0,72000.0,1,90000.0,1,1
10540.5,376000.0,2,470000.0,2,0
10542.0,216000.0,2,270000.0,2,0
10543.5,80000.0,1,100000.0,1,1
10545.0,160000.0,2,200000.0,2,0
10546.5,56000.0,2,70000.0,2,0
10548.0,160000.0,2,200000.0,2,0
10549.5,40000.0,2,50000.0,2,0
10551.0,72000.0,2,90000.0,2,0
10552.5,40000.0,2,50000.0,2,0
10554.0,192000.0,2,240000.0,2,0
10555.5,112000.0,1,140000.0,1,0
10557.0,96000.0,1,120000.0,1,0
10558.5,368000.0,1,460000.0,1,0
10560.0,136000.0,2,170000.0,2,0
10561.5,400000.0,2,500000.0,2,0
10563.0,40000.0,1,50000.0,1,0
10564.5,168000.0,2,210000.0,2,0
10566.0,40000.0,1,50000.0,1,0
10567.5,160000.0,2,200000.0,2,0
10569.0,16000.0,2,20000.0,2,0
10570.5,64000.0,2,80000.0,2,0
10572.0,344000.0,1,430000.0,1,1
10573.5,280000.0,2,350000.0,2,1
10575.0,40000.0,2,50000.0,2,0
10576.5,168000.0,2,210000.0,2,1
10578.0,16000.0,1,20000.0,1,0
10579.5,128000.0,2,160000.0,2,1
10581.0,40000.0,2,50000.0,2,1
10582.5,40000.0,2,50000.0,2,0
10584.0,24000.0,1,30000.0,1,1
10585.5,80000.0,1,100000.0,1,1
10587.0,288000.0,1,360000.0,1,0
10588.5,248000.0,2,310000.0,2,0
10590.0,40000.0,2,50000.0,2,0
10591.5,96000.0,2,120000.0,2,0
10593.0,24000.0,2,30000.0,2,1
10594.5,160000.0,2,200000.0,2,0
10596.0,16000.0,1,20000.0,1,0
10597.5,40000.0,2,50000.0,2,1
10599.0,56000.0,2,70000.0,2,0
10600.5,232000.0,2,290000.0,2,0
10602.0,72000.0,2,90000.0,2,0
10603.5,120000.0,1,150000.0,1,1
10605.0,72000.0,1,90000.0,1,0
10606.5,64000.0,1,80000.0,1,1
10608.0,80000.0,1,100000.0,1,0
10609.5,160000.0,2,200000.0,2,0
10611.0,112000.0,2,140000.0,2,1
10612.5,88000.0,2,110000.0,2,0
10614.0,40000.0,2,50000.0,2,0
10615.5,48000.0,2,60000.0,2,0
10617.0,104000.0,1,130000.0,1,0
10618.5,256000.0,2,320000.0,2,0
10620.0,96000.0,2,120000.0,2,0
10621.5,360000.0,2,450000.0,2,0
10623.0,160000.0,2,200000.0,2,1
10624.5,16000.0,1,20000.0,1,1
10626.0,328000.0,2,410000.0,2,0
10627.5,168000.0,2,210000.0,2,0
10629.0,168000.0,2,210000.0,2,1
10630.5,104000.0,1,130000.0,1,0
10632.0,136000.0,2,170000.0,2,1
10633.5,152000.0,2,190000.0,2,0
10635.0,184000.0,2,230000.0,2,1
10636.5,96000.0,2,120000.0,2,0
10638.0,40000.0,2,50000.0,2,1
10639.5,176000.0,2,220000.0,2,1
10641.0,256000.0,2,320000.0,2,0
10642.5,128000.0,2,160000.0,2,1
10644.0,16000.0,2,20000.0,2,0
10645.5,368000.0,2,460000.0,2,0
10647.0,392000.0,1,490000.0,1,0
10648.5,104000.0,2,130000.0,2,0
10650.0,136000.0,1,170000.0,1,0
10651.5,120000.0,2,150000.0,2,0
10653.0,144000.0,2,180000.0,2,0
10654.5,40000.0,1,50000.0,1,0
10656.0,192000.0,2,240000.0,2,0
10657.5,312000.0,2,390000.0,2,0
10659.0,40000.0,1,50000.0,1,0
10660.5,248000.0,1,310000.0,1,0
10662.0,80000.0,2,100000.0,2,0
10663.5,208000.0,2,260000.0,2,0
10665.0,24000.0,2,30000.0,2,0
10666.5,248000.0,1,310000.0,1,0
10668.0,216000.0,1,270000.0,1,0
10669.5,200000.0,2,250000.0,2,1
10671.0,104000.0,2,130000.0,2,0
10672.5,176000.0,1,220000.0,1,0
10674.0,48000.0,2,60000.0,2,0
10675.5,96000.0,1,120000.0,1,0
10677.0,24000.0,2,30000.0,2,0
10678.5,104000.0,2,130000.0,2,1
10680.0,80000.0,2,100000.0,2,0
10681.5,160000.0,2,200000.0,2,0
10683.0,208000.0,2,260000.0,2,0
10684.5,312000.0,1,390000.0,1,1
10686.0,272000.0,2,340000.0,2,0
10687.5,112000.0,2,140000.0,2,1
10689.0,176000.0,2,220000.0,2,0
10690.5,16000.0,1,20000.0,1,0
10692.0,400000.0,1,500000.0,1,0
10693.5,168000.0,2,210000.0,2,1
10695.0,272000.0,2,340000.0,2,0
10696.5,104000.0,1,130000.0,1,1
10698.0,160000.0,2,200000.0,2,0
10699.5,120000.0,1,150000.0,1,1
10701.0,40000.0,2,50000.0,2,0
10702.5,48000.0,2,60000.0,2,1
10704.0,48000.0,1,60000.0,1,0
10705.5,120000.0,2,150000.0,2,0
10707.0,144000.0,1,180000.0,1,1
10708.5,40000.0,1,50000.0,1,0
10710.0,8000.0,2,10000.0,2,0
10711.5,80000.0,2,100000.0,2,0
10713.0,24000.0,2,30000.0,2,0
10714.5,40000.0,1,50000.0,1,0
10716.0,24000.0,1,30000.0,1,1
10717.5,80000.0,2,100000.0,2,1
10719.0,80000.0,1,100000.0,1,0
10720.5,232000.0,1,290000.0,1,0
10722.0,112000.0,2,140000.0,2,0
10723.5,192000.0,2,240000.0,2,0
10725.0,304000.0,1,380000.0,1,0
10726.5,184000.0,2,230000.0,2,0
10728.0,32000.0,2,40000.0,2,1
10729.5,168000.0,2,210000.0,2,0
10731.0,120000.0,2,150000.0,2,0
10732.5,56000.0,2,70000.0,2,1
10734.0,64000.0,2,80000.0,2,0
10735.5,40000.0,1,50000.0,1,0
10737.0,240000.0,2,300000.0,2,0
10738.5,144000.0,2,180000.0,2,0
10740.0,120000.0,2,150000.0,2,0
10741.5,48000.0,1,60000.0,1,0
10743.0,80000.0,2,100000.0,2,1
10744.5,72000.0,2,90000.0,2,0
10746.0,16000.0,1,20000.0,1,0
10747.5,256000.0,2,320000.0,2,1
10749.0,72000.0,2,90000.0,2,0
10750.5,400000.0,1,500000.0,1,0
10752.0,168000.0,1,210000.0,1,0
10753.5,24000.0,1,30000.0,1,1
10755.0,16000.0,1,20000.0,1,1
10756.5,40000.0,2,50000.0,2,0
10758.0,288000.0,2,360000.0,2,0
10759.5,64000.0,2,80000.0,2,0
10761.0,120000.0,1,150000.0,1,0
10762.5,16000.0,1,20000.0,1,0
10764.0,120000.0,2,150000.0,2,0
10765.5,272000.0,1,340000.0,1,0
10767.0,400000.0,1,500000.0,1,1
10768.5,80000.0,2,100000.0,2,0
10770.0,128000.0,1,160000.0,1,0
10771.5,240000.0,2,300000.0,2,0
10773.0,192000.0,1,240000.0,1,0
10774.5,48000.0,2,60000.0,2,1
10776.0,16000.0,2,20000.0,2,0
10777.5,64000.0,2,80000.0,2,0
10779.0,16000.0,1,20000.0,1,0
10780.5,192000.0,2,240000.0,2,0
10782.0,16000.0,1,20000.0,1,0
10783.5,232000.0,1,290000.0,1,0
10785.0,96000.0,2,120000.0,2,0
10786.5,80000.0,2,100000.0,2,0
10788.0,16000.0,1,20000.0,1,0
10789.5,48000.0,2,60000.0,2,1
10791.0,120000.0,2,150000.0,2,1
10792.5,400000.0,1,500000.0,1,0
10794.0,96000.0,2,120000.0,2,1
10795.5,64000.0,2,80000.0,2,0
10797.0,80000.0,2,100000.0,2,0
10798.5,16000.0,1,20000.0,1,0
10800.0,160000.0,2,200000.0,2,0
10801.5,64000.0,1,80000.0,1,0
10803.0,64000.0,1,80000.0,1,0
10804.5,120000.0,1,150000.0,1,0
10806.0,40000.0,1,50000.0,1,0
10807.5,296000.0,2,370000.0,2,0
10809.0,104000.0,2,130000.0,2,1
10810.5,360000.0,2,450000.0,2,0
10812.0,160000.0,2,200000.0,2,0
10813.5,104000.0,1,130000.0,1,0
10815.0,184000.0,2,230000.0,2,0
10816.5,72000.0,2,90000.0,2,0
10818.0,24000.0,1,30000.0,1,0
10819.5,144000.0,1,180000.0,1,1
10821.0,112000.0,1,140000.0,1,0
10822.5,304000.0,1,380000.0,1,0
10824.0,24000.0,2,30000.0,2,1
10825.5,64000.0,2,80000.0,2,1
10827.0,48000.0,2,60000.0,2,1
10828.5,232000.0,2,290000.0,2,0
10830.0,128000.0,2,160000.0,2,1
10831.5,16000.0,1,20000.0,1,0
10833.0,64000.0,2,80000.0,2,0
10834.5,288000.0,2,360000.0,2,0
10836.0,24000.0,2,30000.0,2,0
10837.5,112000.0,2,140000.0,2,0
10839.0,120000.0,1,150000.0,1,0
10840.5,104000.0,1,130000.0,1,0
10842.0,328000.0,1,410000.0,1,1
10843.5,56000.0,2,70000.0,2,1
10845.0,24000.0,2,30000.0,2,0
10846.5,40000.0,2,50000.0,2,0
10848.0,144000.0,1,180000.0,1,0
10849.5,24000.0,2,30000.0,2,0
10851.0,16000.0,1,20000.0,1,0
10852.5,24000.0,1,30000.0,1,0
10854.0,16000.0,2,20000.0,2,0
10855.5,224000.0,1,280000.0,1,0
10857.0,40000.0,2,50000.0,2,1
10858.5,288000.0,1,360000.0,1,1
10860.0,152000.0,2,190000.0,2,1
10861.5,144000.0,2,180000.0,2,0
10863.0,48000.0,2,60000.0,2,0
10864.5,256000.0,2,320000.0,2,0
10866.0,8000.0,1,10000.0,1,1
10867.5,160000.0,2,200000.0,2,1
10869.0,40000.0,1,50000.0,1,0
10870.5,144000.0,2,180000.0,2,0
10872.0,16000.0,1,20000.0,1,1
10873.5,240000.0,2,300000.0,2,0
10875.0,72000.0,2,90000.0,2,1
10876.5,128000.0,2,160000.0,2,1
10878.0,16000.0,1,20000.0,1,0
10879.5,120000.0,2,150000.0,2,0
10881.0,40000.0,1,50000.0,1,0
10882.5,48000.0,1,60000.0,1,0
10884.0,168000.0,2,210000.0,2,0
10885.5,120000.0,1,150000.0,1,0
10887.0,48000.0,2,60000.0,2,1
10888.5,168000.0,2,210000.0,2,0
10890.0,168000.0,1,210000.0,1,0
10891.5,288000.0,2,360000.0,2,0
10893.0,8000.0,1,10000.0,1,0
10894.5,112000.0,2,140000.0,2,0
10896.0,80000.0,2,100000.0,2,0
10897.5,40000.0,1,50000.0,1,1
10899.0,288000.0,2,360000.0,2,1
10900.5,288000.0,1,360000.0,1,0
10902.0,24000.0,2,30000.0,2,0
10903.5,16000.0,1,20000.0,1,0
10905.0,208000.0,2,260000.0,2,0
10906.5,80000.0,2,100000.0,2,1
10908.0,272000.0,2,340000.0,2,0
10909.5,40000.0,2,50000.0,2,1
10911.0,144000.0,2,180000.0,2,0
10912.5,288000.0,2,360000.0,2,0
10914.0,48000.0,2,60000.0,2,0
10915.5,16000.0,2,20000.0,2,0
10917.0,120000.0,2,150000.0,2,1
10918.5,120000.0,1,150000.0,1,0
10920.0,240000.0,1,300000.0,1,0
10921.5,336000.0,2,420000.0,2,0
10923.0,400000.0,1,500000.0,1,0
10924.5,120000.0,2,150000.0,2,0
10926.0,40000.0,1,50000.0,1,1
10927.5,88000.0,2,110000.0,2,0
10929.0,120000.0,2,150000.0,2,0
10930.5,64000.0,1,80000.0,1,0
10932.0,120000.0,2,150000.0,2,0
10933.5,40000.0,2,50000.0,2,0
10935.0,16000.0,1,20000.0,1,0
10936.5,64000.0,2,80000.0,2,0
10938.0,120000.0,1,150000.0,1,1
10939.5,192000.0,2,240000.0,2,0
10941.0,80000.0,2,100000.0,2,0
10942.5,104000.0,2,130000.0,2,0
10944.0,16000.0,1,20000.0,1,0
10945.5,272000.0,2,340000.0,2,0
10947.0,344000.0,1,430000.0,1,0
10948.5,88000.0,2,110000.0,2,0
10950.0,72000.0,2,90000.0,2,0
10951.5,8000.0,2,10000.0,2,0
10953.0,80000.0,1,100000.0,1,0
10954.5,312000.0,2,390000.0,2,0
10956.0,104000.0,2,130000.0,2,0
10957.5,144000.0,2,180000.0,2,0
10959.0,40000.0,1,50000.0,1,0
10960.5,64000.0,2,80000.0,2,0
10962.0,24000.0,2,30000.0,2,1
10963.5,120000.0,2,150000.0,2,0
10965.0,184000.0,1,230000.0,1,0
10966.5,72000.0,2,90000.0,2,1
10968.0,64000.0,2,80000.0,2,0
10969.5,560000.0,1,700000.0,1,0
10971.0,24000.0,2,30000.0,2,1
10972.5,72000.0,2,90000.0,2,1
10974.0,160000.0,1,200000.0,1,0
10975.5,184000.0,1,230000.0,1,1
10977.0,80000.0,1,100000.0,1,0
10978.5,288000.0,2,360000.0,2,0
10980.0,400000.0,1,500000.0,1,1
10981.5,192000.0,2,240000.0,2,0
10983.0,288000.0,1,360000.0,1,0
10984.5,288000.0,1,360000.0,1,1
10986.0,256000.0,1,320000.0,1,0
10987.5,40000.0,2,50000.0,2,0
10989.0,112000.0,2,140000.0,2,0
10990.5,288000.0,2,360000.0,2,0
10992.0,144000.0,2,180000.0,2,1
10993.5,264000.0,2,330000.0,2,0
10995.0,112000.0,2,140000.0,2,1
10996.5,288000.0,2,360000.0,2,0
10998.0,120000.0,2,150000.0,2,1
10999.5,176000.0,2,220000.0,2,0
11001.0,208000.0,1,260000.0,1,0
11002.5,24000.0,2,30000.0,2,0
11004.0,464000.0,1,580000.0,1,0
11005.5,40000.0,1,50000.0,1,0
11007.0,184000.0,2,230000.0,2,1
11008.5,16000.0,1,20000.0,1,1
11010.0,88000.0,1,110000.0,1,1
11011.5,192000.0,2,240000.0,2,0
11013.0,40000.0,2,50000.0,2,0
11014.5,16000.0,2,20000.0,2,0
11016.0,152000.0,2,190000.0,2,0
11017.5,80000.0,2,100000.0,2,0
11019.0,400000.0,1,500000.0,1,0
11020.5,136000.0,2,170000.0,2,0
11022.0,120000.0,2,150000.0,2,0
11023.5,24000.0,1,30000.0,1,0
11025.0,64000.0,1,80000.0,1,1
11026.5,272000.0,2,340000.0,2,0
11028.0,168000.0,2,210000.0,2,0
11029.5,24000.0,2,30000.0,2,0
11031.0,184000.0,1,230000.0,1,0
11032.5,16000.0,1,20000.0,1,0
11034.0,56000.0,2,70000.0,2,0
11035.5,248000.0,2,310000.0,2,1
11037.0,64000.0,1,80000.0,1,1
11038.5,120000.0,2,150000.0,2,0
11040.0,16000.0,1,20000.0,1,0
11041.5,176000.0,2,220000.0,2,0
11043.0,120000.0,2,150000.0,2,0
11044.5,424000.0,1,530000.0,1,0
11046.0,120000.0,2,150000.0,2,0
11047.5,120000.0,2,150000.0,2,1
11049.0,336000.0,2,420000.0,2,0
11050.5,64000.0,2,80000.0,2,0
11052.0,80000.0,2,100000.0,2,0
11053.5,24000.0,2,30000.0,2,1
11055.0,40000.0,1,50000.0,1,0
11056.5,264000.0,2,330000.0,2,1
11058.0,112000.0,2,140000.0,2,0
11059.5,40000.0,2,50000.0,2,0
11061.0,288000.0,1,360000.0,1,1
11062.5,144000.0,1,180000.0,1,1
11064.0,104000.0,2,130000.0,2,0
11065.5,104000.0,2,130000.0,2,0
11067.0,16000.0,1,20000.0,1,0
11068.5,208000.0,2,260000.0,2,0
11070.0,40000.0,2,50000.0,2,0
11071.5,256000.0,2,320000.0,2,0
11073.0,56000.0,2,70000.0,2,1
11074.5,144000.0,2,180000.0,2,0
11076.0,48000.0,1,60000.0,1,0
11077.5,64000.0,1,80000.0,1,0
11079.0,8000.0,2,10000.0,2,0
11080.5,120000.0,2,150000.0,2,1
11082.0,40000.0,2,50000.0,2,0
11083.5,120000.0,1,150000.0,1,0
11085.0,280000.0,1,350000.0,1,0
11086.5,304000.0,2,380000.0,2,0
11088.0,104000.0,2,130000.0,2,0
11089.5,144000.0,2,180000.0,2,0
11091.0,80000.0,2,100000.0,2,0
11092.5,24000.0,2,30000.0,2,1
11094.0,344000.0,1,430000.0,1,0
11095.5,160000.0,2,200000.0,2,1
11097.0,288000.0,1,360000.0,1,1
11098.5,64000.0,2,80000.0,2,0
11100.0,32000.0,2,40000.0,2,1
11101.5,64000.0,2,80000.0,2,0
11103.0,16000.0,1,20000.0,1,0
11104.5,200000.0,2,250000.0,2,1
11106.0,56000.0,1,70000.0,1,0
11107.5,16000.0,2,20000.0,2,1
11109.0,128000.0,2,160000.0,2,0
11110.5,56000.0,1,70000.0,1,1
11112.0,40000.0,2,50000.0,2,0
11113.5,24000.0,2,30000.0,2,1
11115.0,64000.0,1,80000.0,1,0
11116.5,16000.0,1,20000.0,1,0
11118.0,40000.0,2,50000.0,2,0
11119.5,40000.0,1,50000.0,1,0
11121.0,184000.0,2,230000.0,2,0
11122.5,8000.0,2,10000.0,2,1
11124.0,16000.0,1,20000.0,1,0
11125.5,88000.0,1,110000.0,1,0
11127.0,160000.0,2,200000.0,2,0
11128.5,16000.0,1,20000.0,1,0
11130.0,64000.0,1,80000.0,1,0
11131.5,224000.0,2,280000.0,2,0
11133.0,112000.0,2,140000.0,2,0
11134.5,48000.0,2,60000.0,2,0
11136.0,40000.0,1,50000.0,1,0
11137.5,160000.0,2,200000.0,2,0
11139.0,144000.0,2,180000.0,2,0
11140.5,208000.0,2,260000.0,2,0
11142.0,120000.0,1,150000.0,1,1
11143.5,104000.0,2,130000.0,2,0
11145.0,96000.0,1,120000.0,1,1
11146.5,168000.0,2,210000.0,2,0
11148.0,88000.0,2,110000.0,2,0
11149.5,24000.0,1,30000.0,1,0
11151.0,136000.0,2,170000.0,2,1
11152.5,288000.0,2,360000.0,2,0
11154.0,104000.0,1,130000.0,1,1
11155.5,24000.0,2,30000.0,2,1
11157.0,128000.0,2,160000.0,2,0
11158.5,24000.0,2,30000.0,2,0
11160.0,8000.0,2,10000.0,2,1
11161.5,40000.0,2,50000.0,2,0
11163.0,64000.0,1,80000.0,1,0
11164.5,208000.0,2,260000.0,2,0
11166.0,136000.0,1,170000.0,1,1
11167.5,24000.0,2,30000.0,2,0
11169.0,40000.0,2,50000.0,2,0
11170.5,96000.0,1,120000.0,1,0
11172.0,192000.0,2,240000.0,2,1
11173.5,144000.0,1,180000.0,1,0
11175.0,48000.0,2,60000.0,2,0
11176.5,120000.0,2,150000.0,2,1
11178.0,288000.0,2,360000.0,2,0
11179.5,280000.0,2,350000.0,2,1
11181.0,24000.0,2,30000.0,2,0
11182.5,96000.0,2,120000.0,2,0
11184.0,264000.0,1,330000.0,1,1
11185.5,400000.0,1,500000.0,1,0
11187.0,80000.0,2,100000.0,2,0
11188.5,64000.0,2,80000.0,2,0
11190.0,208000.0,2,260000.0,2,0
11191.5,400000.0,1,500000.0,1,0
11193.0,72000.0,1,90000.0,1,0
11194.5,288000.0,2,360000.0,2,0
11196.0,288000.0,1,360000.0,1,0
11197.5,80000.0,2,100000.0,2,0
11199.0,160000.0,1,200000.0,1,1
11200.5,392000.0,2,490000.0,2,0
11202.0,368000.0,1,460000.0,1,0
11203.5,16000.0,1,20000.0,1,1
11205.0,184000.0,2,230000.0,2,0
11206.5,136000.0,2,170000.0,2,0
11208.0,48000.0,2,60000.0,2,0
11209.5,72000.0,2,90000.0,2,0
11211.0,128000.0,1,160000.0,1,0
11212.5,16000.0,1,20000.0,1,1
11214.0,400000.0,2,500000.0,2,0
11215.5,24000.0,2,30000.0,2,1
11217.0,136000.0,1,170000.0,1,0
11218.5,80000.0,2,100000.0,2,0
11220.0,40000.0,1,50000.0,1,0
11221.5,88000.0,1,110000.0,1,1
11223.0,16000.0,2,20000.0,2,0
11224.5,56000.0,2,70000.0,2,0
11226.0,248000.0,2,310000.0,2,0
11227.5,24000.0,1,30000.0,1,1
11229.0,24000.0,2,30000.0,2,1
11230.5,80000.0,2,100000.0,2,0
11232.0,120000.0,2,150000.0,2,0
11233.5,64000.0,1,80000.0,1,0
11235.0,160000.0,2,200000.0,2,0
11236.5,16000.0,1,20000.0,1,1
11238.0,24000.0,1,30000.0,1,0
11239.5,40000.0,2,50000.0,2,0
11241.0,104000.0,2,130000.0,2,0
11242.5,264000.0,1,330000.0,1,0
11244.0,64000.0,2,80000.0,2,0
11245.5,40000.0,2,50000.0,2,0
11247.0,120000.0,2,150000.0,2,0
11248.5,168000.0,2,210000.0,2,0
11250.0,24000.0,2,30000.0,2,0
11251.5,400000.0,2,500000.0,2,0
11253.0,48000.0,2,60000.0,2,0
11254.5,16000.0,2,20000.0,2,0
11256.0,24000.0,2,30000.0,2,1
11257.5,96000.0,1,120000.0,1,1
11259.0,64000.0,2,80000.0,2,1
11260.5,288000.0,2,360000.0,2,1
11262.0,120000.0,1,150000.0,1,0
11263.5,8000.0,2,10000.0,2,0
11265.0,184000.0,2,230000.0,2,0
11266.5,304000.0,2,380000.0,2,0
11268.0,280000.0,2,350000.0,2,0
11269.5,104000.0,2,130000.0,2,0
11271.0,392000.0,2,490000.0,2,0
11272.5,120000.0,2,150000.0,2,0
11274.0,272000.0,2,340000.0,2,1
11275.5,64000.0,2,80000.0,2,0
11277.0,184000.0,2,230000.0,2,0
11278.5,128000.0,1,160000.0,1,0
11280.0,240000.0,2,300000.0,2,0
11281.5,320000.0,2,400000.0,2,0
11283.0,64000.0,2,80000.0,2,0
11284.5,256000.0,1,320000.0,1,0
11286.0,248000.0,1,310000.0,1,0
11287.5,216000.0,2,270000.0,2,0
11289.0,224000.0,2,280000.0,2,0
11290.5,264000.0,1,330000.0,1,0
11292.0,40000.0,1,50000.0,1,0
11293.5,192000.0,2,240000.0,2,1
11295.0,144000.0,2,180000.0,2,0
11296.5,216000.0,1,270000.0,1,1
11298.0,56000.0,1,70000.0,1,1
11299.5,232000.0,1,290000.0,1,0
11301.0,280000.0,2,350000.0,2,0
11302.5,168000.0,1,210000.0,1,0
11304.0,88000.0,1,110000.0,1,1
11305.5,240000.0,1,300000.0,1,1
11307.0,112000.0,2,140000.0,2,0
11308.5,64000.0,1,80000.0,1,0
11310.0,288000.0,2,360000.0,2,0
11311.5,168000.0,2,210000.0,2,0
11313.0,40000.0,1,50000.0,1,1
11314.5,64000.0,2,80000.0,2,1
11316.0,104000.0,2,130000.0,2,0
11317.5,40000.0,2,50000.0,2,0
11319.0,64000.0,2,80000.0,2,0
11320.5,280000.0,1,350000.0,1,0
11322.0,264000.0,2,330000.0,2,0
11323.5,64000.0,2,80000.0,2,0
11325.0,224000.0,2,280000.0,2,0
11326.5,24000.0,1,30000.0,1,0
11328.0,160000.0,1,200000.0,1,0
11329.5,96000.0,2,120000.0,2,0
11331.0,40000.0,2,50000.0,2,0
11332.5,40000.0,1,50000.0,1,0
11334.0,240000.0,1,300000.0,1,1
11335.5,16000.0,1,20000.0,1,0
11337.0,40000.0,1,50000.0,1,1
11338.5,400000.0,2,500000.0,2,0
11340.0,104000.0,2,130000.0,2,0
11341.5,56000.0,2,70000.0,2,1
11343.0,56000.0,2,70000.0,2,0
11344.5,96000.0,2,120000.0,2,0
11346.0,272000.0,1,340000.0,1,0
11347.5,104000.0,1,130000.0,1,1
11349.0,192000.0,1,240000.0,1,0
11350.5,40000.0,2,50000.0,2,0
11352.0,168000.0,2,210000.0,2,0
11353.5,24000.0,1,30000.0,1,1
11355.0,64000.0,2,80000.0,2,0
11356.5,40000.0,1,50000.0,1,0
11358.0,176000.0,2,220000.0,2,0
11359.5,32000.0,1,40000.0,1,0
11361.0,224000.0,1,280000.0,1,0
11362.5,72000.0,2,90000.0,2,0
11364.0,144000.0,2,180000.0,2,0
11365.5,40000.0,1,50000.0,1,1
11367.0,256000.0,1,320000.0,1,0
11368.5,56000.0,1,70000.0,1,0
11370.0,208000.0,2,260000.0,2,1
11371.5,288000.0,1,360000.0,1,0
11373.0,80000.0,2,100000.0,2,0
11374.5,80000.0,2,100000.0,2,1
11376.0,112000.0,2,140000.0,2,0
11377.5,72000.0,2,90000.0,2,0
11379.0,176000.0,1,220000.0,1,0
11380.5,208000.0,2,260000.0,2,0
11382.0,208000.0,2,260000.0,2,0
11383.5,16000.0,1,20000.0,1,0
11385.0,40000.0,2,50000.0,2,0
11386.5,56000.0,2,70000.0,2,0
11388.0,136000.0,2,170000.0,2,1
11389.5,24000.0,2,30000.0,2,0
11391.0,160000.0,1,200000.0,1,0
11392.5,40000.0,2,50000.0,2,0
11394.0,40000.0,1,50000.0,1,0
11395.5,376000.0,2,470000.0,2,0
11397.0,16000.0,2,20000.0,2,1
11398.5,40000.0,1,50000.0,1,0
11400.0,288000.0,2,360000.0,2,0
11401.5,16000.0,2,20000.0,2,0
11403.0,112000.0,2,140000.0,2,0
11404.5,8000.0,2,10000.0,2,1
11406.0,72000.0,2,90000.0,2,0
11407.5,160000.0,2,200000.0,2,0
11409.0,312000.0,2,390000.0,2,0
11410.5,72000.0,2,90000.0,2,1
11412.0,104000.0,2,130000.0,2,0
11413.5,96000.0,2,120000.0,2,1
11415.0,128000.0,2,160000.0,2,0
11416.5,56000.0,2,70000.0,2,0
11418.0,64000.0,1,80000.0,1,0
11419.5,200000.0,2,250000.0,2,0
11421.0,192000.0,1,240000.0,1,0
11422.5,40000.0,2,50000.0,2,0
11424.0,24000.0,2,30000.0,2,0
11425.5,40000.0,1,50000.0,1,1
11427.0,64000.0,2,80000.0,2,1
11428.5,104000.0,1,130000.0,1,0
11430.0,40000.0,1,50000.0,1,0
11431.5,160000.0,1,200000.0,1,0
11433.0,112000.0,1,140000.0,1,0
11434.5,24000.0,2,30000.0,2,0
11436.0,16000.0,2,20000.0,2,0
11437.5,56000.0,1,70000.0,1,0
11439.0,16000.0,2,20000.0,2,0
11440.5,328000.0,1,410000.0,1,0
11442.0,200000.0,1,250000.0,1,1
11443.5,112000.0,2,140000.0,2,1
11445.0,72000.0,2,90000.0,2,0
11446.5,272000.0,1,340000.0,1,0
11448.0,184000.0,2,230000.0,2,0
11449.5,64000.0,1,80000.0,1,0
11451.0,40000.0,2,50000.0,2,1
11452.5,48000.0,2,60000.0,2,0
11454.0,40000.0,2,50000.0,2,0
11455.5,168000.0,2,210000.0,2,0
11457.0,112000.0,2,140000.0,2,0
11458.5,16000.0,1,20000.0,1,0
11460.0,16000.0,1,20000.0,1,1
11461.5,184000.0,1,230000.0,1,0
11463.0,168000.0,1,210000.0,1,0
11464.5,16000.0,1,20000.0,1,0
11466.0,40000.0,2,50000.0,2,0
11467.5,24000.0,1,30000.0,1,0
11469.0,40000.0,2,50000.0,2,1
11470.5,120000.0,2,150000.0,2,0
11472.0,128000.0,1,160000.0,1,0
11473.5,72000.0,2,90000.0,2,0
11475.0,120000.0,1,150000.0,1,0
11476.5,160000.0,1,200000.0,1,1
11478.0,136000.0,1,170000.0,1,0
11479.5,80000.0,2,100000.0,2,0
11481.0,16000.0,1,20000.0,1,0
11482.5,24000.0,1,30000.0,1,0
11484.0,160000.0,1,200000.0,1,0
11485.5,144000.0,1,180000.0,1,0
11487.0,128000.0,2,160000.0,2,0
11488.5,64000.0,2,80000.0,2,0
11490.0,56000.0,2,70000.0,2,0
11491.5,64000.0,1,80000.0,1,1
11493.0,40000.0,1,50000.0,1,1
11494.5,112000.0,2,140000.0,2,1
11496.0,72000.0,2,90000.0,2,0
11497.5,96000.0,2,120000.0,2,0
11499.0,64000.0,2,80000.0,2,0
11500.5,16000.0,1,20000.0,1,1
11502.0,16000.0,1,20000.0,1,0
11503.5,352000.0,2,440000.0,2,0
11505.0,248000.0,2,310000.0,2,0
11506.5,64000.0,2,80000.0,2,0
11508.0,160000.0,1,200000.0,1,0
11509.5,240000.0,2,300000.0,2,1
11511.0,112000.0,2,140000.0,2,0
11512.5,184000.0,2,230000.0,2,0
11514.0,104000.0,2,130000.0,2,1
11515.5,32000.0,2,40000.0,2,0
11517.0,16000.0,2,20000.0,2,0
11518.5,72000.0,2,90000.0,2,0
11520.0,40000.0,2,50000.0,2,1
11521.5,176000.0,1,220000.0,1,0
11523.0,48000.0,2,60000.0,2,1
11524.5,192000.0,1,240000.0,1,0
11526.0,320000.0,2,400000.0,2,0
11527.5,96000.0,1,120000.0,1,0
11529.0,224000.0,2,280000.0,2,0
11530.5,312000.0,2,390000.0,2,0
11532.0,272000.0,2,340000.0,2,0
11533.5,8000.0,1,10000.0,1,1
11535.0,88000.0,1,110000.0,1,1
11536.5,80000.0,1,100000.0,1,0
11538.0,104000.0,2,130000.0,2,0
11539.5,184000.0,1,230000.0,1,0
11541.0,232000.0,2,290000.0,2,1
11542.5,40000.0,1,50000.0,1,0
11544.0,96000.0,2,120000.0,2,0
11545.5,192000.0,2,240000.0,2,1
11547.0,288000.0,2,360000.0,2,0
11548.5,88000.0,2,110000.0,2,0
11550.0,48000.0,2,60000.0,2,0
11551.5,104000.0,1,130000.0,1,1
11553.0,200000.0,2,250000.0,2,0
11554.5,328000.0,1,410000.0,1,0
11556.0,104000.0,2,130000.0,2,0
11557.5,160000.0,1,200000.0,1,0
11559.0,48000.0,2,60000.0,2,0
11560.5,16000.0,1,20000.0,1,0
11562.0,16000.0,1,20000.0,1,0
11563.5,304000.0,2,380000.0,2,0
11565.0,64000.0,1,80000.0,1,1
11566.5,128000.0,1,160000.0,1,0
11568.0,40000.0,1,50000.0,1,0
11569.5,40000.0,1,50000.0,1,0
11571.0,248000.0,1,310000.0,1,0
11572.5,104000.0,1,130000.0,1,0
11574.0,144000.0,1,180000.0,1,0
11575.5,104000.0,2,130000.0,2,0
11577.0,40000.0,1,50000.0,1,0
11578.5,120000.0,2,150000.0,2,1
11580.0,184000.0,2,230000.0,2,0
11581.5,16000.0,2,20000.0,2,0
11583.0,288000.0,2,360000.0,2,1
11584.5,144000.0,2,180000.0,2,0
11586.0,224000.0,1,280000.0,1,0
11587.5,72000.0,2,90000.0,2,1
11589.0,168000.0,1,210000.0,1,0
11590.5,192000.0,1,240000.0,1,1
11592.0,160000.0,2,200000.0,2,0
11593.5,144000.0,2,180000.0,2,0
11595.0,152000.0,1,190000.0,1,0
11596.5,40000.0,2,50000.0,2,0
11598.0,64000.0,2,80000.0,2,0
11599.5,40000.0,1,50000.0,1,1
11601.0,104000.0,1,130000.0,1,0
11602.5,24000.0,2,30000.0,2,1
11604.0,24000.0,2,30000.0,2,0
11605.5,40000.0,1,50000.0,1,1
11607.0,288000.0,2,360000.0,2,0
11608.5,64000.0,2,80000.0,2,1
11610.0,368000.0,1,460000.0,1,0
11611.5,160000.0,1,200000.0,1,0
11613.0,40000.0,1,50000.0,1,1
11614.5,296000.0,2,370000.0,2,0
11616.0,16000.0,2,20000.0,2,1
11617.5,40000.0,2,50000.0,2,0
11619.0,64000.0,1,80000.0,1,0
11620.5,136000.0,2,170000.0,2,0
11622.0,320000.0,1,400000.0,1,0
11623.5,400000.0,2,500000.0,2,0
11625.0,200000.0,1,250000.0,1,1
11626.5,64000.0,2,80000.0,2,0
11628.0,72000.0,2,90000.0,2,0
11629.5,96000.0,1,120000.0,1,1
11631.0,248000.0,1,310000.0,1,0
11632.5,16000.0,1,20000.0,1,0
11634.0,48000.0,2,60000.0,2,0
11635.5,368000.0,2,460000.0,2,0
11637.0,176000.0,1,220000.0,1,0
11638.5,176000.0,1,220000.0,1,1
11640.0,16000.0,1,20000.0,1,0
11641.5,64000.0,1,80000.0,1,1
11643.0,176000.0,1,220000.0,1,0
11644.5,16000.0,1,20000.0,1,0
11646.0,80000.0,2,100000.0,2,0
11647.5,184000.0,2,230000.0,2,0
11649.0,240000.0,2,300000.0,2,0
11650.5,16000.0,1,20000.0,1,0
11652.0,128000.0,1,160000.0,1,0
11653.5,56000.0,2,70000.0,2,1
11655.0,192000.0,2,240000.0,2,0
11656.5,80000.0,1,100000.0,1,0
11658.0,176000.0,1,220000.0,1,0
11659.5,40000.0,1,50000.0,1,0
11661.0,64000.0,2,80000.0,2,0
11662.5,104000.0,1,130000.0,1,1
11664.0,24000.0,2,30000.0,2,0
11665.5,288000.0,2,360000.0,2,1
11667.0,224000.0,1,280000.0,1,1
11668.5,184000.0,1,230000.0,1,0
11670.0,24000.0,2,30000.0,2,0
11671.5,56000.0,2,70000.0,2,1
11673.0,80000.0,1,100000.0,1,0
11674.5,40000.0,1,50000.0,1,1
11676.0,120000.0,2,150000.0,2,0
11677.5,16000.0,1,20000.0,1,1
11679.0,80000.0,1,100000.0,1,1
11680.5,72000.0,2,90000.0,2,1
11682.0,40000.0,1,50000.0,1,0
11683.5,160000.0,1,200000.0,1,1
11685.0,200000.0,2,250000.0,2,0
11686.5,112000.0,2,140000.0,2,0
11688.0,256000.0,2,320000.0,2,0
11689.5,16000.0,2,20000.0,2,1
11691.0,64000.0,2,80000.0,2,0
11692.5,240000.0,2,300000.0,2,0
11694.0,400000.0,2,500000.0,2,0
11695.5,24000.0,1,30000.0,1,0
11697.0,104000.0,2,130000.0,2,0
11698.5,32000.0,1,40000.0,1,0
11700.0,16000.0,2,20000.0,2,0
11701.5,376000.0,2,470000.0,2,0
11703.0,160000.0,2,200000.0,2,1
11704.5,40000.0,2,50000.0,2,1
11706.0,104000.0,2,130000.0,2,0
11707.5,80000.0,2,100000.0,2,0
11709.0,128000.0,1,160000.0,1,0
11710.5,40000.0,1,50000.0,1,0
11712.0,144000.0,1,180000.0,1,0
11713.5,40000.0,1,50000.0,1,0
11715.0,56000.0,2,70000.0,2,0
11716.5,216000.0,1,270000.0,1,1
11718.0,168000.0,2,210000.0,2,0
11719.5,56000.0,2,70000.0,2,0
11721.0,128000.0,2,160000.0,2,0
11722.5,24000.0,2,30000.0,2,0
11724.0,200000.0,1,250000.0,1,0
11725.5,8000.0,2,10000.0,2,0
11727.0,40000.0,1,50000.0,1,0
11728.5,96000.0,1,120000.0,1,0
11730.0,40000.0,1,50000.0,1,0
11731.5,200000.0,1,250000.0,1,0
11733.0,16000.0,1,20000.0,1,1
11734.5,56000.0,2,70000.0,2,0
11736.0,40000.0,1,50000.0,1,0
11737.5,88000.0,1,110000.0,1,0
11739.0,80000.0,2,100000.0,2,0
11740.5,16000.0,1,20000.0,1,0
11742.0,96000.0,2,120000.0,2,0
11743.5,40000.0,1,50000.0,1,0
11745.0,112000.0,1,140000.0,1,1
11746.5,112000.0,1,140000.0,1,1
11748.0,200000.0,2,250000.0,2,0
11749.5,144000.0,2,180000.0,2,0
11751.0,104000.0,1,130000.0,1,0
11752.5,160000.0,1,200000.0,1,0
11754.0,80000.0,2,100000.0,2,0
11755.5,16000.0,1,20000.0,1,0
11757.0,232000.0,2,290000.0,2,0
11758.5,88000.0,1,110000.0,1,0
11760.0,24000.0,2,30000.0,2,0
11761.5,120000.0,2,150000.0,2,0
11763.0,120000.0,2,150000.0,2,0
11764.5,96000.0,2,120000.0,2,1
11766.0,224000.0,1,280000.0,1,0
11767.5,72000.0,2,90000.0,2,0
11769.0,104000.0,1,130000.0,1,0
11770.5,24000.0,1,30000.0,1,1
11772.0,80000.0,1,100000.0,1,0
11773.5,24000.0,2,30000.0,2,1
11775.0,72000.0,2,90000.0,2,0
11776.5,128000.0,2,160000.0,2,0
11778.0,208000.0,1,260000.0,1,0
11779.5,40000.0,1,50000.0,1,1
11781.0,208000.0,1,260000.0,1,0
11782.5,176000.0,2,220000.0,2,0
11784.0,16000.0,2,20000.0,2,0
11785.5,240000.0,2,300000.0,2,1
11787.0,200000.0,2,250000.0,2,0
11788.5,160000.0,1,200000.0,1,0
11790.0,16000.0,2,20000.0,2,0
11791.5,40000.0,1,50000.0,1,1
11793.0,80000.0,2,100000.0,2,0
11794.5,136000.0,1,170000.0,1,0
11796.0,96000.0,1,120000.0,1,0
11797.5,96000.0,2,120000.0,2,0
11799.0,40000.0,1,50000.0,1,0
11800.5,208000.0,2,260000.0,2,0
11802.0,48000.0,2,60000.0,2,0
11803.5,96000.0,2,120000.0,2,1
11805.0,176000.0,2,220000.0,2,0
11806.5,160000.0,1,200000.0,1,0
11808.0,72000.0,2,90000.0,2,0
11809.5,248000.0,2,310000.0,2,0
11811.0,88000.0,2,110000.0,2,0
11812.5,112000.0,2,140000.0,2,0
11814.0,128000.0,2,160000.0,2,0
11815.5,64000.0,2,80000.0,2,1
11817.0,400000.0,2,500000.0,2,0
11818.5,104000.0,1,130000.0,1,0
11820.0,192000.0,2,240000.0,2,0
11821.5,40000.0,2,50000.0,2,1
11823.0,144000.0,2,180000.0,2,0
11824.5,192000.0,1,240000.0,1,1
11826.0,144000.0,1,180000.0,1,0
11827.5,104000.0,1,130000.0,1,0
11829.0,40000.0,2,50000.0,2,1
11830.5,400000.0,1,500000.0,1,0
11832.0,160000.0,1,200000.0,1,0
11833.5,176000.0,2,220000.0,2,0
11835.0,56000.0,1,70000.0,1,0
11836.5,352000.0,1,440000.0,1,0
11838.0,232000.0,1,290000.0,1,0
11839.5,40000.0,2,50000.0,2,0
11841.0,96000.0,2,120000.0,2,0
11842.5,64000.0,2,80000.0,2,0
11844.0,136000.0,2,170000.0,2,0
11845.5,128000.0,1,160000.0,1,1
11847.0,224000.0,1,280000.0,1,1
11848.5,32000.0,2,40000.0,2,1
11850.0,64000.0,2,80000.0,2,0
11851.5,168000.0,2,210000.0,2,0
11853.0,48000.0,2,60000.0,2,1
11854.5,16000.0,2,20000.0,2,1
11856.0,184000.0,2,230000.0,2,0
11857.5,72000.0,2,90000.0,2,0
11859.0,136000.0,2,170000.0,2,0
11860.5,56000.0,2,70000.0,2,0
11862.0,40000.0,1,50000.0,1,0
11863.5,112000.0,2,140000.0,2,0
11865.0,40000.0,2,50000.0,2,0
11866.5,216000.0,2,270000.0,2,0
11868.0,136000.0,2,170000.0,2,1
11869.5,144000.0,2,180000.0,2,0
11871.0,64000.0,2,80000.0,2,0
11872.5,360000.0,2,450000.0,2,0
11874.0,320000.0,1,400000.0,1,0
11875.5,320000.0,2,400000.0,2,0
11877.0,48000.0,1,60000.0,1,0
11878.5,88000.0,1,110000.0,1,0
11880.0,48000.0,2,60000.0,2,0
11881.5,112000.0,1,140000.0,1,1
11883.0,16000.0,1,20000.0,1,1
11884.5,40000.0,1,50000.0,1,1
11886.0,24000.0,2,30000.0,2,0
11887.5,168000.0,2,210000.0,2,0
11889.0,40000.0,1,50000.0,1,1
11890.5,160000.0,1,200000.0,1,0
11892.0,96000.0,2,120000.0,2,0
11893.5,160000.0,2,200000.0,2,1
11895.0,144000.0,2,180000.0,2,0
11896.5,352000.0,2,440000.0,2,1
11898.0,120000.0,2,150000.0,2,0
11899.5,104000.0,1,130000.0,1,1
11901.0,40000.0,2,50000.0,2,0
11902.5,144000.0,2,180000.0,2,1
11904.0,64000.0,2,80000.0,2,0
11905.5,136000.0,2,170000.0,2,0
11907.0,120000.0,2,150000.0,2,0
11908.5,192000.0,1,240000.0,1,0
11910.0,112000.0,1,140000.0,1,1
11911.5,40000.0,1,50000.0,1,0
11913.0,16000.0,2,20000.0,2,0
11914.5,192000.0,2,240000.0,2,0
11916.0,24000.0,2,30000.0,2,0
11917.5,40000.0,2,50000.0,2,1
11919.0,16000.0,2,20000.0,2,1
11920.5,16000.0,2,20000.0,2,1
11922.0,248000.0,2,310000.0,2,0
11923.5,160000.0,1,200000.0,1,0
11925.0,264000.0,1,330000.0,1,0
11926.5,80000.0,2,100000.0,2,0
11928.0,40000.0,2,50000.0,2,0
11929.5,96000.0,1,120000.0,1,0
11931.0,128000.0,1,160000.0,1,0
11932.5,136000.0,1,170000.0,1,0
11934.0,40000.0,2,50000.0,2,0
11935.5,24000.0,2,30000.0,2,0
11937.0,120000.0,1,150000.0,1,0
11938.5,256000.0,2,320000.0,2,0
11940.0,40000.0,2,50000.0,2,0
11941.5,16000.0,2,20000.0,2,0
11943.0,16000.0,1,20000.0,1,1
11944.5,40000.0,1,50000.0,1,0
11946.0,128000.0,1,160000.0,1,0
11947.5,16000.0,2,20000.0,2,0
11949.0,104000.0,1,130000.0,1,1
11950.5,120000.0,2,150000.0,2,0
11952.0,16000.0,2,20000.0,2,0
11953.5,16000.0,1,20000.0,1,1
11955.0,56000.0,2,70000.0,2,0
11956.5,40000.0,1,50000.0,1,0
11958.0,160000.0,1,200000.0,1,0
11959.5,256000.0,2,320000.0,2,0
11961.0,40000.0,1,50000.0,1,0
11962.5,56000.0,1,70000.0,1,0
11964.0,160000.0,2,200000.0,2,0
11965.5,200000.0,2,250000.0,2,0
11967.0,56000.0,2,70000.0,2,1
11968.5,72000.0,2,90000.0,2,1
11970.0,320000.0,1,400000.0,1,0
11971.5,104000.0,2,130000.0,2,0
11973.0,88000.0,2,110000.0,2,0
11974.5,120000.0,1,150000.0,1,0
11976.0,264000.0,2,330000.0,2,0
11977.5,24000.0,2,30000.0,2,0
11979.0,288000.0,2,360000.0,2,0
11980.5,40000.0,1,50000.0,1,0
11982.0,48000.0,2,60000.0,2,1
11983.5,160000.0,2,200000.0,2,0
11985.0,144000.0,2,180000.0,2,0
11986.5,40000.0,1,50000.0,1,0
11988.0,64000.0,2,80000.0,2,0
11989.5,40000.0,2,50000.0,2,1
11991.0,216000.0,2,270000.0,2,0
11992.5,80000.0,2,100000.0,2,1
11994.0,136000.0,2,170000.0,2,0
11995.5,24000.0,1,30000.0,1,0
11997.0,184000.0,2,230000.0,2,0
11998.5,160000.0,2,200000.0,2,0
12000.0,104000.0,1,130000.0,1,1
12001.5,24000.0,1,30000.0,1,0
12003.0,112000.0,2,140000.0,2,0
12004.5,392000.0,1,490000.0,1,0
12006.0,128000.0,1,160000.0,1,0
12007.5,144000.0,1,180000.0,1,1
12009.0,208000.0,2,260000.0,2,0
12010.5,64000.0,2,80000.0,2,1
12012.0,288000.0,2,360000.0,2,1
12013.5,16000.0,2,20000.0,2,0
12015.0,16000.0,1,20000.0,1,0
12016.5,64000.0,2,80000.0,2,0
12018.0,400000.0,1,500000.0,1,0
12019.5,128000.0,1,160000.0,1,0
12021.0,16000.0,2,20000.0,2,0
12022.5,264000.0,2,330000.0,2,0
12024.0,64000.0,2,80000.0,2,1
12025.5,176000.0,1,220000.0,1,0
12027.0,184000.0,2,230000.0,2,0
12028.5,72000.0,2,90000.0,2,0
12030.0,240000.0,1,300000.0,1,1
12031.5,24000.0,2,30000.0,2,1
12033.0,64000.0,2,80000.0,2,1
12034.5,48000.0,1,60000.0,1,0
12036.0,288000.0,1,360000.0,1,0
12037.5,288000.0,1,360000.0,1,0
12039.0,24000.0,2,30000.0,2,0
12040.5,152000.0,1,190000.0,1,0
12042.0,104000.0,2,130000.0,2,0
12043.5,88000.0,2,110000.0,2,0
12045.0,280000.0,2,350000.0,2,0
12046.5,40000.0,2,50000.0,2,0
12048.0,104000.0,2,130000.0,2,0
12049.5,40000.0,1,50000.0,1,1
12051.0,40000.0,1,50000.0,1,0
12052.5,304000.0,2,380000.0,2,0
12054.0,208000.0,2,260000.0,2,0
12055.5,112000.0,2,140000.0,2,0
12057.0,216000.0,2,270000.0,2,0
12058.5,24000.0,2,30000.0,2,0
12060.0,192000.0,1,240000.0,1,0
12061.5,56000.0,1,70000.0,1,1
12063.0,96000.0,1,120000.0,1,1
12064.5,128000.0,2,160000.0,2,1
12066.0,136000.0,1,170000.0,1,1
12067.5,304000.0,2,380000.0,2,0
12069.0,128000.0,2,160000.0,2,0
12070.5,24000.0,1,30000.0,1,0
12072.0,208000.0,2,260000.0,2,0
12073.5,56000.0,1,70000.0,1,1
12075.0,192000.0,1,240000.0,1,0
12076.5,136000.0,2,170000.0,2,0
12078.0,24000.0,1,30000.0,1,0
12079.5,72000.0,1,90000.0,1,0
12081.0,200000.0,1,250000.0,1,0
12082.5,216000.0,2,270000.0,2,0
12084.0,104000.0,2,130000.0,2,1
12085.5,288000.0,1,360000.0,1,0
12087.0,392000.0,1,490000.0,1,0
12088.5,88000.0,2,110000.0,2,0
12090.0,80000.0,1,100000.0,1,0
12091.5,160000.0,1,200000.0,1,0
12093.0,40000.0,2,50000.0,2,0
12094.5,176000.0,1,220000.0,1,0
12096.0,288000.0,1,360000.0,1,0
12097.5,16000.0,2,20000.0,2,0
12099.0,56000.0,2,70000.0,2,0
12100.5,144000.0,2,180000.0,2,0
12102.0,40000.0,1,50000.0,1,0
12103.5,112000.0,2,140000.0,2,0
12105.0,176000.0,1,220000.0,1,0
12106.5,120000.0,2,150000.0,2,0
12108.0,24000.0,1,30000.0,1,0
12109.5,240000.0,2,300000.0,2,0
12111.0,336000.0,1,420000.0,1,0
12112.5,64000.0,2,80000.0,2,0
12114.0,80000.0,2,100000.0,2,0
12115.5,96000.0,2,120000.0,2,1
12117.0,184000.0,2,230000.0,2,0
12118.5,160000.0,2,200000.0,2,0
12120.0,160000.0,1,200000.0,1,0
12121.5,184000.0,1,230000.0,1,0
12123.0,160000.0,1,200000.0,1,0
12124.5,40000.0,1,50000.0,1,1
12126.0,176000.0,1,220000.0,1,0
12127.5,72000.0,1,90000.0,1,1
12129.0,400000.0,1,500000.0,1,0
12130.5,104000.0,2,130000.0,2,0
12132.0,168000.0,1,210000.0,1,0
12133.5,160000.0,2,200000.0,2,0
12135.0,16000.0,1,20000.0,1,1
12136.5,328000.0,2,410000.0,2,1
12138.0,232000.0,2,290000.0,2,0
12139.5,216000.0,2,270000.0,2,0
12141.0,72000.0,2,90000.0,2,1
12142.5,24000.0,2,30000.0,2,0
12144.0,288000.0,2,360000.0,2,0
12145.5,192000.0,1,240000.0,1,0
12147.0,144000.0,2,180000.0,2,0
12148.5,40000.0,2,50000.0,2,0
12150.0,40000.0,2,50000.0,2,1
12151.5,80000.0,1,100000.0,1,0
12153.0,40000.0,1,50000.0,1,0
12154.5,288000.0,1,360000.0,1,0
12156.0,440000.0,2,550000.0,2,0
12157.5,208000.0,2,260000.0,2,1
12159.0,400000.0,2,500000.0,2,1
12160.5,104000.0,1,130000.0,1,0
12162.0,24000.0,1,30000.0,1,0
12163.5,128000.0,2,160000.0,2,0
12165.0,336000.0,2,420000.0,2,1
12166.5,40000.0,2,50000.0,2,0
12168.0,24000.0,2,30000.0,2,1
12169.5,40000.0,2,50000.0,2,0
12171.0,128000.0,2,160000.0,2,1
12172.5,96000.0,2,120000.0,2,0
12174.0,40000.0,2,50000.0,2,0
12175.5,104000.0,1,130000.0,1,0
12177.0,120000.0,1,150000.0,1,1
12178.5,360000.0,1,450000.0,1,1
12180.0,120000.0,1,150000.0,1,0
12181.5,72000.0,2,90000.0,2,0
12183.0,104000.0,1,130000.0,1,0
12184.5,104000.0,1,130000.0,1,0
12186.0,312000.0,2,390000.0,2,0
12187.5,160000.0,1,200000.0,1,1
12189.0,240000.0,2,300000.0,2,0
12190.5,112000.0,2,140000.0,2,0
12192.0,160000.0,2,200000.0,2,0
12193.5,24000.0,1,30000.0,1,0
12195.0,24000.0,1,30000.0,1,0
12196.5,128000.0,2,160000.0,2,0
12198.0,168000.0,2,210000.0,2,0
12199.5,248000.0,2,310000.0,2,0
12201.0,320000.0,2,400000.0,2,0
12202.5,40000.0,2,50000.0,2,1
12204.0,64000.0,1,80000.0,1,0
12205.5,272000.0,2,340000.0,2,0
12207.0,112000.0,1,140000.0,1,0
12208.5,304000.0,1,380000.0,1,1
12210.0,40000.0,2,50000.0,2,1
12211.5,8000.0,1,10000.0,1,0
12213.0,24000.0,2,30000.0,2,0
12214.5,288000.0,2,360000.0,2,1
12216.0,120000.0,2,150000.0,2,0
12217.5,40000.0,1,50000.0,1,0
12219.0,96000.0,1,120000.0,1,0
12220.5,200000.0,2,250000.0,2,0
12222.0,16000.0,1,20000.0,1,1
12223.5,24000.0,2,30000.0,2,1
12225.0,208000.0,1,260000.0,1,0
12226.5,200000.0,2,250000.0,2,0
12228.0,208000.0,2,260000.0,2,0
12229.5,120000.0,2,150000.0,2,0
12231.0,128000.0,2,160000.0,2,0
12232.5,64000.0,1,80000.0,1,0
12234.0,400000.0,2,500000.0,2,0
12235.5,88000.0,2,110000.0,2,0
12237.0,80000.0,1,100000.0,1,0
12238.5,288000.0,2,360000.0,2,0
12240.0,264000.0,1,330000.0,1,0
12241.5,56000.0,2,70000.0,2,0
12243.0,112000.0,1,140000.0,1,1
12244.5,160000.0,1,200000.0,1,0
12246.0,40000.0,1,50000.0,1,1
12247.5,232000.0,1,290000.0,1,0
12249.0,24000.0,1,30000.0,1,0
12250.5,144000.0,2,180000.0,2,0
12252.0,24000.0,1,30000.0,1,0
12253.5,144000.0,2,180000.0,2,0
12255.0,192000.0,1,240000.0,1,0
12256.5,104000.0,2,130000.0,2,0
12258.0,184000.0,1,230000.0,1,1
12259.5,400000.0,1,500000.0,1,1
12261.0,288000.0,1,360000.0,1,0
12262.5,40000.0,1,50000.0,1,1
12264.0,160000.0,1,200000.0,1,1
12265.5,184000.0,1,230000.0,1,0
12267.0,56000.0,2,70000.0,2,1
12268.5,40000.0,1,50000.0,1,1
12270.0,400000.0,1,500000.0,1,0
12271.5,112000.0,1,140000.0,1,1
12273.0,112000.0,2,140000.0,2,0
12274.5,104000.0,1,130000.0,1,1
12276.0,128000.0,2,160000.0,2,0
12277.5,40000.0,2,50000.0,2,0
12279.0,16000.0,1,20000.0,1,1
12280.5,288000.0,2,360000.0,2,0
12282.0,128000.0,2,160000.0,2,1
12283.5,200000.0,2,250000.0,2,0
12285.0,104000.0,2,130000.0,2,1
12286.5,152000.0,1,190000.0,1,1
12288.0,144000.0,2,180000.0,2,0
12289.5,64000.0,1,80000.0,1,0
12291.0,192000.0,1,240000.0,1,0
12292.5,40000.0,1,50000.0,1,0
12294.0,128000.0,2,160000.0,2,0
12295.5,72000.0,2,90000.0,2,0
12297.0,248000.0,2,310000.0,2,0
12298.5,48000.0,1,60000.0,1,0
12300.0,192000.0,1,240000.0,1,0
12301.5,40000.0,2,50000.0,2,0
12303.0,120000.0,2,150000.0,2,0
12304.5,104000.0,2,130000.0,2,0
12306.0,16000.0,2,20000.0,2,0
12307.5,120000.0,1,150000.0,1,0
12309.0,192000.0,1,240000.0,1,0
12310.5,40000.0,1,50000.0,1,0
12312.0,40000.0,1,50000.0,1,0
12313.5,216000.0,1,270000.0,1,1
12315.0,16000.0,2,20000.0,2,0
12316.5,240000.0,2,300000.0,2,0
12318.0,312000.0,1,390000.0,1,0
12319.5,88000.0,2,110000.0,2,0
12321.0,72000.0,1,90000.0,1,0
12322.5,240000.0,2,300000.0,2,0
12324.0,360000.0,1,450000.0,1,1
12325.5,16000.0,1,20000.0,1,1
12327.0,400000.0,2,500000.0,2,0
12328.5,24000.0,2,30000.0,2,0
12330.0,40000.0,1,50000.0,1,1
12331.5,112000.0,2,140000.0,2,0
12333.0,8000.0,1,10000.0,1,1
12334.5,96000.0,2,120000.0,2,0
12336.0,24000.0,1,30000.0,1,0
12337.5,24000.0,2,30000.0,2,0
12339.0,16000.0,1,20000.0,1,0
12340.5,8000.0,1,10000.0,1,0
12342.0,88000.0,2,110000.0,2,1
12343.5,224000.0,2,280000.0,2,0
12345.0,400000.0,1,500000.0,1,0
12346.5,40000.0,2,50000.0,2,1
12348.0,184000.0,1,230000.0,1,0
12349.5,40000.0,1,50000.0,1,0
12351.0,96000.0,2,120000.0,2,0
12352.5,24000.0,1,30000.0,1,0
12354.0,264000.0,2,330000.0,2,0
12355.5,288000.0,1,360000.0,1,0
12357.0,32000.0,1,40000.0,1,0
12358.5,88000.0,2,110000.0,2,1
12360.0,32000.0,2,40000.0,2,0
12361.5,56000.0,2,70000.0,2,0
12363.0,80000.0,1,100000.0,1,1
12364.5,168000.0,2,210000.0,2,0
12366.0,288000.0,1,360000.0,1,0
12367.5,208000.0,1,260000.0,1,0
12369.0,160000.0,2,200000.0,2,0
12370.5,128000.0,1,160000.0,1,1
12372.0,336000.0,2,420000.0,2,0
12373.5,112000.0,2,140000.0,2,1
12375.0,144000.0,1,180000.0,1,1
12376.5,120000.0,2,150000.0,2,0
12378.0,24000.0,2,30000.0,2,0
12379.5,400000.0,1,500000.0,1,0
12381.0,192000.0,1,240000.0,1,0
12382.5,24000.0,1,30000.0,1,0
12384.0,64000.0,1,80000.0,1,0
12385.5,64000.0,1,80000.0,1,0
12387.0,248000.0,1,310000.0,1,0
12388.5,144000.0,2,180000.0,2,0
12390.0,48000.0,2,60000.0,2,1
12391.5,136000.0,2,170000.0,2,0
12393.0,144000.0,2,180000.0,2,0
12394.5,144000.0,1,180000.0,1,1
12396.0,280000.0,1,350000.0,1,0
12397.5,288000.0,1,360000.0,1,0
12399.0,112000.0,1,140000.0,1,1
12400.5,248000.0,2,310000.0,2,0
12402.0,24000.0,1,30000.0,1,0
12403.5,160000.0,1,200000.0,1,1
12405.0,96000.0,2,120000.0,2,1
12406.5,208000.0,1,260000.0,1,0
12408.0,48000.0,2,60000.0,2,0
12409.5,40000.0,1,50000.0,1,0
12411.0,64000.0,1,80000.0,1,0
12412.5,48000.0,1,60000.0,1,0
12414.0,160000.0,2,200000.0,2,0
12415.5,112000.0,2,140000.0,2,0
12417.0,24000.0,1,30000.0,1,1
12418.5,88000.0,2,110000.0,2,0
12420.0,72000.0,2,90000.0,2,0
12421.5,32000.0,2,40000.0,2,0
12423.0,88000.0,2,110000.0,2,0
12424.5,512000.0,2,640000.0,2,0
12426.0,16000.0,1,20000.0,1,0
12427.5,40000.0,2,50000.0,2,0
12429.0,24000.0,1,30000.0,1,0
12430.5,112000.0,2,140000.0,2,0
12432.0,56000.0,1,70000.0,1,0
12433.5,64000.0,2,80000.0,2,1
12435.0,80000.0,2,100000.0,2,0
12436.5,144000.0,1,180000.0,1,0
12438.0,40000.0,2,50000.0,2,0
12439.5,136000.0,1,170000.0,1,1
12441.0,40000.0,2,50000.0,2,1
12442.5,112000.0,1,140000.0,1,1
12444.0,80000.0,1,100000.0,1,1
12445.5,8000.0,1,10000.0,1,0
12447.0,40000.0,2,50000.0,2,0
12448.5,24000.0,2,30000.0,2,1
12450.0,64000.0,2,80000.0,2,0
12451.5,232000.0,2,290000.0,2,0
12453.0,88000.0,2,110000.0,2,0
12454.5,24000.0,2,30000.0,2,0
12456.0,56000.0,2,70000.0,2,0
12457.5,240000.0,2,300000.0,2,0
12459.0,24000.0,1,30000.0,1,1
12460.5,160000.0,2,200000.0,2,0
12462.0,104000.0,1,130000.0,1,1
12463.5,64000.0,1,80000.0,1,0
12465.0,40000.0,2,50000.0,2,0
12466.5,248000.0,2,310000.0,2,0
12468.0,128000.0,2,160000.0,2,0
12469.5,192000.0,1,240000.0,1,0
12471.0,80000.0,2,100000.0,2,0
12472.5,160000.0,2,200000.0,2,0
12474.0,40000.0,2,50000.0,2,0
12475.5,256000.0,2,320000.0,2,0
12477.0,48000.0,1,60000.0,1,0
12478.5,48000.0,1,60000.0,1,0
12480.0,40000.0,1,50000.0,1,1
12481.5,288000.0,1,360000.0,1,1
12483.0,48000.0,2,60000.0,2,0
12484.5,168000.0,2,210000.0,2,0
12486.0,16000.0,1,20000.0,1,1
12487.5,80000.0,2,100000.0,2,0
12489.0,160000.0,2,200000.0,2,0
12490.5,144000.0,2,180000.0,2,0
12492.0,56000.0,2,70000.0,2,1
12493.5,136000.0,2,170000.0,2,0
12495.0,64000.0,1,80000.0,1,0
12496.5,320000.0,2,400000.0,2,0
12498.0,112000.0,2,140000.0,2,0
12499.5,48000.0,1,60000.0,1,0
12501.0,288000.0,1,360000.0,1,0
12502.5,192000.0,2,240000.0,2,0
12504.0,64000.0,2,80000.0,2,0
12505.5,216000.0,2,270000.0,2,0
12507.0,24000.0,2,30000.0,2,0
12508.5,384000.0,1,480000.0,1,1
12510.0,128000.0,1,160000.0,1,0
12511.5,144000.0,2,180000.0,2,1
12513.0,240000.0,1,300000.0,1,1
12514.5,160000.0,2,200000.0,2,0
12516.0,40000.0,2,50000.0,2,0
12517.5,256000.0,2,320000.0,2,0
12519.0,24000.0,2,30000.0,2,1
12520.5,400000.0,2,500000.0,2,0
12522.0,288000.0,1,360000.0,1,0
12523.5,40000.0,2,50000.0,2,1
12525.0,64000.0,2,80000.0,2,0
12526.5,8000.0,1,10000.0,1,0
12528.0,224000.0,2,280000.0,2,0
12529.5,240000.0,2,300000.0,2,0
12531.0,224000.0,2,280000.0,2,0
12532.5,136000.0,1,170000.0,1,0
12534.0,208000.0,2,260000.0,2,0
12535.5,288000.0,1,360000.0,1,0
12537.0,288000.0,2,360000.0,2,0
12538.5,160000.0,1,200000.0,1,0
12540.0,40000.0,2,50000.0,2,0
12541.5,104000.0,2,130000.0,2,0
12543.0,16000.0,1,20000.0,1,1
12544.5,40000.0,2,50000.0,2,1
12546.0,152000.0,2,190000.0,2,0
12547.5,112000.0,1,140000.0,1,0
12549.0,56000.0,2,70000.0,2,0
12550.5,120000.0,2,150000.0,2,0
12552.0,112000.0,2,140000.0,2,0
12553.5,40000.0,1,50000.0,1,1
12555.0,280000.0,2,350000.0,2,0
12556.5,64000.0,1,80000.0,1,1
12558.0,320000.0,1,400000.0,1,0
12559.5,136000.0,2,170000.0,2,0
12561.0,16000.0,2,20000.0,2,0
12562.5,360000.0,1,450000.0,1,0
12564.0,160000.0,2,200000.0,2,0
12565.5,160000.0,2,200000.0,2,0
12567.0,80000.0,2,100000.0,2,1
12568.5,48000.0,1,60000.0,1,0
12570.0,184000.0,2,230000.0,2,0
12571.5,184000.0,2,230000.0,2,0
12573.0,48000.0,1,60000.0,1,0
12574.5,128000.0,2,160000.0,2,0
12576.0,248000.0,1,310000.0,1,1
12577.5,344000.0,2,430000.0,2,0
12579.0,192000.0,2,240000.0,2,0
12580.5,48000.0,1,60000.0,1,0
12582.0,24000.0,1,30000.0,1,0
12583.5,144000.0,1,180000.0,1,1
12585.0,16000.0,1,20000.0,1,0
12586.5,24000.0,1,30000.0,1,1
12588.0,256000.0,2,320000.0,2,0
12589.5,400000.0,1,500000.0,1,1
12591.0,136000.0,2,170000.0,2,0
12592.5,16000.0,2,20000.0,2,0
12594.0,288000.0,2,360000.0,2,0
12595.5,72000.0,2,90000.0,2,0
12597.0,80000.0,2,100000.0,2,0
12598.5,80000.0,1,100000.0,1,0
12600.0,136000.0,1,170000.0,1,0
12601.5,80000.0,2,100000.0,2,0
12603.0,16000.0,1,20000.0,1,0
12604.5,176000.0,1,220000.0,1,0
12606.0,376000.0,2,470000.0,2,0
12607.5,80000.0,2,100000.0,2,0
12609.0,8000.0,1,10000.0,1,0
12610.5,184000.0,2,230000.0,2,0
12612.0,40000.0,2,50000.0,2,0
12613.5,40000.0,1,50000.0,1,1
12615.0,96000.0,2,120000.0,2,0
12616.5,128000.0,2,160000.0,2,1
12618.0,96000.0,1,120000.0,1,0
12619.5,24000.0,2,30000.0,2,0
12621.0,144000.0,2,180000.0,2,0
12622.5,24000.0,1,30000.0,1,0
12624.0,160000.0,2,200000.0,2,0
12625.5,8000.0,2,10000.0,2,0
12627.0,184000.0,1,230000.0,1,0
12628.5,160000.0,2,200000.0,2,0
12630.0,88000.0,1,110000.0,1,1
12631.5,40000.0,1,50000.0,1,0
12633.0,40000.0,2,50000.0,2,0
12634.5,176000.0,1,220000.0,1,0
12636.0,400000.0,1,500000.0,1,0
12637.5,112000.0,1,140000.0,1,0
12639.0,40000.0,2,50000.0,2,0
12640.5,40000.0,1,50000.0,1,0
12642.0,120000.0,2,150000.0,2,0
12643.5,120000.0,1,150000.0,1,0
12645.0,192000.0,1,240000.0,1,0
12646.5,144000.0,1,180000.0,1,0
12648.0,192000.0,1,240000.0,1,0
12649.5,120000.0,2,150000.0,2,0
12651.0,208000.0,2,260000.0,2,0
12652.5,128000.0,2,160000.0,2,0
12654.0,232000.0,2,290000.0,2,0
12655.5,192000.0,1,240000.0,1,0
12657.0,40000.0,1,50000.0,1,0
12658.5,136000.0,2,170000.0,2,0
12660.0,104000.0,2,130000.0,2,1
12661.5,64000.0,1,80000.0,1,0
12663.0,24000.0,1,30000.0,1,0
12664.5,80000.0,2,100000.0,2,0
12666.0,8000.0,1,10000.0,1,0
12667.5,256000.0,2,320000.0,2,0
12669.0,40000.0,1,50000.0,1,0
12670.5,64000.0,1,80000.0,1,1
12672.0,56000.0,2,70000.0,2,1
12673.5,560000.0,2,700000.0,2,0
12675.0,288000.0,2,360000.0,2,0
12676.5,304000.0,1,380000.0,1,0
12678.0,40000.0,1,50000.0,1,0
12679.5,16000.0,1,20000.0,1,1
12681.0,280000.0,2,350000.0,2,1
12682.5,64000.0,2,80000.0,2,1
12684.0,120000.0,1,150000.0,1,1
12685.5,240000.0,2,300000.0,2,0
12687.0,320000.0,1,400000.0,1,0
12688.5,200000.0,2,250000.0,2,0
12690.0,40000.0,2,50000.0,2,1
12691.5,184000.0,2,230000.0,2,0
12693.0,80000.0,2,100000.0,2,0
12694.5,304000.0,1,380000.0,1,0
12696.0,208000.0,2,260000.0,2,0
12697.5,376000.0,1,470000.0,1,0
12699.0,64000.0,1,80000.0,1,0
12700.5,112000.0,1,140000.0,1,1
12702.0,112000.0,1,140000.0,1,1
12703.5,40000.0,1,50000.0,1,1
12705.0,144000.0,2,180000.0,2,1
12706.5,24000.0,2,30000.0,2,1
12708.0,24000.0,2,30000.0,2,1
12709.5,40000.0,2,50000.0,2,1
12711.0,200000.0,2,250000.0,2,0
12712.5,248000.0,2,310000.0,2,0
12714.0,288000.0,2,360000.0,2,0
12715.5,40000.0,1,50000.0,1,0
12717.0,384000.0,2,480000.0,2,0
12718.5,40000.0,2,50000.0,2,0
12720.0,128000.0,1,160000.0,1,0
12721.5,112000.0,2,140000.0,2,0
12723.0,248000.0,2,310000.0,2,0
12724.5,24000.0,2,30000.0,2,0
12726.0,32000.0,2,40000.0,2,0
12727.5,64000.0,1,80000.0,1,0
12729.0,24000.0,2,30000.0,2,0
12730.5,160000.0,2,200000.0,2,0
12732.0,216000.0,2,270000.0,2,0
12733.5,144000.0,1,180000.0,1,0
12735.0,144000.0,2,180000.0,2,0
12736.5,8000.0,1,10000.0,1,0
12738.0,96000.0,1,120000.0,1,1
12739.5,24000.0,1,30000.0,1,1
12741.0,240000.0,2,300000.0,2,0
12742.5,40000.0,2,50000.0,2,0
12744.0,120000.0,1,150000.0,1,0
12745.5,240000.0,2,300000.0,2,0
12747.0,40000.0,1,50000.0,1,0
12748.5,8000.0,1,10000.0,1,0
12750.0,208000.0,2,260000.0,2,0
12751.5,320000.0,2,400000.0,2,0
12753.0,40000.0,2,50000.0,2,0
12754.5,40000.0,2,50000.0,2,0
12756.0,224000.0,2,280000.0,2,0
12757.5,8000.0,2,10000.0,2,0
12759.0,64000.0,2,80000.0,2,0
12760.5,120000.0,2,150000.0,2,0
12762.0,16000.0,2,20000.0,2,0
12763.5,40000.0,1,50000.0,1,1
12765.0,136000.0,2,170000.0,2,0
12766.5,104000.0,2,130000.0,2,0
12768.0,40000.0,2,50000.0,2,0
12769.5,40000.0,2,50000.0,2,0
12771.0,144000.0,1,180000.0,1,1
12772.5,16000.0,2,20000.0,2,0
12774.0,328000.0,1,410000.0,1,0
12775.5,40000.0,2,50000.0,2,0
12777.0,216000.0,2,270000.0,2,0
12778.5,64000.0,2,80000.0,2,0
12780.0,112000.0,2,140000.0,2,0
12781.5,48000.0,1,60000.0,1,1
12783.0,144000.0,2,180000.0,2,0
12784.5,256000.0,2,320000.0,2,0
12786.0,32000.0,1,40000.0,1,1
12787.5,304000.0,2,380000.0,2,0
12789.0,120000.0,2,150000.0,2,0
12790.5,88000.0,2,110000.0,2,0
12792.0,88000.0,1,110000.0,1,0
12793.5,80000.0,2,100000.0,2,0
12795.0,192000.0,1,240000.0,1,0
12796.5,40000.0,2,50000.0,2,0
12798.0,40000.0,1,50000.0,1,0
12799.5,160000.0,1,200000.0,1,0
12801.0,64000.0,2,80000.0,2,0
12802.5,32000.0,1,40000.0,1,1
12804.0,200000.0,1,250000.0,1,0
12805.5,184000.0,2,230000.0,2,0
12807.0,24000.0,1,30000.0,1,1
12808.5,64000.0,2,80000.0,2,1
12810.0,80000.0,2,100000.0,2,0
12811.5,184000.0,2,230000.0,2,0
12813.0,392000.0,1,490000.0,1,1
12814.5,24000.0,2,30000.0,2,1
12816.0,32000.0,1,40000.0,1,0
12817.5,360000.0,1,450000.0,1,1
12819.0,40000.0,2,50000.0,2,1
12820.5,16000.0,1,20000.0,1,0
12822.0,208000.0,2,260000.0,2,0
12823.5,8000.0,1,10000.0,1,0
12825.0,400000.0,1,500000.0,1,0
12826.5,56000.0,2,70000.0,2,0
12828.0,80000.0,2,100000.0,2,0
12829.5,40000.0,2,50000.0,2,0
12831.0,320000.0,2,400000.0,2,1
12832.5,216000.0,1,270000.0,1,0
12834.0,208000.0,1,260000.0,1,0
12835.5,200000.0,2,250000.0,2,0
12837.0,288000.0,1,360000.0,1,0
12838.5,184000.0,1,230000.0,1,0
12840.0,88000.0,1,110000.0,1,0
12841.5,40000.0,2,50000.0,2,0
12843.0,64000.0,1,80000.0,1,0
12844.5,8000.0,2,10000.0,2,1
12846.0,16000.0,1,20000.0,1,1
12847.5,160000.0,2,200000.0,2,0
12849.0,144000.0,1,180000.0,1,0
12850.5,96000.0,2,120000.0,2,0
12852.0,64000.0,2,80000.0,2,1
12853.5,176000.0,1,220000.0,1,0
12855.0,288000.0,1,360000.0,1,0
12856.5,40000.0,2,50000.0,2,0
12858.0,120000.0,2,150000.0,2,0
12859.5,56000.0,2,70000.0,2,0
12861.0,16000.0,2,20000.0,2,1
12862.5,120000.0,2,150000.0,2,1
12864.0,32000.0,1,40000.0,1,0
12865.5,136000.0,1,170000.0,1,0
12867.0,176000.0,2,220000.0,2,0
12868.5,88000.0,2,110000.0,2,1
12870.0,24000.0,2,30000.0,2,0
12871.5,184000.0,2,230000.0,2,0
12873.0,216000.0,2,270000.0,2,0
12874.5,288000.0,2,360000.0,2,1
12876.0,144000.0,2,180000.0,2,0
12877.5,288000.0,1,360000.0,1,1
12879.0,224000.0,2,280000.0,2,0
12880.5,136000.0,2,170000.0,2,0
12882.0,40000.0,2,50000.0,2,0
12883.5,128000.0,1,160000.0,1,0
12885.0,128000.0,2,160000.0,2,0
12886.5,128000.0,2,160000.0,2,0
12888.0,40000.0,1,50000.0,1,0
12889.5,40000.0,2,50000.0,2,0
12891.0,144000.0,2,180000.0,2,0
12892.5,168000.0,2,210000.0,2,0
12894.0,16000.0,1,20000.0,1,0
12895.5,456000.0,1,570000.0,1,0
12897.0,224000.0,1,280000.0,1,0
12898.5,40000.0,2,50000.0,2,1
12900.0,16000.0,2,20000.0,2,1
12901.5,24000.0,1,30000.0,1,1
12903.0,192000.0,1,240000.0,1,0
12904.5,24000.0,1,30000.0,1,0
12906.0,72000.0,2,90000.0,2,0
12907.5,48000.0,1,60000.0,1,0
12909.0,400000.0,1,500000.0,1,0
12910.5,56000.0,1,70000.0,1,1
12912.0,112000.0,1,140000.0,1,0
12913.5,24000.0,1,30000.0,1,0
12915.0,112000.0,1,140000.0,1,0
12916.5,232000.0,1,290000.0,1,0
12918.0,288000.0,2,360000.0,2,0
12919.5,24000.0,1,30000.0,1,0
12921.0,136000.0,2,170000.0,2,0
12922.5,232000.0,1,290000.0,1,0
12924.0,216000.0,2,270000.0,2,0
12925.5,160000.0,1,200000.0,1,1
12927.0,112000.0,2,140000.0,2,0
12928.5,184000.0,2,230000.0,2,0
12930.0,64000.0,1,80000.0,1,0
12931.5,280000.0,1,350000.0,1,0
12933.0,40000.0,2,50000.0,2,0
12934.5,40000.0,1,50000.0,1,0
12936.0,312000.0,2,390000.0,2,1
12937.5,64000.0,2,80000.0,2,0
12939.0,120000.0,2,150000.0,2,0
12940.5,8000.0,1,10000.0,1,0
12942.0,80000.0,1,100000.0,1,0
12943.5,248000.0,2,310000.0,2,0
12945.0,64000.0,1,80000.0,1,0
12946.5,32000.0,1,40000.0,1,1
12948.0,144000.0,2,180000.0,2,0
12949.5,80000.0,1,100000.0,1,0
12951.0,112000.0,2,140000.0,2,0
12952.5,184000.0,1,230000.0,1,0
12954.0,16000.0,1,20000.0,1,1
12955.5,72000.0,2,90000.0,2,0
12957.0,40000.0,1,50000.0,1,0
12958.5,40000.0,2,50000.0,2,0
12960.0,40000.0,1,50000.0,1,0
12961.5,160000.0,1,200000.0,1,0
12963.0,16000.0,1,20000.0,1,1
12964.5,320000.0,1,400000.0,1,0
12966.0,16000.0,1,20000.0,1,0
12967.5,32000.0,1,40000.0,1,0
12969.0,192000.0,1,240000.0,1,0
12970.5,192000.0,2,240000.0,2,0
12972.0,64000.0,2,80000.0,2,0
12973.5,144000.0,1,180000.0,1,0
12975.0,16000.0,2,20000.0,2,1
12976.5,16000.0,1,20000.0,1,0
12978.0,16000.0,1,20000.0,1,0
12979.5,288000.0,2,360000.0,2,0
12981.0,104000.0,2,130000.0,2,0
12982.5,24000.0,1,30000.0,1,1
12984.0,88000.0,2,110000.0,2,0
12985.5,24000.0,1,30000.0,1,0
12987.0,64000.0,2,80000.0,2,1
12988.5,280000.0,2,350000.0,2,0
12990.0,40000.0,2,50000.0,2,0
12991.5,88000.0,2,110000.0,2,0
12993.0,144000.0,2,180000.0,2,0
12994.5,352000.0,2,440000.0,2,0
12996.0,80000.0,2,100000.0,2,0
12997.5,160000.0,1,200000.0,1,0
12999.0,112000.0,2,140000.0,2,0
13000.5,184000.0,2,230000.0,2,1
13002.0,8000.0,2,10000.0,2,1
13003.5,224000.0,2,280000.0,2,0
13005.0,248000.0,1,310000.0,1,1
13006.5,208000.0,2,260000.0,2,0
13008.0,216000.0,1,270000.0,1,0
13009.5,40000.0,1,50000.0,1,0
13011.0,360000.0,1,450000.0,1,0
13012.5,152000.0,1,190000.0,1,0
13014.0,232000.0,2,290000.0,2,0
13015.5,384000.0,2,480000.0,2,0
13017.0,288000.0,1,360000.0,1,0
13018.5,304000.0,1,380000.0,1,0
13020.0,16000.0,1,20000.0,1,1
13021.5,40000.0,1,50000.0,1,0
13023.0,360000.0,1,450000.0,1,0
13024.5,40000.0,2,50000.0,2,1
13026.0,304000.0,1,380000.0,1,0
13027.5,120000.0,2,150000.0,2,0
13029.0,40000.0,2,50000.0,2,0
13030.5,120000.0,2,150000.0,2,0
13032.0,40000.0,2,50000.0,2,0
13033.5,40000.0,1,50000.0,1,0
13035.0,184000.0,2,230000.0,2,1
13036.5,248000.0,2,310000.0,2,0
13038.0,248000.0,2,310000.0,2,0
13039.5,40000.0,2,50000.0,2,0
13041.0,192000.0,1,240000.0,1,0
13042.5,320000.0,2,400000.0,2,0
13044.0,72000.0,2,90000.0,2,0
13045.5,40000.0,1,50000.0,1,0
13047.0,200000.0,2,250000.0,2,0
13048.5,160000.0,1,200000.0,1,0
13050.0,8000.0,1,10000.0,1,0
13051.5,248000.0,1,310000.0,1,0
13053.0,272000.0,2,340000.0,2,1
13054.5,176000.0,1,220000.0,1,0
13056.0,400000.0,1,500000.0,1,0
13057.5,64000.0,2,80000.0,2,0
13059.0,160000.0,1,200000.0,1,0
13060.5,216000.0,2,270000.0,2,0
13062.0,80000.0,2,100000.0,2,1
13063.5,80000.0,1,100000.0,1,1
13065.0,40000.0,1,50000.0,1,0
13066.5,208000.0,2,260000.0,2,0
13068.0,80000.0,2,100000.0,2,0
13069.5,192000.0,2,240000.0,2,0
13071.0,40000.0,2,50000.0,2,1
13072.5,40000.0,1,50000.0,1,0
13074.0,160000.0,2,200000.0,2,0
13075.5,120000.0,1,150000.0,1,1
13077.0,120000.0,1,150000.0,1,0
13078.5,40000.0,1,50000.0,1,0
13080.0,80000.0,1,100000.0,1,0
13081.5,24000.0,1,30000.0,1,0
13083.0,280000.0,2,350000.0,2,0
13084.5,40000.0,1,50000.0,1,0
13086.0,40000.0,2,50000.0,2,0
13087.5,200000.0,2,250000.0,2,0
13089.0,240000.0,2,300000.0,2,1
13090.5,64000.0,2,80000.0,2,0
13092.0,24000.0,1,30000.0,1,1
13093.5,296000.0,2,370000.0,2,0
13095.0,40000.0,1,50000.0,1,0
13096.5,24000.0,2,30000.0,2,0
13098.0,160000.0,2,200000.0,2,0
13099.5,184000.0,2,230000.0,2,0
13101.0,232000.0,2,290000.0,2,0
13102.5,80000.0,2,100000.0,2,0
13104.0,64000.0,1,80000.0,1,0
13105.5,72000.0,2,90000.0,2,1
13107.0,72000.0,1,90000.0,1,0
13108.5,64000.0,1,80000.0,1,0
13110.0,208000.0,2,260000.0,2,0
13111.5,168000.0,1,210000.0,1,0
13113.0,64000.0,2,80000.0,2,1
13114.5,136000.0,2,170000.0,2,0
13116.0,192000.0,2,240000.0,2,0
13117.5,120000.0,2,150000.0,2,0
13119.0,176000.0,2,220000.0,2,0
13120.5,64000.0,1,80000.0,1,0
13122.0,128000.0,1,160000.0,1,0
13123.5,112000.0,2,140000.0,2,0
13125.0,104000.0,2,130000.0,2,0
13126.5,224000.0,2,280000.0,2,0
13128.0,160000.0,1,200000.0,1,0
13129.5,40000.0,1,50000.0,1,1
13131.0,120000.0,2,150000.0,2,0
13132.5,168000.0,2,210000.0,2,0
13134.0,152000.0,1,190000.0,1,1
13135.5,112000.0,2,140000.0,2,0
13137.0,128000.0,2,160000.0,2,0
13138.5,144000.0,2,180000.0,2,1
13140.0,16000.0,2,20000.0,2,0
13141.5,40000.0,2,50000.0,2,0
13143.0,120000.0,2,150000.0,2,0
13144.5,168000.0,2,210000.0,2,0
13146.0,400000.0,2,500000.0,2,0
13147.5,56000.0,2,70000.0,2,0
13149.0,80000.0,1,100000.0,1,1
13150.5,16000.0,2,20000.0,2,0
13152.0,16000.0,1,20000.0,1,0
13153.5,40000.0,1,50000.0,1,1
13155.0,272000.0,2,340000.0,2,0
13156.5,104000.0,1,130000.0,1,0
13158.0,256000.0,2,320000.0,2,0
13159.5,176000.0,2,220000.0,2,1
13161.0,40000.0,1,50000.0,1,1
13162.5,120000.0,2,150000.0,2,0
13164.0,400000.0,1,500000.0,1,0
13165.5,176000.0,2,220000.0,2,0
13167.0,56000.0,2,70000.0,2,0
13168.5,56000.0,2,70000.0,2,0
13170.0,288000.0,2,360000.0,2,0
13171.5,80000.0,1,100000.0,1,0
13173.0,288000.0,1,360000.0,1,1
13174.5,168000.0,2,210000.0,2,0
13176.0,40000.0,2,50000.0,2,0
13177.5,40000.0,2,50000.0,2,0
13179.0,320000.0,2,400000.0,2,0
13180.5,232000.0,2,290000.0,2,0
13182.0,256000.0,2,320000.0,2,0
13183.5,16000.0,2,20000.0,2,1
13185.0,400000.0,1,500000.0,1,0
13186.5,232000.0,1,290000.0,1,0
13188.0,40000.0,1,50000.0,1,0
13189.5,40000.0,1,50000.0,1,0
13191.0,312000.0,2,390000.0,2,0
13192.5,72000.0,2,90000.0,2,1
13194.0,40000.0,2,50000.0,2,0
13195.5,184000.0,2,230000.0,2,1
13197.0,56000.0,1,70000.0,1,1
13198.5,288000.0,2,360000.0,2,0
13200.0,240000.0,2,300000.0,2,0
13201.5,40000.0,1,50000.0,1,1
13203.0,64000.0,2,80000.0,2,1
13204.5,8000.0,1,10000.0,1,0
13206.0,8000.0,1,10000.0,1,0
13207.5,112000.0,2,140000.0,2,0
13209.0,80000.0,1,100000.0,1,0
13210.5,24000.0,1,30000.0,1,1
13212.0,224000.0,1,280000.0,1,0
13213.5,64000.0,2,80000.0,2,1
13215.0,24000.0,1,30000.0,1,0
13216.5,312000.0,2,390000.0,2,1
13218.0,8000.0,2,10000.0,2,1
13219.5,56000.0,1,70000.0,1,1
13221.0,128000.0,2,160000.0,2,0
13222.5,64000.0,2,80000.0,2,0
13224.0,24000.0,1,30000.0,1,1
13225.5,160000.0,2,200000.0,2,0
13227.0,48000.0,2,60000.0,2,1
13228.5,176000.0,2,220000.0,2,0
13230.0,24000.0,2,30000.0,2,0
13231.5,48000.0,2,60000.0,2,1
13233.0,24000.0,2,30000.0,2,1
13234.5,144000.0,1,180000.0,1,0
13236.0,344000.0,2,430000.0,2,0
13237.5,152000.0,1,190000.0,1,1
13239.0,16000.0,2,20000.0,2,0
13240.5,120000.0,2,150000.0,2,0
13242.0,112000.0,1,140000.0,1,0
13243.5,160000.0,1,200000.0,1,0
13245.0,192000.0,2,240000.0,2,0
13246.5,40000.0,1,50000.0,1,0
13248.0,40000.0,1,50000.0,1,1
13249.5,376000.0,1,470000.0,1,0
13251.0,72000.0,1,90000.0,1,0
13252.5,336000.0,2,420000.0,2,0
13254.0,344000.0,2,430000.0,2,0
13255.5,120000.0,2,150000.0,2,0
13257.0,360000.0,2,450000.0,2,0
13258.5,176000.0,2,220000.0,2,0
13260.0,120000.0,1,150000.0,1,0
13261.5,96000.0,1,120000.0,1,0
13263.0,64000.0,2,80000.0,2,0
13264.5,184000.0,2,230000.0,2,0
13266.0,32000.0,2,40000.0,2,0
13267.5,240000.0,2,300000.0,2,0
13269.0,288000.0,2,360000.0,2,0
13270.5,40000.0,2,50000.0,2,1
13272.0,160000.0,1,200000.0,1,0
13273.5,136000.0,1,170000.0,1,0
13275.0,80000.0,2,100000.0,2,0
13276.5,16000.0,2,20000.0,2,0
13278.0,16000.0,1,20000.0,1,0
13279.5,168000.0,2,210000.0,2,0
13281.0,40000.0,2,50000.0,2,0
13282.5,40000.0,1,50000.0,1,0
13284.0,96000.0,1,120000.0,1,1
13285.5,64000.0,2,80000.0,2,1
13287.0,152000.0,1,190000.0,1,1
13288.5,144000.0,2,180000.0,2,1
13290.0,144000.0,1,180000.0,1,1
13291.5,88000.0,2,110000.0,2,0
13293.0,176000.0,1,220000.0,1,0
13294.5,64000.0,2,80000.0,2,0
13296.0,160000.0,1,200000.0,1,0
13297.5,48000.0,1,60000.0,1,1
13299.0,400000.0,2,500000.0,2,1
13300.5,240000.0,1,300000.0,1,0
13302.0,120000.0,2,150000.0,2,1
13303.5,72000.0,2,90000.0,2,0
13305.0,192000.0,1,240000.0,1,1
13306.5,152000.0,2,190000.0,2,0
13308.0,64000.0,1,80000.0,1,0
13309.5,400000.0,2,500000.0,2,0
13311.0,288000.0,2,360000.0,2,0
13312.5,48000.0,1,60000.0,1,0
13314.0,112000.0,2,140000.0,2,0
13315.5,40000.0,2,50000.0,2,0
13317.0,24000.0,1,30000.0,1,1
13318.5,120000.0,2,150000.0,2,0
13320.0,144000.0,2,180000.0,2,0
13321.5,528000.0,2,660000.0,2,0
13323.0,168000.0,1,210000.0,1,0
13324.5,184000.0,2,230000.0,2,0
13326.0,80000.0,1,100000.0,1,1
13327.5,40000.0,1,50000.0,1,0
13329.0,272000.0,1,340000.0,1,0
13330.5,56000.0,1,70000.0,1,1
13332.0,176000.0,2,220000.0,2,0
13333.5,136000.0,2,170000.0,2,1
13335.0,224000.0,1,280000.0,1,0
13336.5,296000.0,2,370000.0,2,0
13338.0,360000.0,1,450000.0,1,1
13339.5,104000.0,1,130000.0,1,0
13341.0,320000.0,2,400000.0,2,0
13342.5,72000.0,1,90000.0,1,0
13344.0,360000.0,1,450000.0,1,0
13345.5,104000.0,2,130000.0,2,0
13347.0,16000.0,2,20000.0,2,0
13348.5,40000.0,2,50000.0,2,1
13350.0,160000.0,2,200000.0,2,0
13351.5,120000.0,1,150000.0,1,0
13353.0,200000.0,2,250000.0,2,0
13354.5,216000.0,1,270000.0,1,0
13356.0,208000.0,1,260000.0,1,0
13357.5,88000.0,1,110000.0,1,0
13359.0,40000.0,1,50000.0,1,0
13360.5,160000.0,1,200000.0,1,0
13362.0,48000.0,2,60000.0,2,0
13363.5,160000.0,1,200000.0,1,0
13365.0,40000.0,1,50000.0,1,0
13366.5,56000.0,2,70000.0,2,0
13368.0,40000.0,2,50000.0,2,0
13369.5,184000.0,2,230000.0,2,0
13371.0,16000.0,2,20000.0,2,0
13372.5,264000.0,1,330000.0,1,0
13374.0,40000.0,2,50000.0,2,1
13375.5,368000.0,1,460000.0,1,0
13377.0,24000.0,2,30000.0,2,1
13378.5,160000.0,1,200000.0,1,0
13380.0,40000.0,1,50000.0,1,1
13381.5,40000.0,1,50000.0,1,0
13383.0,160000.0,1,200000.0,1,0
13384.5,288000.0,2,360000.0,2,0
13386.0,184000.0,1,230000.0,1,0
13387.5,160000.0,2,200000.0,2,0
13389.0,16000.0,1,20000.0,1,1
13390.5,160000.0,1,200000.0,1,0
13392.0,24000.0,2,30000.0,2,0
13393.5,288000.0,2,360000.0,2,0
13395.0,8000.0,1,10000.0,1,1
13396.5,144000.0,2,180000.0,2,0
13398.0,216000.0,1,270000.0,1,0
13399.5,192000.0,2,240000.0,2,1
13401.0,224000.0,2,280000.0,2,0
13402.5,264000.0,1,330000.0,1,0
13404.0,160000.0,2,200000.0,2,0
13405.5,80000.0,1,100000.0,1,0
13407.0,136000.0,2,170000.0,2,1
13408.5,168000.0,2,210000.0,2,0
13410.0,80000.0,1,100000.0,1,0
13411.5,160000.0,2,200000.0,2,0
13413.0,184000.0,1,230000.0,1,0
13414.5,72000.0,2,90000.0,2,0
13416.0,136000.0,2,170000.0,2,0
13417.5,80000.0,2,100000.0,2,1
13419.0,16000.0,1,20000.0,1,0
13420.5,40000.0,1,50000.0,1,0
13422.0,144000.0,2,180000.0,2,1
13423.5,48000.0,2,60000.0,2,1
13425.0,64000.0,2,80000.0,2,0
13426.5,280000.0,1,350000.0,1,0
13428.0,16000.0,1,20000.0,1,0
13429.5,128000.0,2,160000.0,2,0
13431.0,120000.0,1,150000.0,1,1
13432.5,120000.0,1,150000.0,1,0
13434.0,40000.0,1,50000.0,1,0
13435.5,400000.0,1,500000.0,1,0
13437.0,384000.0,2,480000.0,2,0
13438.5,272000.0,1,340000.0,1,1
13440.0,144000.0,2,180000.0,2,0
13441.5,40000.0,2,50000.0,2,0
13443.0,288000.0,2,360000.0,2,0
13444.5,280000.0,1,350000.0,1,0
13446.0,144000.0,1,180000.0,1,0
13447.5,40000.0,1,50000.0,1,0
13449.0,56000.0,2,70000.0,2,1
13450.5,32000.0,2,40000.0,2,1
13452.0,216000.0,2,270000.0,2,0
13453.5,56000.0,2,70000.0,2,0
13455.0,224000.0,1,280000.0,1,0
13456.5,208000.0,2,260000.0,2,0
13458.0,16000.0,2,20000.0,2,1
13459.5,64000.0,2,80000.0,2,1
13461.0,16000.0,1,20000.0,1,0
13462.5,232000.0,1,290000.0,1,1
13464.0,144000.0,2,180000.0,2,0
13465.5,200000.0,2,250000.0,2,0
13467.0,184000.0,1,230000.0,1,0
13468.5,192000.0,2,240000.0,2,0
13470.0,152000.0,2,190000.0,2,0
13471.5,160000.0,1,200000.0,1,0
13473.0,24000.0,1,30000.0,1,0
13474.5,144000.0,2,180000.0,2,0
13476.0,168000.0,2,210000.0,2,1
13477.5,24000.0,2,30000.0,2,1
13479.0,48000.0,2,60000.0,2,0
13480.5,160000.0,1,200000.0,1,0
13482.0,120000.0,2,150000.0,2,1
13483.5,104000.0,2,130000.0,2,1
13485.0,168000.0,2,210000.0,2,0
13486.5,112000.0,2,140000.0,2,0
13488.0,64000.0,2,80000.0,2,1
13489.5,192000.0,2,240000.0,2,0
13491.0,40000.0,1,50000.0,1,0
13492.5,40000.0,1,50000.0,1,0
13494.0,128000.0,1,160000.0,1,0
13495.5,208000.0,2,260000.0,2,0
13497.0,64000.0,1,80000.0,1,0
13498.5,80000.0,2,100000.0,2,1
13500.0,224000.0,2,280000.0,2,0
13501.5,40000.0,1,50000.0,1,0
13503.0,208000.0,2,260000.0,2,0
13504.5,24000.0,1,30000.0,1,1
13506.0,24000.0,2,30000.0,2,0
13507.5,104000.0,1,130000.0,1,0
13509.0,40000.0,2,50000.0,2,0
13510.5,120000.0,1,150000.0,1,1
13512.0,160000.0,2,200000.0,2,0
13513.5,448000.0,1,560000.0,1,0
13515.0,16000.0,1,20000.0,1,0
13516.5,216000.0,1,270000.0,1,0
13518.0,240000.0,2,300000.0,2,1
13519.5,80000.0,2,100000.0,2,0
13521.0,16000.0,1,20000.0,1,0
13522.5,16000.0,1,20000.0,1,0
13524.0,56000.0,1,70000.0,1,0
13525.5,48000.0,2,60000.0,2,0
13527.0,144000.0,2,180000.0,2,0
13528.5,288000.0,2,360000.0,2,0
13530.0,160000.0,1,200000.0,1,1
13531.5,136000.0,2,170000.0,2,0
13533.0,136000.0,2,170000.0,2,0
13534.5,48000.0,2,60000.0,2,0
13536.0,24000.0,1,30000.0,1,1
13537.5,112000.0,2,140000.0,2,0
13539.0,16000.0,1,20000.0,1,0
13540.5,16000.0,2,20000.0,2,0
13542.0,416000.0,1,520000.0,1,0
13543.5,24000.0,2,30000.0,2,0
13545.0,56000.0,2,70000.0,2,0
13546.5,64000.0,2,80000.0,2,0
13548.0,40000.0,1,50000.0,1,1
13549.5,136000.0,2,170000.0,2,0
13551.0,128000.0,2,160000.0,2,0
13552.5,288000.0,2,360000.0,2,0
13554.0,336000.0,2,420000.0,2,0
13555.5,24000.0,1,30000.0,1,0
13557.0,48000.0,1,60000.0,1,0
13558.5,128000.0,2,160000.0,2,0
13560.0,136000.0,2,170000.0,2,0
13561.5,16000.0,1,20000.0,1,1
13563.0,232000.0,2,290000.0,2,0
13564.5,272000.0,2,340000.0,2,0
13566.0,48000.0,1,60000.0,1,1
13567.5,400000.0,2,500000.0,2,0
13569.0,184000.0,2,230000.0,2,0
13570.5,24000.0,2,30000.0,2,0
13572.0,16000.0,1,20000.0,1,0
13573.5,112000.0,2,140000.0,2,0
13575.0,400000.0,1,500000.0,1,0
13576.5,96000.0,2,120000.0,2,0
13578.0,56000.0,2,70000.0,2,1
13579.5,224000.0,2,280000.0,2,0
13581.0,104000.0,1,130000.0,1,0
13582.5,56000.0,1,70000.0,1,1
13584.0,272000.0,2,340000.0,2,0
13585.5,168000.0,1,210000.0,1,0
13587.0,64000.0,2,80000.0,2,0
13588.5,96000.0,2,120000.0,2,0
13590.0,80000.0,2,100000.0,2,0
13591.5,16000.0,1,20000.0,1,0
13593.0,176000.0,2,220000.0,2,0
13594.5,56000.0,2,70000.0,2,1
13596.0,16000.0,2,20000.0,2,0
13597.5,80000.0,2,100000.0,2,0
13599.0,88000.0,2,110000.0,2,0
13600.5,64000.0,2,80000.0,2,0
13602.0,24000.0,2,30000.0,2,0
13603.5,24000.0,2,30000.0,2,0
13605.0,48000.0,1,60000.0,1,1
13606.5,40000.0,2,50000.0,2,0
13608.0,208000.0,2,260000.0,2,0
13609.5,400000.0,2,500000.0,2,0
13611.0,88000.0,2,110000.0,2,0
13612.5,24000.0,2,30000.0,2,0
13614.0,144000.0,2,180000.0,2,1
13615.5,136000.0,2,170000.0,2,1
13617.0,256000.0,2,320000.0,2,1
13618.5,8000.0,2,10000.0,2,1
13620.0,40000.0,1,50000.0,1,0
13621.5,136000.0,2,170000.0,2,1
13623.0,96000.0,2,120000.0,2,0
13624.5,24000.0,2,30000.0,2,0
13626.0,128000.0,1,160000.0,1,0
13627.5,40000.0,2,50000.0,2,1
13629.0,24000.0,2,30000.0,2,0
13630.5,40000.0,1,50000.0,1,0
13632.0,192000.0,2,240000.0,2,0
13633.5,40000.0,1,50000.0,1,0
13635.0,144000.0,2,180000.0,2,1
13636.5,400000.0,2,500000.0,2,0
13638.0,192000.0,2,240000.0,2,0
13639.5,40000.0,1,50000.0,1,0
13641.0,40000.0,2,50000.0,2,1
13642.5,176000.0,1,220000.0,1,0
13644.0,160000.0,1,200000.0,1,1
13645.5,184000.0,2,230000.0,2,0
13647.0,16000.0,1,20000.0,1,0
13648.5,104000.0,2,130000.0,2,1
13650.0,80000.0,1,100000.0,1,0
13651.5,16000.0,1,20000.0,1,1
13653.0,40000.0,2,50000.0,2,0
13654.5,112000.0,1,140000.0,1,1
13656.0,72000.0,1,90000.0,1,0
13657.5,232000.0,2,290000.0,2,0
13659.0,144000.0,2,180000.0,2,1
13660.5,160000.0,2,200000.0,2,1
13662.0,88000.0,1,110000.0,1,1
13663.5,40000.0,1,50000.0,1,0
13665.0,232000.0,2,290000.0,2,0
13666.5,304000.0,1,380000.0,1,1
13668.0,384000.0,1,480000.0,1,0
13669.5,24000.0,2,30000.0,2,0
13671.0,304000.0,1,380000.0,1,0
13672.5,272000.0,2,340000.0,2,0
13674.0,24000.0,2,30000.0,2,0
13675.5,160000.0,1,200000.0,1,0
13677.0,288000.0,2,360000.0,2,0
13678.5,128000.0,1,160000.0,1,1
13680.0,40000.0,1,50000.0,1,0
13681.5,160000.0,1,200000.0,1,0
13683.0,48000.0,1,60000.0,1,0
13684.5,64000.0,2,80000.0,2,0
13686.0,80000.0,2,100000.0,2,1
13687.5,264000.0,1,330000.0,1,1
13689.0,400000.0,2,500000.0,2,0
13690.5,144000.0,2,180000.0,2,0
13692.0,160000.0,2,200000.0,2,0
13693.5,336000.0,2,420000.0,2,0
13695.0,88000.0,2,110000.0,2,0
13696.5,40000.0,2,50000.0,2,1
13698.0,104000.0,2,130000.0,2,1
13699.5,200000.0,1,250000.0,1,0
13701.0,40000.0,2,50000.0,2,0
13702.5,208000.0,1,260000.0,1,0
13704.0,192000.0,1,240000.0,1,0
13705.5,240000.0,2,300000.0,2,0
13707.0,160000.0,2,200000.0,2,0
13708.5,480000.0,2,600000.0,2,0
13710.0,104000.0,2,130000.0,2,0
13711.5,120000.0,2,150000.0,2,0
13713.0,160000.0,1,200000.0,1,0
13714.5,64000.0,2,80000.0,2,1
13716.0,48000.0,2,60000.0,2,0
13717.5,288000.0,1,360000.0,1,0
13719.0,88000.0,2,110000.0,2,0
13720.5,56000.0,2,70000.0,2,1
13722.0,40000.0,1,50000.0,1,1
13723.5,8000.0,2,10000.0,2,1
13725.0,96000.0,1,120000.0,1,0
13726.5,176000.0,1,220000.0,1,0
13728.0,352000.0,1,440000.0,1,1
13729.5,40000.0,1,50000.0,1,0
13731.0,168000.0,1,210000.0,1,0
13732.5,392000.0,2,490000.0,2,0
13734.0,128000.0,1,160000.0,1,0
13735.5,144000.0,2,180000.0,2,0
13737.0,264000.0,2,330000.0,2,0
13738.5,16000.0,1,20000.0,1,0
13740.0,96000.0,2,120000.0,2,0
13741.5,288000.0,2,360000.0,2,0
13743.0,352000.0,2,440000.0,2,0
13744.5,56000.0,2,70000.0,2,0
13746.0,184000.0,2,230000.0,2,0
13747.5,24000.0,1,30000.0,1,1
13749.0,208000.0,1,260000.0,1,0
13750.5,24000.0,1,30000.0,1,1
13752.0,16000.0,2,20000.0,2,1
13753.5,56000.0,2,70000.0,2,0
13755.0,72000.0,1,90000.0,1,0
13756.5,56000.0,2,70000.0,2,1
13758.0,24000.0,2,30000.0,2,0
13759.5,216000.0,1,270000.0,1,0
13761.0,24000.0,1,30000.0,1,0
13762.5,328000.0,2,410000.0,2,1
13764.0,192000.0,1,240000.0,1,0
13765.5,24000.0,2,30000.0,2,0
13767.0,88000.0,1,110000.0,1,0
13768.5,16000.0,1,20000.0,1,0
13770.0,400000.0,1,500000.0,1,0
13771.5,192000.0,2,240000.0,2,0
13773.0,112000.0,2,140000.0,2,0
13774.5,40000.0,1,50000.0,1,0
13776.0,104000.0,1,130000.0,1,0
13777.5,40000.0,2,50000.0,2,1
13779.0,208000.0,2,260000.0,2,0
13780.5,80000.0,1,100000.0,1,0
13782.0,24000.0,2,30000.0,2,1
13783.5,48000.0,1,60000.0,1,0
13785.0,16000.0,2,20000.0,2,1
13786.5,48000.0,2,60000.0,2,1
13788.0,280000.0,2,350000.0,2,0
13789.5,104000.0,2,130000.0,2,1
13791.0,312000.0,2,390000.0,2,0
13792.5,368000.0,1,460000.0,1,1
13794.0,24000.0,1,30000.0,1,1
13795.5,136000.0,2,170000.0,2,1
13797.0,16000.0,1,20000.0,1,1
13798.5,208000.0,1,260000.0,1,0
13800.0,152000.0,2,190000.0,2,0
13801.5,384000.0,1,480000.0,1,0
13803.0,48000.0,1,60000.0,1,0
13804.5,208000.0,2,260000.0,2,0
13806.0,40000.0,2,50000.0,2,0
13807.5,128000.0,2,160000.0,2,0
13809.0,224000.0,2,280000.0,2,0
13810.5,232000.0,2,290000.0,2,0
13812.0,192000.0,2,240000.0,2,0
13813.5,16000.0,2,20000.0,2,0
13815.0,184000.0,2,230000.0,2,0
13816.5,96000.0,2,120000.0,2,1
13818.0,320000.0,1,400000.0,1,0
13819.5,64000.0,1,80000.0,1,0
13821.0,160000.0,2,200000.0,2,0
13822.5,16000.0,1,20000.0,1,1
13824.0,80000.0,1,100000.0,1,1
13825.5,120000.0,1,150000.0,1,1
13827.0,144000.0,2,180000.0,2,1
13828.5,400000.0,2,500000.0,2,1
13830.0,288000.0,2,360000.0,2,0
13831.5,256000.0,1,320000.0,1,0
13833.0,176000.0,1,220000.0,1,1
13834.5,40000.0,2,50000.0,2,1
13836.0,248000.0,1,310000.0,1,0
13837.5,40000.0,1,50000.0,1,0
13839.0,128000.0,2,160000.0,2,0
13840.5,224000.0,2,280000.0,2,0
13842.0,16000.0,1,20000.0,1,1
13843.5,48000.0,1,60000.0,1,1
13845.0,312000.0,1,390000.0,1,0
13846.5,40000.0,1,50000.0,1,0
13848.0,360000.0,1,450000.0,1,0
13849.5,144000.0,1,180000.0,1,0
13851.0,112000.0,1,140000.0,1,0
13852.5,32000.0,2,40000.0,2,0
13854.0,64000.0,1,80000.0,1,0
13855.5,192000.0,2,240000.0,2,0
13857.0,64000.0,1,80000.0,1,0
13858.5,288000.0,2,360000.0,2,0
13860.0,240000.0,2,300000.0,2,0
13861.5,312000.0,2,390000.0,2,0
13863.0,256000.0,1,320000.0,1,1
13864.5,176000.0,2,220000.0,2,0
13866.0,272000.0,2,340000.0,2,0
13867.5,72000.0,2,90000.0,2,0
13869.0,104000.0,2,130000.0,2,0
13870.5,128000.0,1,160000.0,1,1
13872.0,224000.0,1,280000.0,1,1
13873.5,248000.0,2,310000.0,2,0
13875.0,104000.0,1,130000.0,1,0
13876.5,144000.0,2,180000.0,2,0
13878.0,24000.0,1,30000.0,1,0
13879.5,136000.0,2,170000.0,2,1
13881.0,192000.0,1,240000.0,1,0
13882.5,56000.0,1,70000.0,1,0
13884.0,88000.0,2,110000.0,2,1
13885.5,16000.0,2,20000.0,2,1
13887.0,168000.0,2,210000.0,2,0
13888.5,16000.0,2,20000.0,2,0
13890.0,288000.0,2,360000.0,2,0
13891.5,64000.0,1,80000.0,1,0
13893.0,136000.0,2,170000.0,2,0
13894.5,56000.0,2,70000.0,2,0
13896.0,88000.0,1,110000.0,1,0
13897.5,8000.0,2,10000.0,2,0
13899.0,48000.0,2,60000.0,2,0
13900.5,176000.0,1,220000.0,1,0
13902.0,40000.0,1,50000.0,1,0
13903.5,40000.0,2,50000.0,2,0
13905.0,56000.0,2,70000.0,2,0
13906.5,144000.0,1,180000.0,1,0
13908.0,48000.0,1,60000.0,1,1
13909.5,80000.0,2,100000.0,2,1
13911.0,400000.0,1,500000.0,1,0
13912.5,40000.0,1,50000.0,1,0
13914.0,272000.0,2,340000.0,2,0
13915.5,360000.0,1,450000.0,1,0
13917.0,128000.0,1,160000.0,1,0
13918.5,144000.0,1,180000.0,1,0
13920.0,40000.0,1,50000.0,1,1
13921.5,400000.0,1,500000.0,1,0
13923.0,64000.0,2,80000.0,2,0
13924.5,224000.0,1,280000.0,1,0
13926.0,192000.0,2,240000.0,2,0
13927.5,16000.0,2,20000.0,2,0
13929.0,40000.0,1,50000.0,1,0
13930.5,80000.0,2,100000.0,2,1
13932.0,64000.0,2,80000.0,2,1
13933.5,120000.0,2,150000.0,2,1
13935.0,176000.0,1,220000.0,1,1
13936.5,216000.0,2,270000.0,2,0
13938.0,184000.0,2,230000.0,2,0
13939.5,112000.0,2,140000.0,2,1
13941.0,144000.0,1,180000.0,1,0
13942.5,112000.0,2,140000.0,2,0
13944.0,24000.0,1,30000.0,1,1
13945.5,64000.0,1,80000.0,1,0
13947.0,112000.0,1,140000.0,1,0
13948.5,16000.0,1,20000.0,1,0
13950.0,288000.0,1,360000.0,1,0
13951.5,104000.0,2,130000.0,2,1
13953.0,56000.0,2,70000.0,2,1
13954.5,240000.0,1,300000.0,1,0
13956.0,400000.0,1,500000.0,1,0
13957.5,16000.0,1,20000.0,1,0
13959.0,112000.0,1,140000.0,1,1
13960.5,320000.0,2,400000.0,2,0
13962.0,24000.0,2,30000.0,2,1
13963.5,40000.0,1,50000.0,1,0
13965.0,304000.0,1,380000.0,1,0
13966.5,288000.0,2,360000.0,2,1
13968.0,496000.0,2,620000.0,2,0
13969.5,160000.0,1,200000.0,1,0
13971.0,16000.0,2,20000.0,2,1
13972.5,136000.0,2,170000.0,2,1
13974.0,200000.0,2,250000.0,2,0
13975.5,96000.0,2,120000.0,2,1
13977.0,120000.0,1,150000.0,1,0
13978.5,160000.0,2,200000.0,2,0
13980.0,160000.0,1,200000.0,1,0
13981.5,144000.0,2,180000.0,2,0
13983.0,400000.0,2,500000.0,2,0
13984.5,16000.0,2,20000.0,2,0
13986.0,400000.0,1,500000.0,1,1
13987.5,64000.0,2,80000.0,2,0
13989.0,64000.0,2,80000.0,2,0
13990.5,288000.0,1,360000.0,1,0
13992.0,184000.0,2,230000.0,2,0
13993.5,56000.0,1,70000.0,1,1
13995.0,16000.0,1,20000.0,1,0
13996.5,200000.0,2,250000.0,2,0
13998.0,320000.0,1,400000.0,1,0
13999.5,336000.0,2,420000.0,2,0
14001.0,256000.0,1,320000.0,1,0
14002.5,24000.0,1,30000.0,1,1
14004.0,376000.0,1,470000.0,1,0
14005.5,56000.0,1,70000.0,1,1
14007.0,56000.0,2,70000.0,2,1
14008.5,24000.0,2,30000.0,2,0
14010.0,24000.0,2,30000.0,2,1
14011.5,24000.0,2,30000.0,2,1
14013.0,56000.0,1,70000.0,1,0
14014.5,16000.0,2,20000.0,2,0
14016.0,168000.0,1,210000.0,1,1
14017.5,136000.0,2,170000.0,2,0
14019.0,240000.0,1,300000.0,1,0
14020.5,8000.0,2,10000.0,2,1
14022.0,40000.0,2,50000.0,2,0
14023.5,160000.0,2,200000.0,2,0
14025.0,176000.0,2,220000.0,2,0
14026.5,320000.0,2,400000.0,2,0
14028.0,208000.0,2,260000.0,2,0
14029.5,8000.0,2,10000.0,2,0
14031.0,112000.0,1,140000.0,1,0
14032.5,40000.0,1,50000.0,1,0
14034.0,264000.0,2,330000.0,2,0
14035.5,104000.0,2,130000.0,2,1
14037.0,288000.0,2,360000.0,2,0
14038.5,360000.0,1,450000.0,1,0
14040.0,400000.0,1,500000.0,1,0
14041.5,192000.0,1,240000.0,1,0
14043.0,48000.0,2,60000.0,2,0
14044.5,272000.0,1,340000.0,1,0
14046.0,400000.0,2,500000.0,2,0
14047.5,216000.0,2,270000.0,2,1
14049.0,40000.0,1,50000.0,1,0
14050.5,16000.0,1,20000.0,1,0
14052.0,104000.0,2,130000.0,2,0
14053.5,160000.0,2,200000.0,2,1
14055.0,288000.0,2,360000.0,2,0
14056.5,72000.0,2,90000.0,2,1
14058.0,160000.0,2,200000.0,2,0
14059.5,64000.0,2,80000.0,2,0
14061.0,24000.0,2,30000.0,2,0
14062.5,40000.0,1,50000.0,1,0
14064.0,40000.0,1,50000.0,1,1
14065.5,360000.0,2,450000.0,2,1
14067.0,104000.0,2,130000.0,2,1
14068.5,280000.0,1,350000.0,1,0
14070.0,16000.0,1,20000.0,1,1
14071.5,136000.0,1,170000.0,1,0
14073.0,192000.0,2,240000.0,2,0
14074.5,104000.0,1,130000.0,1,0
14076.0,288000.0,2,360000.0,2,0
14077.5,8000.0,1,10000.0,1,0
14079.0,8000.0,2,10000.0,2,1
14080.5,160000.0,2,200000.0,2,0
14082.0,120000.0,2,150000.0,2,0
14083.5,40000.0,1,50000.0,1,0
14085.0,32000.0,1,40000.0,1,0
14086.5,320000.0,1,400000.0,1,0
14088.0,64000.0,1,80000.0,1,1
14089.5,40000.0,1,50000.0,1,0
14091.0,136000.0,1,170000.0,1,0
14092.5,152000.0,1,190000.0,1,0
14094.0,16000.0,1,20000.0,1,1
14095.5,24000.0,2,30000.0,2,0
14097.0,16000.0,1,20000.0,1,0
14098.5,312000.0,2,390000.0,2,0
14100.0,80000.0,2,100000.0,2,1
14101.5,40000.0,1,50000.0,1,1
14103.0,96000.0,2,120000.0,2,0
14104.5,64000.0,2,80000.0,2,0
14106.0,272000.0,2,340000.0,2,0
14107.5,88000.0,2,110000.0,2,0
14109.0,72000.0,2,90000.0,2,0
14110.5,8000.0,1,10000.0,1,1
14112.0,128000.0,1,160000.0,1,0
14113.5,136000.0,1,170000.0,1,0
14115.0,352000.0,2,440000.0,2,0
14116.5,248000.0,1,310000.0,1,0
14118.0,88000.0,1,110000.0,1,0
14119.5,40000.0,1,50000.0,1,0
14121.0,80000.0,2,100000.0,2,1
14122.5,280000.0,2,350000.0,2,0
14124.0,248000.0,2,310000.0,2,0
14125.5,96000.0,2,120000.0,2,0
14127.0,40000.0,2,50000.0,2,0
14128.5,240000.0,1,300000.0,1,0
14130.0,104000.0,2,130000.0,2,0
14131.5,208000.0,1,260000.0,1,0
14133.0,392000.0,1,490000.0,1,0
14134.5,400000.0,1,500000.0,1,0
14136.0,24000.0,2,30000.0,2,0
14137.5,48000.0,2,60000.0,2,1
14139.0,112000.0,2,140000.0,2,0
14140.5,144000.0,2,180000.0,2,0
14142.0,16000.0,1,20000.0,1,0
14143.5,40000.0,2,50000.0,2,1
14145.0,320000.0,2,400000.0,2,0
14146.5,16000.0,1,20000.0,1,0
14148.0,344000.0,2,430000.0,2,0
14149.5,320000.0,2,400000.0,2,0
14151.0,160000.0,2,200000.0,2,1
14152.5,8000.0,2,10000.0,2,0
14154.0,64000.0,1,80000.0,1,0
14155.5,112000.0,2,140000.0,2,0
14157.0,16000.0,2,20000.0,2,1
14158.5,272000.0,2,340000.0,2,0
14160.0,184000.0,2,230000.0,2,1
14161.5,96000.0,2,120000.0,2,0
14163.0,168000.0,2,210000.0,2,0
14164.5,64000.0,2,80000.0,2,0
14166.0,120000.0,1,150000.0,1,0
14167.5,104000.0,2,130000.0,2,0
14169.0,16000.0,1,20000.0,1,1
14170.5,160000.0,2,200000.0,2,0
14172.0,160000.0,1,200000.0,1,0
14173.5,64000.0,2,80000.0,2,0
14175.0,64000.0,1,80000.0,1,1
14176.5,400000.0,1,500000.0,1,0
14178.0,40000.0,1,50000.0,1,1
14179.5,160000.0,2,200000.0,2,0
14181.0,64000.0,1,80000.0,1,0
14182.5,40000.0,1,50000.0,1,0
14184.0,104000.0,1,130000.0,1,0
14185.5,248000.0,2,310000.0,2,0
14187.0,152000.0,1,190000.0,1,1
14188.5,80000.0,1,100000.0,1,1
14190.0,184000.0,2,230000.0,2,0
14191.5,56000.0,2,70000.0,2,1
14193.0,400000.0,2,500000.0,2,0
14194.5,40000.0,1,50000.0,1,1
14196.0,96000.0,1,120000.0,1,0
14197.5,64000.0,2,80000.0,2,0
14199.0,40000.0,2,50000.0,2,0
14200.5,280000.0,1,350000.0,1,0
14202.0,48000.0,2,60000.0,2,0
14203.5,160000.0,2,200000.0,2,1
14205.0,40000.0,2,50000.0,2,0
14206.5,72000.0,2,90000.0,2,0
14208.0,288000.0,1,360000.0,1,0
14209.5,352000.0,2,440000.0,2,1
14211.0,136000.0,2,170000.0,2,0
14212.5,152000.0,2,190000.0,2,0
14214.0,232000.0,1,290000.0,1,1
14215.5,168000.0,1,210000.0,1,0
14217.0,16000.0,1,20000.0,1,1
14218.5,320000.0,2,400000.0,2,0
14220.0,288000.0,2,360000.0,2,1
14221.5,200000.0,1,250000.0,1,1
14223.0,24000.0,1,30000.0,1,0
14224.5,224000.0,2,280000.0,2,0
14226.0,56000.0,2,70000.0,2,1
14227.5,56000.0,1,70000.0,1,0
14229.0,16000.0,1,20000.0,1,0
14230.5,280000.0,1,350000.0,1,0
14232.0,160000.0,2,200000.0,2,0
14233.5,72000.0,1,90000.0,1,1
14235.0,80000.0,2,100000.0,2,0
14236.5,40000.0,2,50000.0,2,0
14238.0,224000.0,2,280000.0,2,0
14239.5,40000.0,1,50000.0,1,1
14241.0,96000.0,2,120000.0,2,1
14242.5,80000.0,1,100000.0,1,1
14244.0,104000.0,1,130000.0,1,0
14245.5,160000.0,2,200000.0,2,0
14247.0,280000.0,1,350000.0,1,0
14248.5,16000.0,2,20000.0,2,0
14250.0,120000.0,2,150000.0,2,0
14251.5,104000.0,2,130000.0,2,0
14253.0,264000.0,2,330000.0,2,0
14254.5,64000.0,2,80000.0,2,0
14256.0,8000.0,1,10000.0,1,0
14257.5,288000.0,1,360000.0,1,0
14259.0,96000.0,1,120000.0,1,0
14260.5,16000.0,2,20000.0,2,0
14262.0,224000.0,2,280000.0,2,0
14263.5,80000.0,2,100000.0,2,0
14265.0,56000.0,1,70000.0,1,0
14266.5,280000.0,2,350000.0,2,0
14268.0,40000.0,1,50000.0,1,0
14269.5,376000.0,2,470000.0,2,0
14271.0,280000.0,1,350000.0,1,0
14272.5,112000.0,1,140000.0,1,0
14274.0,112000.0,2,140000.0,2,0
14275.5,304000.0,1,380000.0,1,0
14277.0,40000.0,1,50000.0,1,1
14278.5,208000.0,2,260000.0,2,0
14280.0,16000.0,2,20000.0,2,0
14281.5,152000.0,2,190000.0,2,0
14283.0,176000.0,1,220000.0,1,0
14284.5,184000.0,2,230000.0,2,0
14286.0,16000.0,2,20000.0,2,0
14287.5,80000.0,1,100000.0,1,0
14289.0,120000.0,2,150000.0,2,0
14290.5,256000.0,2,320000.0,2,0
14292.0,40000.0,2,50000.0,2,1
14293.5,40000.0,1,50000.0,1,0
14295.0,296000.0,2,370000.0,2,0
14296.5,120000.0,2,150000.0,2,0
14298.0,160000.0,2,200000.0,2,1
14299.5,160000.0,1,200000.0,1,1
14301.0,24000.0,1,30000.0,1,1
14302.5,160000.0,2,200000.0,2,0
14304.0,160000.0,1,200000.0,1,0
14305.5,192000.0,2,240000.0,2,1
14307.0,32000.0,2,40000.0,2,1
14308.5,112000.0,1,140000.0,1,0
14310.0,40000.0,1,50000.0,1,0
14311.5,40000.0,2,50000.0,2,0
14313.0,128000.0,2,160000.0,2,0
14314.5,112000.0,1,140000.0,1,0
14316.0,192000.0,2,240000.0,2,1
14317.5,184000.0,2,230000.0,2,0
14319.0,160000.0,2,200000.0,2,0
14320.5,40000.0,2,50000.0,2,0
14322.0,288000.0,2,360000.0,2,0
14323.5,400000.0,2,500000.0,2,0
14325.0,16000.0,1,20000.0,1,0
14326.5,64000.0,1,80000.0,1,0
14328.0,24000.0,2,30000.0,2,0
14329.5,64000.0,2,80000.0,2,0
14331.0,24000.0,2,30000.0,2,0
14332.5,160000.0,2,200000.0,2,0
14334.0,192000.0,1,240000.0,1,0
14335.5,224000.0,1,280000.0,1,1
14337.0,136000.0,2,170000.0,2,0
14338.5,80000.0,2,100000.0,2,0
14340.0,56000.0,2,70000.0,2,1
14341.5,88000.0,2,110000.0,2,0
14343.0,80000.0,2,100000.0,2,0
14344.5,64000.0,1,80000.0,1,1
14346.0,240000.0,2,300000.0,2,0
14347.5,120000.0,2,150000.0,2,0
14349.0,120000.0,1,150000.0,1,0
14350.5,8000.0,1,10000.0,1,1
14352.0,168000.0,2,210000.0,2,0
14353.5,16000.0,1,20000.0,1,1
14355.0,16000.0,1,20000.0,1,0
14356.5,64000.0,2,80000.0,2,0
14358.0,216000.0,1,270000.0,1,0
14359.5,160000.0,2,200000.0,2,0
14361.0,160000.0,1,200000.0,1,0
14362.5,8000.0,1,10000.0,1,0
14364.0,288000.0,1,360000.0,1,0
14365.5,16000.0,1,20000.0,1,1
14367.0,32000.0,2,40000.0,2,0
14368.5,88000.0,1,110000.0,1,0
14370.0,40000.0,1,50000.0,1,0
14371.5,80000.0,2,100000.0,2,0
14373.0,40000.0,1,50000.0,1,0
14374.5,24000.0,2,30000.0,2,1
14376.0,16000.0,1,20000.0,1,1
14377.5,80000.0,1,100000.0,1,1
14379.0,64000.0,2,80000.0,2,0
14380.5,96000.0,1,120000.0,1,1
14382.0,24000.0,1,30000.0,1,0
14383.5,64000.0,1,80000.0,1,0
14385.0,136000.0,2,170000.0,2,1
14386.5,16000.0,1,20000.0,1,0
14388.0,40000.0,2,50000.0,2,0
14389.5,240000.0,2,300000.0,2,0
14391.0,16000.0,2,20000.0,2,1
14392.5,104000.0,1,130000.0,1,0
14394.0,400000.0,2,500000.0,2,0
14395.5,24000.0,1,30000.0,1,0
14397.0,144000.0,2,180000.0,2,0
14398.5,272000.0,1,340000.0,1,0
14400.0,384000.0,2,480000.0,2,0
14401.5,64000.0,2,80000.0,2,0
14403.0,112000.0,2,140000.0,2,0
14404.5,144000.0,2,180000.0,2,0
14406.0,24000.0,2,30000.0,2,0
14407.5,232000.0,1,290000.0,1,1
14409.0,88000.0,2,110000.0,2,0
14410.5,48000.0,1,60000.0,1,0
14412.0,64000.0,2,80000.0,2,0
14413.5,88000.0,1,110000.0,1,0
14415.0,16000.0,1,20000.0,1,1
14416.5,120000.0,1,150000.0,1,0
14418.0,192000.0,2,240000.0,2,0
14419.5,320000.0,1,400000.0,1,0
14421.0,96000.0,1,120000.0,1,1
14422.5,264000.0,1,330000.0,1,0
14424.0,24000.0,1,30000.0,1,0
14425.5,80000.0,1,100000.0,1,0
14427.0,112000.0,1,140000.0,1,0
14428.5,40000.0,1,50000.0,1,0
14430.0,248000.0,1,310000.0,1,1
14431.5,128000.0,2,160000.0,2,0
14433.0,88000.0,2,110000.0,2,0
14434.5,16000.0,1,20000.0,1,0
14436.0,24000.0,2,30000.0,2,0
14437.5,40000.0,1,50000.0,1,0
14439.0,16000.0,1,20000.0,1,1
14440.5,176000.0,2,220000.0,2,0
14442.0,368000.0,1,460000.0,1,0
14443.5,120000.0,2,150000.0,2,1
14445.0,40000.0,2,50000.0,2,0
14446.5,80000.0,2,100000.0,2,0
14448.0,208000.0,1,260000.0,1,0
14449.5,40000.0,1,50000.0,1,1
14451.0,40000.0,2,50000.0,2,0
14452.5,192000.0,2,240000.0,2,0
14454.0,184000.0,1,230000.0,1,0
14455.5,72000.0,2,90000.0,2,0
14457.0,16000.0,2,20000.0,2,0
14458.5,56000.0,2,70000.0,2,0
14460.0,208000.0,1,260000.0,1,0
14461.5,16000.0,2,20000.0,2,1
14463.0,120000.0,2,150000.0,2,0
14464.5,160000.0,2,200000.0,2,0
14466.0,40000.0,1,50000.0,1,0
14467.5,168000.0,1,210000.0,1,0
14469.0,288000.0,1,360000.0,1,0
14470.5,24000.0,2,30000.0,2,0
14472.0,136000.0,2,170000.0,2,0
14473.5,400000.0,2,500000.0,2,0
14475.0,64000.0,1,80000.0,1,0
14476.5,56000.0,1,70000.0,1,1
14478.0,80000.0,1,100000.0,1,0
14479.5,240000.0,2,300000.0,2,0
14481.0,160000.0,2,200000.0,2,0
14482.5,152000.0,1,190000.0,1,0
14484.0,24000.0,2,30000.0,2,0
14485.5,184000.0,2,230000.0,2,0
14487.0,64000.0,1,80000.0,1,0
14488.5,224000.0,2,280000.0,2,0
14490.0,112000.0,2,140000.0,2,0
14491.5,24000.0,2,30000.0,2,1
14493.0,24000.0,2,30000.0,2,1
14494.5,16000.0,1,20000.0,1,0
14496.0,184000.0,2,230000.0,2,0
14497.5,16000.0,1,20000.0,1,1
14499.0,288000.0,2,360000.0,2,1
14500.5,48000.0,2,60000.0,2,0
14502.0,16000.0,2,20000.0,2,1
14503.5,400000.0,1,500000.0,1,0
14505.0,304000.0,1,380000.0,1,0
14506.5,128000.0,1,160000.0,1,0
14508.0,136000.0,1,170000.0,1,0
14509.5,344000.0,2,430000.0,2,0
14511.0,256000.0,1,320000.0,1,0
14512.5,144000.0,1,180000.0,1,1
14514.0,40000.0,1,50000.0,1,0
14515.5,48000.0,1,60000.0,1,0
14517.0,288000.0,2,360000.0,2,0
14518.5,64000.0,2,80000.0,2,0
14520.0,40000.0,1,50000.0,1,0
14521.5,160000.0,2,200000.0,2,0
14523.0,368000.0,2,460000.0,2,0
14524.5,104000.0,2,130000.0,2,0
14526.0,352000.0,1,440000.0,1,0
14527.5,224000.0,1,280000.0,1,1
14529.0,16000.0,1,20000.0,1,0
14530.5,48000.0,2,60000.0,2,0
14532.0,168000.0,2,210000.0,2,0
14533.5,80000.0,2,100000.0,2,0
14535.0,192000.0,1,240000.0,1,0
14536.5,224000.0,2,280000.0,2,0
14538.0,104000.0,2,130000.0,2,0
14539.5,288000.0,1,360000.0,1,1
14541.0,168000.0,2,210000.0,2,0
14542.5,16000.0,1,20000.0,1,1
14544.0,16000.0,2,20000.0,2,0
14545.5,40000.0,1,50000.0,1,1
14547.0,80000.0,2,100000.0,2,0
14548.5,40000.0,1,50000.0,1,0
14550.0,104000.0,1,130000.0,1,1
14551.5,216000.0,2,270000.0,2,0
14553.0,40000.0,2,50000.0,2,0
14554.5,64000.0,2,80000.0,2,0
14556.0,8000.0,2,10000.0,2,0
14557.5,152000.0,2,190000.0,2,0
14559.0,40000.0,1,50000.0,1,0
14560.5,80000.0,2,100000.0,2,1
14562.0,120000.0,1,150000.0,1,1
14563.5,408000.0,1,510000.0,1,0
14565.0,88000.0,2,110000.0,2,0
14566.5,120000.0,2,150000.0,2,0
14568.0,40000.0,2,50000.0,2,0
14569.5,40000.0,2,50000.0,2,0
14571.0,288000.0,2,360000.0,2,0
14572.5,8000.0,2,10000.0,2,0
14574.0,168000.0,2,210000.0,2,0
14575.5,296000.0,1,370000.0,1,0
14577.0,288000.0,2,360000.0,2,0
14578.5,40000.0,2,50000.0,2,1
14580.0,288000.0,1,360000.0,1,0
14581.5,136000.0,2,170000.0,2,0
14583.0,56000.0,1,70000.0,1,1
14584.5,288000.0,2,360000.0,2,0
14586.0,184000.0,1,230000.0,1,0
14587.5,40000.0,1,50000.0,1,0
14589.0,160000.0,1,200000.0,1,0
14590.5,112000.0,1,140000.0,1,1
14592.0,96000.0,2,120000.0,2,0
14593.5,224000.0,2,280000.0,2,0
14595.0,240000.0,2,300000.0,2,0
14596.5,16000.0,2,20000.0,2,0
14598.0,128000.0,2,160000.0,2,1
14599.5,16000.0,1,20000.0,1,1
14601.0,96000.0,1,120000.0,1,0
14602.5,232000.0,2,290000.0,2,0
14604.0,48000.0,1,60000.0,1,0
14605.5,88000.0,2,110000.0,2,0
14607.0,40000.0,2,50000.0,2,0
14608.5,504000.0,1,630000.0,1,0
14610.0,24000.0,1,30000.0,1,0
14611.5,40000.0,1,50000.0,1,0
14613.0,48000.0,1,60000.0,1,0
14614.5,120000.0,1,150000.0,1,0
14616.0,8000.0,1,10000.0,1,0
14617.5,16000.0,1,20000.0,1,0
14619.0,64000.0,1,80000.0,1,0
14620.5,128000.0,2,160000.0,2,0
14622.0,80000.0,1,100000.0,1,0
14623.5,72000.0,2,90000.0,2,0
14625.0,40000.0,2,50000.0,2,0
14626.5,136000.0,1,170000.0,1,0
14628.0,192000.0,2,240000.0,2,0
14629.5,64000.0,2,80000.0,2,0
14631.0,64000.0,2,80000.0,2,0
14632.5,288000.0,2,360000.0,2,0
14634.0,112000.0,1,140000.0,1,0
14635.5,48000.0,1,60000.0,1,0
14637.0,88000.0,1,110000.0,1,0
14638.5,128000.0,2,160000.0,2,0
14640.0,160000.0,2,200000.0,2,1
14641.5,224000.0,2,280000.0,2,0
14643.0,288000.0,1,360000.0,1,0
14644.5,72000.0,2,90000.0,2,1
14646.0,160000.0,1,200000.0,1,0
14647.5,40000.0,1,50000.0,1,1
14649.0,320000.0,2,400000.0,2,0
14650.5,288000.0,1,360000.0,1,0
14652.0,120000.0,1,150000.0,1,0
14653.5,40000.0,2,50000.0,2,1
14655.0,120000.0,1,150000.0,1,0
14656.5,80000.0,2,100000.0,2,1
14658.0,248000.0,2,310000.0,2,0
14659.5,96000.0,1,120000.0,1,0
14661.0,72000.0,2,90000.0,2,0
14662.5,120000.0,2,150000.0,2,0
14664.0,40000.0,1,50000.0,1,0
14665.5,168000.0,1,210000.0,1,0
14667.0,240000.0,2,300000.0,2,0
14668.5,88000.0,2,110000.0,2,1
14670.0,120000.0,2,150000.0,2,0
14671.5,168000.0,1,210000.0,1,0
14673.0,24000.0,1,30000.0,1,1
14674.5,192000.0,2,240000.0,2,0
14676.0,96000.0,1,120000.0,1,0
14677.5,64000.0,2,80000.0,2,0
14679.0,64000.0,2,80000.0,2,1
14680.5,288000.0,1,360000.0,1,0
14682.0,104000.0,1,130000.0,1,1
14683.5,232000.0,1,290000.0,1,0
14685.0,192000.0,2,240000.0,2,0
14686.5,48000.0,1,60000.0,1,0
14688.0,160000.0,2,200000.0,2,1
14689.5,120000.0,2,150000.0,2,0
14691.0,240000.0,1,300000.0,1,0
14692.5,24000.0,2,30000.0,2,0
14694.0,200000.0,1,250000.0,1,1
14695.5,16000.0,1,20000.0,1,0
14697.0,296000.0,2,370000.0,2,0
14698.5,16000.0,2,20000.0,2,1
14700.0,96000.0,2,120000.0,2,1
14701.5,40000.0,1,50000.0,1,0
14703.0,152000.0,2,190000.0,2,1
14704.5,16000.0,2,20000.0,2,0
14706.0,192000.0,2,240000.0,2,0
14707.5,120000.0,1,150000.0,1,0
14709.0,144000.0,2,180000.0,2,0
14710.5,144000.0,1,180000.0,1,0
14712.0,56000.0,1,70000.0,1,0
14713.5,184000.0,2,230000.0,2,0
14715.0,288000.0,1,360000.0,1,0
14716.5,96000.0,2,120000.0,2,0
14718.0,72000.0,1,90000.0,1,1
14719.5,88000.0,1,110000.0,1,0
14721.0,80000.0,2,100000.0,2,0
14722.5,72000.0,1,90000.0,1,0
14724.0,40000.0,2,50000.0,2,0
14725.5,40000.0,2,50000.0,2,0
14727.0,144000.0,2,180000.0,2,0
14728.5,40000.0,1,50000.0,1,0
14730.0,16000.0,2,20000.0,2,0
14731.5,16000.0,1,20000.0,1,0
14733.0,16000.0,2,20000.0,2,0
14734.5,16000.0,1,20000.0,1,0
14736.0,40000.0,2,50000.0,2,1
14737.5,168000.0,1,210000.0,1,0
14739.0,392000.0,1,490000.0,1,0
14740.5,224000.0,2,280000.0,2,1
14742.0,160000.0,2,200000.0,2,0
14743.5,80000.0,2,100000.0,2,1
14745.0,200000.0,1,250000.0,1,0
14746.5,192000.0,1,240000.0,1,0
14748.0,64000.0,2,80000.0,2,0
14749.5,80000.0,1,100000.0,1,1
14751.0,24000.0,2,30000.0,2,0
14752.5,144000.0,2,180000.0,2,0
14754.0,64000.0,2,80000.0,2,0
14755.5,88000.0,2,110000.0,2,0
14757.0,144000.0,2,180000.0,2,0
14758.5,120000.0,2,150000.0,2,1
14760.0,40000.0,2,50000.0,2,0
14761.5,184000.0,2,230000.0,2,1
14763.0,272000.0,1,340000.0,1,1
14764.5,24000.0,1,30000.0,1,1
14766.0,216000.0,2,270000.0,2,0
14767.5,40000.0,2,50000.0,2,0
14769.0,104000.0,2,130000.0,2,0
14770.5,160000.0,2,200000.0,2,0
14772.0,288000.0,1,360000.0,1,1
14773.5,400000.0,1,500000.0,1,0
14775.0,80000.0,2,100000.0,2,0
14776.5,216000.0,2,270000.0,2,0
14778.0,80000.0,1,100000.0,1,1
14779.5,16000.0,2,20000.0,2,0
14781.0,40000.0,2,50000.0,2,0
14782.5,160000.0,2,200000.0,2,0
14784.0,136000.0,1,170000.0,1,1
14785.5,16000.0,2,20000.0,2,1
14787.0,56000.0,1,70000.0,1,1
14788.5,208000.0,2,260000.0,2,0
14790.0,160000.0,2,200000.0,2,0
14791.5,152000.0,2,190000.0,2,0
14793.0,176000.0,1,220000.0,1,0
14794.5,136000.0,2,170000.0,2,0
14796.0,232000.0,2,290000.0,2,0
14797.5,48000.0,2,60000.0,2,0
14799.0,80000.0,2,100000.0,2,1
14800.5,104000.0,2,130000.0,2,0
14802.0,288000.0,1,360000.0,1,0
14803.5,24000.0,2,30000.0,2,0
14805.0,16000.0,1,20000.0,1,1
14806.5,88000.0,2,110000.0,2,1
14808.0,104000.0,2,130000.0,2,0
14809.5,40000.0,2,50000.0,2,0
14811.0,88000.0,1,110000.0,1,0
14812.5,64000.0,2,80000.0,2,0
14814.0,120000.0,2,150000.0,2,0
14815.5,64000.0,2,80000.0,2,0
14817.0,256000.0,1,320000.0,1,0
14818.5,136000.0,2,170000.0,2,0
14820.0,48000.0,2,60000.0,2,0
14821.5,144000.0,1,180000.0,1,1
14823.0,376000.0,1,470000.0,1,0
14824.5,56000.0,2,70000.0,2,0
14826.0,224000.0,2,280000.0,2,0
14827.5,168000.0,2,210000.0,2,0
14829.0,240000.0,1,300000.0,1,0
14830.5,112000.0,2,140000.0,2,0
14832.0,360000.0,1,450000.0,1,0
14833.5,128000.0,2,160000.0,2,0
14835.0,40000.0,2,50000.0,2,0
14836.5,40000.0,1,50000.0,1,0
14838.0,40000.0,1,50000.0,1,0
14839.5,120000.0,2,150000.0,2,1
14841.0,72000.0,1,90000.0,1,0
14842.5,216000.0,2,270000.0,2,0
14844.0,56000.0,1,70000.0,1,0
14845.5,288000.0,1,360000.0,1,0
14847.0,160000.0,2,200000.0,2,1
14848.5,200000.0,2,250000.0,2,0
14850.0,288000.0,2,360000.0,2,0
14851.5,16000.0,2,20000.0,2,0
14853.0,200000.0,2,250000.0,2,1
14854.5,48000.0,2,60000.0,2,1
14856.0,160000.0,1,200000.0,1,0
14857.5,24000.0,2,30000.0,2,1
14859.0,400000.0,2,500000.0,2,0
14860.5,224000.0,2,280000.0,2,0
14862.0,160000.0,2,200000.0,2,0
14863.5,288000.0,2,360000.0,2,0
14865.0,40000.0,2,50000.0,2,1
14866.5,48000.0,1,60000.0,1,0
14868.0,88000.0,1,110000.0,1,0
14869.5,160000.0,2,200000.0,2,0
14871.0,56000.0,2,70000.0,2,0
14872.5,176000.0,2,220000.0,2,1
14874.0,16000.0,2,20000.0,2,0
14875.5,176000.0,2,220000.0,2,0
14877.0,144000.0,1,180000.0,1,0
14878.5,80000.0,1,100000.0,1,1
14880.0,160000.0,2,200000.0,2,0
14881.5,160000.0,1,200000.0,1,0
14883.0,320000.0,2,400000.0,2,0
14884.5,48000.0,1,60000.0,1,0
14886.0,48000.0,1,60000.0,1,0
14887.5,168000.0,2,210000.0,2,0
14889.0,160000.0,1,200000.0,1,0
14890.5,40000.0,2,50000.0,2,0
14892.0,240000.0,2,300000.0,2,1
14893.5,408000.0,2,510000.0,2,0
14895.0,128000.0,2,160000.0,2,0
14896.5,40000.0,2,50000.0,2,0
14898.0,176000.0,2,220000.0,2,0
14899.5,16000.0,1,20000.0,1,1
14901.0,328000.0,1,410000.0,1,1
14902.5,40000.0,2,50000.0,2,1
14904.0,40000.0,1,50000.0,1,0
14905.5,40000.0,1,50000.0,1,0
14907.0,56000.0,2,70000.0,2,0
14908.5,96000.0,1,120000.0,1,0
14910.0,136000.0,1,170000.0,1,0
14911.5,128000.0,1,160000.0,1,1
14913.0,24000.0,2,30000.0,2,0
14914.5,8000.0,2,10000.0,2,0
14916.0,128000.0,2,160000.0,2,0
14917.5,16000.0,1,20000.0,1,0
14919.0,200000.0,2,250000.0,2,0
14920.5,24000.0,2,30000.0,2,1
14922.0,144000.0,2,180000.0,2,0
14923.5,192000.0,2,240000.0,2,1
14925.0,24000.0,2,30000.0,2,0
14926.5,40000.0,2,50000.0,2,0
14928.0,224000.0,2,280000.0,2,1
14929.5,16000.0,1,20000.0,1,1
14931.0,104000.0,2,130000.0,2,0
14932.5,56000.0,1,70000.0,1,1
14934.0,144000.0,2,180000.0,2,0
14935.5,256000.0,1,320000.0,1,0
14937.0,24000.0,2,30000.0,2,1
14938.5,224000.0,2,280000.0,2,0
14940.0,64000.0,2,80000.0,2,0
14941.5,112000.0,2,140000.0,2,0
14943.0,144000.0,1,180000.0,1,0
14944.5,16000.0,1,20000.0,1,0
14946.0,336000.0,2,420000.0,2,0
14947.5,160000.0,2,200000.0,2,1
14949.0,112000.0,2,140000.0,2,0
14950.5,136000.0,2,170000.0,2,0
14952.0,24000.0,2,30000.0,2,0
14953.5,40000.0,2,50000.0,2,0
14955.0,120000.0,2,150000.0,2,0
14956.5,24000.0,1,30000.0,1,1
14958.0,40000.0,1,50000.0,1,0
14959.5,240000.0,2,300000.0,2,1
14961.0,64000.0,2,80000.0,2,0
14962.5,40000.0,2,50000.0,2,0
14964.0,88000.0,2,110000.0,2,0
14965.5,88000.0,2,110000.0,2,0
14967.0,312000.0,2,390000.0,2,0
14968.5,160000.0,1,200000.0,1,0
14970.0,24000.0,1,30000.0,1,1
14971.5,184000.0,1,230000.0,1,0
14973.0,168000.0,2,210000.0,2,0
14974.5,24000.0,2,30000.0,2,0
14976.0,104000.0,2,130000.0,2,0
14977.5,104000.0,1,130000.0,1,0
14979.0,384000.0,2,480000.0,2,0
14980.5,128000.0,2,160000.0,2,0
14982.0,8000.0,1,10000.0,1,0
14983.5,288000.0,2,360000.0,2,0
14985.0,208000.0,2,260000.0,2,0
14986.5,264000.0,2,330000.0,2,0
14988.0,24000.0,2,30000.0,2,1
14989.5,64000.0,1,80000.0,1,1
14991.0,96000.0,2,120000.0,2,1
14992.5,136000.0,1,170000.0,1,1
14994.0,112000.0,2,140000.0,2,0
14995.5,64000.0,2,80000.0,2,0
14997.0,160000.0,1,200000.0,1,0
14998.5,64000.0,2,80000.0,2,1
15000.0,184000.0,1,230000.0,1,0
15001.5,208000.0,2,260000.0,2,0
15003.0,40000.0,2,50000.0,2,0
15004.5,272000.0,1,340000.0,1,0
15006.0,40000.0,1,50000.0,1,0
15007.5,160000.0,2,200000.0,2,0
15009.0,224000.0,2,280000.0,2,0
15010.5,136000.0,1,170000.0,1,0
15012.0,80000.0,2,100000.0,2,0
15013.5,288000.0,2,360000.0,2,1
15015.0,24000.0,2,30000.0,2,1
15016.5,120000.0,2,150000.0,2,0
15018.0,40000.0,1,50000.0,1,0
15019.5,32000.0,2,40000.0,2,0
15021.0,24000.0,1,30000.0,1,0
15022.5,112000.0,2,140000.0,2,0
15024.0,120000.0,1,150000.0,1,0
15025.5,120000.0,2,150000.0,2,0
15027.0,288000.0,2,360000.0,2,0
15028.5,136000.0,1,170000.0,1,0
15030.0,40000.0,1,50000.0,1,1
15031.5,208000.0,2,260000.0,2,0
15033.0,280000.0,2,350000.0,2,0
15034.5,168000.0,2,210000.0,2,0
15036.0,40000.0,2,50000.0,2,0
15037.5,136000.0,1,170000.0,1,1
15039.0,40000.0,2,50000.0,2,1
15040.5,40000.0,2,50000.0,2,0
15042.0,224000.0,2,280000.0,2,0
15043.5,344000.0,1,430000.0,1,0
15045.0,272000.0,2,340000.0,2,0
15046.5,248000.0,2,310000.0,2,0
15048.0,96000.0,1,120000.0,1,0
15049.5,160000.0,1,200000.0,1,1
15051.0,400000.0,2,500000.0,2,0
15052.5,216000.0,1,270000.0,1,1
15054.0,152000.0,1,190000.0,1,0
15055.5,272000.0,2,340000.0,2,0
15057.0,312000.0,2,390000.0,2,0
15058.5,72000.0,2,90000.0,2,0
15060.0,160000.0,2,200000.0,2,0
15061.5,184000.0,2,230000.0,2,0
15063.0,80000.0,2,100000.0,2,0
15064.5,24000.0,2,30000.0,2,1
15066.0,40000.0,1,50000.0,1,0
15067.5,160000.0,2,200000.0,2,0
15069.0,40000.0,2,50000.0,2,0
15070.5,104000.0,1,130000.0,1,1
15072.0,208000.0,1,260000.0,1,0
15073.5,64000.0,2,80000.0,2,0
15075.0,16000.0,1,20000.0,1,0
15076.5,128000.0,2,160000.0,2,0
15078.0,56000.0,2,70000.0,2,0
15079.5,56000.0,1,70000.0,1,0
15081.0,320000.0,1,400000.0,1,1
15082.5,24000.0,1,30000.0,1,0
15084.0,192000.0,2,240000.0,2,0
15085.5,32000.0,2,40000.0,2,0
15087.0,408000.0,2,510000.0,2,0
15088.5,16000.0,2,20000.0,2,0
15090.0,64000.0,1,80000.0,1,0
15091.5,8000.0,2,10000.0,2,0
15093.0,40000.0,2,50000.0,2,0
15094.5,160000.0,1,200000.0,1,0
15096.0,112000.0,1,140000.0,1,0
15097.5,48000.0,1,60000.0,1,1
15099.0,80000.0,1,100000.0,1,1
15100.5,24000.0,2,30000.0,2,0
15102.0,400000.0,1,500000.0,1,0
15103.5,336000.0,2,420000.0,2,0
15105.0,104000.0,2,130000.0,2,1
15106.5,288000.0,2,360000.0,2,0
15108.0,120000.0,2,150000.0,2,0
15109.5,288000.0,1,360000.0,1,0
15111.0,184000.0,2,230000.0,2,0
15112.5,144000.0,2,180000.0,2,0
15114.0,128000.0,2,160000.0,2,1
15115.5,200000.0,2,250000.0,2,0
15117.0,136000.0,1,170000.0,1,0
15118.5,80000.0,2,100000.0,2,0
15120.0,160000.0,2,200000.0,2,1
15121.5,48000.0,2,60000.0,2,0
15123.0,240000.0,1,300000.0,1,0
15124.5,232000.0,1,290000.0,1,0
15126.0,24000.0,2,30000.0,2,0
15127.5,272000.0,1,340000.0,1,0
15129.0,72000.0,1,90000.0,1,0
15130.5,112000.0,2,140000.0,2,1
15132.0,120000.0,1,150000.0,1,0
15133.5,56000.0,1,70000.0,1,1
15135.0,600000.0,2,750000.0,2,0
15136.5,160000.0,2,200000.0,2,0
15138.0,184000.0,2,230000.0,2,1
15139.5,144000.0,2,180000.0,2,0
15141.0,168000.0,2,210000.0,2,0
15142.5,136000.0,1,170000.0,1,0
15144.0,24000.0,2,30000.0,2,0
15145.5,24000.0,1,30000.0,1,0
15147.0,72000.0,2,90000.0,2,0
15148.5,40000.0,2,50000.0,2,1
15150.0,192000.0,2,240000.0,2,1
15151.5,224000.0,2,280000.0,2,0
15153.0,328000.0,2,410000.0,2,0
15154.5,24000.0,2,30000.0,2,1
15156.0,208000.0,1,260000.0,1,0
15157.5,24000.0,2,30000.0,2,0
15159.0,8000.0,1,10000.0,1,0
15160.5,232000.0,1,290000.0,1,0
15162.0,120000.0,2,150000.0,2,1
15163.5,24000.0,1,30000.0,1,0
15165.0,288000.0,2,360000.0,2,0
15166.5,192000.0,2,240000.0,2,0
15168.0,48000.0,1,60000.0,1,1
15169.5,40000.0,2,50000.0,2,0
15171.0,40000.0,2,50000.0,2,0
15172.5,40000.0,1,50000.0,1,0
15174.0,8000.0,1,10000.0,1,1
15175.5,88000.0,2,110000.0,2,1
15177.0,176000.0,2,220000.0,2,0
15178.5,320000.0,2,400000.0,2,0
15180.0,72000.0,2,90000.0,2,0
15181.5,120000.0,2,150000.0,2,1
15183.0,64000.0,2,80000.0,2,0
15184.5,40000.0,1,50000.0,1,0
15186.0,40000.0,1,50000.0,1,0
15187.5,16000.0,1,20000.0,1,0
15189.0,40000.0,1,50000.0,1,0
15190.5,112000.0,2,140000.0,2,0
15192.0,224000.0,2,280000.0,2,1
15193.5,104000.0,2,130000.0,2,1
15195.0,56000.0,2,70000.0,2,0
15196.5,376000.0,1,470000.0,1,0
15198.0,400000.0,1,500000.0,1,0
15199.5,32000.0,1,40000.0,1,0
15201.0,32000.0,2,40000.0,2,0
15202.5,40000.0,2,50000.0,2,0
15204.0,32000.0,2,40000.0,2,1
15205.5,40000.0,2,50000.0,2,0
15207.0,248000.0,2,310000.0,2,0
15208.5,112000.0,2,140000.0,2,1
15210.0,64000.0,2,80000.0,2,1
15211.5,168000.0,1,210000.0,1,1
15213.0,40000.0,2,50000.0,2,0
15214.5,320000.0,1,400000.0,1,0
15216.0,48000.0,2,60000.0,2,0
15217.5,128000.0,2,160000.0,2,0
15219.0,320000.0,1,400000.0,1,0
15220.5,360000.0,2,450000.0,2,1
15222.0,16000.0,2,20000.0,2,0
15223.5,40000.0,2,50000.0,2,0
15225.0,160000.0,2,200000.0,2,1
15226.5,128000.0,1,160000.0,1,0
15228.0,48000.0,2,60000.0,2,1
15229.5,224000.0,2,280000.0,2,0
15231.0,160000.0,2,200000.0,2,0
15232.5,80000.0,1,100000.0,1,0
15234.0,8000.0,2,10000.0,2,1
15235.5,64000.0,1,80000.0,1,1
15237.0,352000.0,1,440000.0,1,1
15238.5,400000.0,2,500000.0,2,0
15240.0,16000.0,1,20000.0,1,0
15241.5,400000.0,2,500000.0,2,0
15243.0,24000.0,1,30000.0,1,0
15244.5,144000.0,2,180000.0,2,0
15246.0,96000.0,2,120000.0,2,0
15247.5,96000.0,2,120000.0,2,1
15249.0,112000.0,1,140000.0,1,0
15250.5,48000.0,1,60000.0,1,1
15252.0,8000.0,2,10000.0,2,1
15253.5,96000.0,2,120000.0,2,0
15255.0,56000.0,2,70000.0,2,0
15256.5,264000.0,2,330000.0,2,0
15258.0,56000.0,2,70000.0,2,0
15259.5,328000.0,2,410000.0,2,0
15261.0,288000.0,1,360000.0,1,0
15262.5,160000.0,1,200000.0,1,0
15264.0,16000.0,2,20000.0,2,0
15265.5,72000.0,2,90000.0,2,0
15267.0,48000.0,2,60000.0,2,0
15268.5,96000.0,1,120000.0,1,0
15270.0,168000.0,2,210000.0,2,0
15271.5,32000.0,2,40000.0,2,1
15273.0,104000.0,2,130000.0,2,0
15274.5,120000.0,2,150000.0,2,0
15276.0,24000.0,1,30000.0,1,1
15277.5,304000.0,1,380000.0,1,0
15279.0,120000.0,2,150000.0,2,1
15280.5,40000.0,2,50000.0,2,1
15282.0,136000.0,1,170000.0,1,0
15283.5,288000.0,1,360000.0,1,1
15285.0,400000.0,2,500000.0,2,0
15286.5,160000.0,2,200000.0,2,0
15288.0,192000.0,2,240000.0,2,0
15289.5,168000.0,2,210000.0,2,0
15291.0,88000.0,2,110000.0,2,0
15292.5,8000.0,1,10000.0,1,1
15294.0,144000.0,2,180000.0,2,0
15295.5,40000.0,2,50000.0,2,0
15297.0,144000.0,1,180000.0,1,0
15298.5,32000.0,2,40000.0,2,1
15300.0,40000.0,1,50000.0,1,0
15301.5,160000.0,2,200000.0,2,0
15303.0,96000.0,2,120000.0,2,0
15304.5,72000.0,1,90000.0,1,0
15306.0,104000.0,1,130000.0,1,0
15307.5,96000.0,2,120000.0,2,0
15309.0,280000.0,2,350000.0,2,0
15310.5,160000.0,1,200000.0,1,0
15312.0,64000.0,1,80000.0,1,0
15313.5,40000.0,2,50000.0,2,0
15315.0,16000.0,2,20000.0,2,0
15316.5,72000.0,2,90000.0,2,0
15318.0,128000.0,2,160000.0,2,1
15319.5,40000.0,1,50000.0,1,0
15321.0,176000.0,2,220000.0,2,0
15322.5,56000.0,2,70000.0,2,0
15324.0,24000.0,1,30000.0,1,0
15325.5,64000.0,2,80000.0,2,1
15327.0,8000.0,1,10000.0,1,0
15328.5,64000.0,2,80000.0,2,0
15330.0,40000.0,1,50000.0,1,0
15331.5,48000.0,1,60000.0,1,0
15333.0,40000.0,1,50000.0,1,0
15334.5,64000.0,2,80000.0,2,0
15336.0,96000.0,1,120000.0,1,0
15337.5,64000.0,2,80000.0,2,0
15339.0,88000.0,1,110000.0,1,0
15340.5,112000.0,2,140000.0,2,0
15342.0,40000.0,2,50000.0,2,0
15343.5,40000.0,1,50000.0,1,0
15345.0,256000.0,1,320000.0,1,0
15346.5,112000.0,1,140000.0,1,0
15348.0,144000.0,2,180000.0,2,0
15349.5,40000.0,1,50000.0,1,1
15351.0,248000.0,1,310000.0,1,0
15352.5,40000.0,2,50000.0,2,0
15354.0,128000.0,1,160000.0,1,0
15355.5,176000.0,2,220000.0,2,0
15357.0,112000.0,1,140000.0,1,0
15358.5,40000.0,1,50000.0,1,0
15360.0,48000.0,1,60000.0,1,0
15361.5,16000.0,1,20000.0,1,1
15363.0,80000.0,2,100000.0,2,0
15364.5,120000.0,2,150000.0,2,0
15366.0,208000.0,1,260000.0,1,0
15367.5,40000.0,1,50000.0,1,0
15369.0,256000.0,1,320000.0,1,0
15370.5,144000.0,1,180000.0,1,0
15372.0,96000.0,2,120000.0,2,1
15373.5,400000.0,2,500000.0,2,0
15375.0,176000.0,1,220000.0,1,0
15376.5,40000.0,1,50000.0,1,0
15378.0,144000.0,2,180000.0,2,1
15379.5,184000.0,2,230000.0,2,0
15381.0,176000.0,2,220000.0,2,0
15382.5,128000.0,1,160000.0,1,1
15384.0,40000.0,1,50000.0,1,0
15385.5,80000.0,1,100000.0,1,0
15387.0,288000.0,1,360000.0,1,0
15388.5,128000.0,2,160000.0,2,0
15390.0,80000.0,2,100000.0,2,0
15391.5,136000.0,2,170000.0,2,0
15393.0,64000.0,2,80000.0,2,0
15394.5,40000.0,1,50000.0,1,0
15396.0,400000.0,2,500000.0,2,0
15397.5,16000.0,1,20000.0,1,0
15399.0,24000.0,2,30000.0,2,0
15400.5,48000.0,2,60000.0,2,0
15402.0,288000.0,1,360000.0,1,0
15403.5,192000.0,1,240000.0,1,0
15405.0,40000.0,2,50000.0,2,0
15406.5,40000.0,1,50000.0,1,0
15408.0,48000.0,2,60000.0,2,0
15409.5,168000.0,2,210000.0,2,0
15411.0,264000.0,1,330000.0,1,0
15412.5,72000.0,2,90000.0,2,0
15414.0,304000.0,2,380000.0,2,0
15415.5,400000.0,2,500000.0,2,0
15417.0,24000.0,2,30000.0,2,0
15418.5,40000.0,1,50000.0,1,1
15420.0,288000.0,2,360000.0,2,0
15421.5,248000.0,2,310000.0,2,0
15423.0,48000.0,2,60000.0,2,0
15424.5,96000.0,2,120000.0,2,0
15426.0,112000.0,2,140000.0,2,0
15427.5,176000.0,2,220000.0,2,0
15429.0,320000.0,1,400000.0,1,0
15430.5,40000.0,2,50000.0,2,0
15432.0,64000.0,1,80000.0,1,1
15433.5,120000.0,2,150000.0,2,0
15435.0,40000.0,1,50000.0,1,0
15436.5,40000.0,2,50000.0,2,0
15438.0,168000.0,1,210000.0,1,0
15439.5,72000.0,1,90000.0,1,0
15441.0,256000.0,1,320000.0,1,0
15442.5,144000.0,2,180000.0,2,0
15444.0,248000.0,1,310000.0,1,0
15445.5,40000.0,2,50000.0,2,0
15447.0,96000.0,1,120000.0,1,0
15448.5,120000.0,2,150000.0,2,0
15450.0,16000.0,1,20000.0,1,0
15451.5,144000.0,2,180000.0,2,0
15453.0,96000.0,2,120000.0,2,0
15454.5,80000.0,1,100000.0,1,0
15456.0,168000.0,2,210000.0,2,0
15457.5,80000.0,2,100000.0,2,0
15459.0,96000.0,2,120000.0,2,0
15460.5,152000.0,2,190000.0,2,0
15462.0,64000.0,1,80000.0,1,0
15463.5,56000.0,1,70000.0,1,0
15465.0,48000.0,1,60000.0,1,1
15466.5,40000.0,2,50000.0,2,0
15468.0,88000.0,2,110000.0,2,0
15469.5,160000.0,2,200000.0,2,0
15471.0,168000.0,2,210000.0,2,0
15472.5,24000.0,1,30000.0,1,1
15474.0,128000.0,2,160000.0,2,1
15475.5,16000.0,2,20000.0,2,1
15477.0,56000.0,1,70000.0,1,0
15478.5,208000.0,2,260000.0,2,0
15480.0,208000.0,2,260000.0,2,0
15481.5,40000.0,2,50000.0,2,0
15483.0,136000.0,2,170000.0,2,0
15484.5,16000.0,1,20000.0,1,0
15486.0,32000.0,2,40000.0,2,0
15487.5,176000.0,1,220000.0,1,0
15489.0,24000.0,2,30000.0,2,1
15490.5,16000.0,1,20000.0,1,1
15492.0,96000.0,2,120000.0,2,0
15493.5,88000.0,2,110000.0,2,0
15495.0,136000.0,2,170000.0,2,0
15496.5,72000.0,2,90000.0,2,1
15498.0,112000.0,1,140000.0,1,0
15499.5,160000.0,1,200000.0,1,1
15501.0,40000.0,1,50000.0,1,0
15502.5,56000.0,2,70000.0,2,0
15504.0,40000.0,2,50000.0,2,0
15505.5,16000.0,1,20000.0,1,0
15507.0,16000.0,2,20000.0,2,1
15508.5,160000.0,1,200000.0,1,1
15510.0,368000.0,1,460000.0,1,0
15511.5,112000.0,2,140000.0,2,0
15513.0,192000.0,1,240000.0,1,0
15514.5,56000.0,2,70000.0,2,0
15516.0,328000.0,2,410000.0,2,0
15517.5,72000.0,1,90000.0,1,0
15519.0,208000.0,1,260000.0,1,0
15520.5,208000.0,1,260000.0,1,0
15522.0,160000.0,1,200000.0,1,1
15523.5,400000.0,1,500000.0,1,0
15525.0,16000.0,1,20000.0,1,1
15526.5,16000.0,1,20000.0,1,1
15528.0,16000.0,2,20000.0,2,0
15529.5,288000.0,1,360000.0,1,0
15531.0,16000.0,1,20000.0,1,1
15532.5,24000.0,1,30000.0,1,1
15534.0,144000.0,1,180000.0,1,0
15535.5,24000.0,1,30000.0,1,0
15537.0,152000.0,2,190000.0,2,0
15538.5,176000.0,2,220000.0,2,0
15540.0,32000.0,1,40000.0,1,0
15541.5,80000.0,1,100000.0,1,1
15543.0,24000.0,2,30000.0,2,0
15544.5,48000.0,2,60000.0,2,0
15546.0,64000.0,2,80000.0,2,0
15547.5,144000.0,2,180000.0,2,0
15549.0,72000.0,2,90000.0,2,0
15550.5,184000.0,2,230000.0,2,0
15552.0,72000.0,2,90000.0,2,1
15553.5,232000.0,2,290000.0,2,0
15555.0,80000.0,2,100000.0,2,1
15556.5,288000.0,2,360000.0,2,0
15558.0,80000.0,1,100000.0,1,0
15559.5,160000.0,2,200000.0,2,0
15561.0,56000.0,2,70000.0,2,0
15562.5,160000.0,2,200000.0,2,0
15564.0,56000.0,2,70000.0,2,0
15565.5,368000.0,2,460000.0,2,0
15567.0,64000.0,2,80000.0,2,0
15568.5,72000.0,2,90000.0,2,0
15570.0,248000.0,2,310000.0,2,0
15571.5,248000.0,2,310000.0,2,1
15573.0,40000.0,2,50000.0,2,0
15574.5,176000.0,2,220000.0,2,0
15576.0,56000.0,2,70000.0,2,0
15577.5,48000.0,1,60000.0,1,0
15579.0,360000.0,1,450000.0,1,0
15580.5,16000.0,2,20000.0,2,0
15582.0,336000.0,2,420000.0,2,1
15583.5,8000.0,1,10000.0,1,1
15585.0,16000.0,2,20000.0,2,1
15586.5,160000.0,2,200000.0,2,1
15588.0,64000.0,2,80000.0,2,0
15589.5,64000.0,1,80000.0,1,1
15591.0,48000.0,1,60000.0,1,0
15592.5,184000.0,1,230000.0,1,0
15594.0,80000.0,1,100000.0,1,0
15595.5,160000.0,1,200000.0,1,1
15597.0,88000.0,1,110000.0,1,0
15598.5,40000.0,1,50000.0,1,0
15600.0,208000.0,1,260000.0,1,1
15601.5,176000.0,2,220000.0,2,0
15603.0,160000.0,1,200000.0,1,0
15604.5,8000.0,2,10000.0,2,1
15606.0,144000.0,1,180000.0,1,0
15607.5,168000.0,2,210000.0,2,0
15609.0,248000.0,1,310000.0,1,1
15610.5,288000.0,1,360000.0,1,0
15612.0,160000.0,1,200000.0,1,0
15613.5,144000.0,1,180000.0,1,1
15615.0,112000.0,1,140000.0,1,0
15616.5,40000.0,2,50000.0,2,1
15618.0,48000.0,1,60000.0,1,0
15619.5,72000.0,2,90000.0,2,0
15621.0,80000.0,1,100000.0,1,0
15622.5,16000.0,1,20000.0,1,0
15624.0,88000.0,1,110000.0,1,0
15625.5,56000.0,2,70000.0,2,0
15627.0,136000.0,2,170000.0,2,0
15628.5,400000.0,1,500000.0,1,1
15630.0,24000.0,1,30000.0,1,0
15631.5,40000.0,2,50000.0,2,0
15633.0,8000.0,2,10000.0,2,0
15634.5,160000.0,2,200000.0,2,0
15636.0,312000.0,2,390000.0,2,0
15637.5,112000.0,2,140000.0,2,1
15639.0,176000.0,2,220000.0,2,0
15640.5,400000.0,2,500000.0,2,0
15642.0,80000.0,2,100000.0,2,0
15643.5,320000.0,2,400000.0,2,0
15645.0,64000.0,1,80000.0,1,0
15646.5,24000.0,1,30000.0,1,0
15648.0,192000.0,1,240000.0,1,1
15649.5,400000.0,1,500000.0,1,1
15651.0,40000.0,1,50000.0,1,0
15652.5,144000.0,1,180000.0,1,0
15654.0,80000.0,2,100000.0,2,0
15655.5,144000.0,2,180000.0,2,0
15657.0,40000.0,1,50000.0,1,0
15658.5,288000.0,1,360000.0,1,0
15660.0,264000.0,2,330000.0,2,1
15661.5,160000.0,1,200000.0,1,0
15663.0,32000.0,1,40000.0,1,0
15664.5,208000.0,1,260000.0,1,0
15666.0,256000.0,1,320000.0,1,0
15667.5,8000.0,2,10000.0,2,0
15669.0,184000.0,2,230000.0,2,0
15670.5,8000.0,2,10000.0,2,1
15672.0,24000.0,1,30000.0,1,1
15673.5,72000.0,1,90000.0,1,0
15675.0,240000.0,2,300000.0,2,0
15676.5,184000.0,2,230000.0,2,0
15678.0,120000.0,1,150000.0,1,0
15679.5,48000.0,1,60000.0,1,0
15681.0,40000.0,1,50000.0,1,0
15682.5,112000.0,1,140000.0,1,0
15684.0,72000.0,2,90000.0,2,0
15685.5,64000.0,2,80000.0,2,1
15687.0,208000.0,2,260000.0,2,0
15688.5,48000.0,2,60000.0,2,0
15690.0,40000.0,1,50000.0,1,1
15691.5,120000.0,1,150000.0,1,0
15693.0,176000.0,2,220000.0,2,0
15694.5,264000.0,2,330000.0,2,0
15696.0,240000.0,2,300000.0,2,0
15697.5,56000.0,2,70000.0,2,0
15699.0,240000.0,2,300000.0,2,0
15700.5,56000.0,2,70000.0,2,0
15702.0,88000.0,1,110000.0,1,0
15703.5,192000.0,2,240000.0,2,0
15705.0,64000.0,2,80000.0,2,0
15706.5,40000.0,1,50000.0,1,0
15708.0,336000.0,2,420000.0,2,0
15709.5,176000.0,2,220000.0,2,0
15711.0,120000.0,2,150000.0,2,0
15712.5,48000.0,2,60000.0,2,0
15714.0,208000.0,2,260000.0,2,0
15715.5,144000.0,2,180000.0,2,1
15717.0,104000.0,2,130000.0,2,0
15718.5,176000.0,2,220000.0,2,0
15720.0,160000.0,1,200000.0,1,0
15721.5,104000.0,1,130000.0,1,1
15723.0,336000.0,2,420000.0,2,0
15724.5,24000.0,2,30000.0,2,1
15726.0,88000.0,1,110000.0,1,0
15727.5,120000.0,2,150000.0,2,1
15729.0,40000.0,2,50000.0,2,0
15730.5,160000.0,2,200000.0,2,0
15732.0,136000.0,2,170000.0,2,1
15733.5,160000.0,2,200000.0,2,0
15735.0,160000.0,2,200000.0,2,0
15736.5,40000.0,2,50000.0,2,0
15738.0,400000.0,1,500000.0,1,0
15739.5,120000.0,1,150000.0,1,0
15741.0,24000.0,1,30000.0,1,0
15742.5,184000.0,2,230000.0,2,0
15744.0,288000.0,2,360000.0,2,1
15745.5,304000.0,2,380000.0,2,0
15747.0,24000.0,2,30000.0,2,0
15748.5,40000.0,2,50000.0,2,0
15750.0,336000.0,2,420000.0,2,0
15751.5,56000.0,1,70000.0,1,0
15753.0,40000.0,2,50000.0,2,0
15754.5,280000.0,2,350000.0,2,1
15756.0,160000.0,1,200000.0,1,0
15757.5,272000.0,1,340000.0,1,0
15759.0,40000.0,1,50000.0,1,0
15760.5,16000.0,2,20000.0,2,1
15762.0,288000.0,2,360000.0,2,1
15763.5,112000.0,1,140000.0,1,0
15765.0,120000.0,1,150000.0,1,1
15766.5,80000.0,2,100000.0,2,1
15768.0,368000.0,1,460000.0,1,0
15769.5,120000.0,2,150000.0,2,0
15771.0,232000.0,2,290000.0,2,0
15772.5,192000.0,2,240000.0,2,0
15774.0,168000.0,2,210000.0,2,0
15775.5,280000.0,2,350000.0,2,0
15777.0,224000.0,2,280000.0,2,0
15778.5,120000.0,1,150000.0,1,0
15780.0,136000.0,2,170000.0,2,0
15781.5,40000.0,1,50000.0,1,0
15783.0,80000.0,1,100000.0,1,1
15784.5,40000.0,1,50000.0,1,0
15786.0,184000.0,2,230000.0,2,1
15787.5,72000.0,1,90000.0,1,1
15789.0,16000.0,1,20000.0,1,0
15790.5,208000.0,2,260000.0,2,0
15792.0,232000.0,2,290000.0,2,1
15793.5,40000.0,2,50000.0,2,0
15795.0,48000.0,2,60000.0,2,0
15796.5,144000.0,2,180000.0,2,0
15798.0,200000.0,2,250000.0,2,0
15799.5,72000.0,1,90000.0,1,0
15801.0,8000.0,2,10000.0,2,0
15802.5,232000.0,2,290000.0,2,0
15804.0,64000.0,2,80000.0,2,0
15805.5,24000.0,2,30000.0,2,0
15807.0,160000.0,2,200000.0,2,0
15808.5,40000.0,2,50000.0,2,0
15810.0,176000.0,1,220000.0,1,1
15811.5,344000.0,1,430000.0,1,0
15813.0,40000.0,2,50000.0,2,1
15814.5,328000.0,1,410000.0,1,0
15816.0,40000.0,2,50000.0,2,0
15817.5,88000.0,1,110000.0,1,0
15819.0,40000.0,1,50000.0,1,0
15820.5,24000.0,2,30000.0,2,1
15822.0,64000.0,2,80000.0,2,1
15823.5,184000.0,1,230000.0,1,0
15825.0,240000.0,1,300000.0,1,1
15826.5,184000.0,2,230000.0,2,0
15828.0,176000.0,1,220000.0,1,0
15829.5,160000.0,2,200000.0,2,0
15831.0,104000.0,2,130000.0,2,1
15832.5,16000.0,1,20000.0,1,0
15834.0,320000.0,2,400000.0,2,0
15835.5,184000.0,2,230000.0,2,0
15837.0,24000.0,1,30000.0,1,0
15838.5,152000.0,1,190000.0,1,0
15840.0,176000.0,2,220000.0,2,0
15841.5,16000.0,1,20000.0,1,0
15843.0,224000.0,2,280000.0,2,0
15844.5,152000.0,1,190000.0,1,0
15846.0,208000.0,1,260000.0,1,0
15847.5,64000.0,2,80000.0,2,0
15849.0,48000.0,2,60000.0,2,0
15850.5,64000.0,1,80000.0,1,0
15852.0,288000.0,2,360000.0,2,1
15853.5,280000.0,2,350000.0,2,0
15855.0,40000.0,1,50000.0,1,0
15856.5,288000.0,2,360000.0,2,0
15858.0,80000.0,2,100000.0,2,1
15859.5,288000.0,2,360000.0,2,0
15861.0,96000.0,2,120000.0,2,0
15862.5,16000.0,2,20000.0,2,0
15864.0,80000.0,1,100000.0,1,1
15865.5,48000.0,1,60000.0,1,0
15867.0,192000.0,2,240000.0,2,1
15868.5,56000.0,2,70000.0,2,0
15870.0,288000.0,2,360000.0,2,0
15871.5,232000.0,1,290000.0,1,0
15873.0,72000.0,2,90000.0,2,0
15874.5,64000.0,2,80000.0,2,0
15876.0,40000.0,1,50000.0,1,0
15877.5,40000.0,2,50000.0,2,0
15879.0,128000.0,2,160000.0,2,0
15880.5,96000.0,2,120000.0,2,1
15882.0,400000.0,2,500000.0,2,0
15883.5,40000.0,2,50000.0,2,0
15885.0,40000.0,1,50000.0,1,1
15886.5,40000.0,1,50000.0,1,0
15888.0,168000.0,2,210000.0,2,0
15889.5,64000.0,1,80000.0,1,0
15891.0,16000.0,1,20000.0,1,0
15892.5,248000.0,2,310000.0,2,1
15894.0,120000.0,2,150000.0,2,0
15895.5,40000.0,2,50000.0,2,1
15897.0,80000.0,1,100000.0,1,1
15898.5,120000.0,1,150000.0,1,0
15900.0,40000.0,1,50000.0,1,0
15901.5,144000.0,2,180000.0,2,1
15903.0,40000.0,2,50000.0,2,0
15904.5,40000.0,2,50000.0,2,0
15906.0,40000.0,2,50000.0,2,0
15907.5,184000.0,1,230000.0,1,0
15909.0,56000.0,2,70000.0,2,0
15910.5,40000.0,1,50000.0,1,0
15912.0,8000.0,2,10000.0,2,0
15913.5,24000.0,1,30000.0,1,0
15915.0,184000.0,2,230000.0,2,0
15916.5,40000.0,2,50000.0,2,0
15918.0,16000.0,1,20000.0,1,0
15919.5,16000.0,2,20000.0,2,0
15921.0,288000.0,1,360000.0,1,0
15922.5,96000.0,1,120000.0,1,0
15924.0,320000.0,1,400000.0,1,0
15925.5,288000.0,1,360000.0,1,0
15927.0,400000.0,1,500000.0,1,0
15928.5,400000.0,1,500000.0,1,0
15930.0,64000.0,1,80000.0,1,0
15931.5,16000.0,2,20000.0,2,0
15933.0,16000.0,2,20000.0,2,0
15934.5,160000.0,1,200000.0,1,1
15936.0,40000.0,2,50000.0,2,0
15937.5,96000.0,2,120000.0,2,1
15939.0,24000.0,1,30000.0,1,0
15940.5,312000.0,1,390000.0,1,0
15942.0,160000.0,1,200000.0,1,0
15943.5,208000.0,2,260000.0,2,1
15945.0,168000.0,1,210000.0,1,0
15946.5,144000.0,1,180000.0,1,0
15948.0,96000.0,2,120000.0,2,0
15949.5,40000.0,1,50000.0,1,1
15951.0,40000.0,1,50000.0,1,0
15952.5,40000.0,1,50000.0,1,0
15954.0,72000.0,2,90000.0,2,0
15955.5,64000.0,2,80000.0,2,0
15957.0,40000.0,1,50000.0,1,0
15958.5,248000.0,2,310000.0,2,0
15960.0,80000.0,1,100000.0,1,0
15961.5,184000.0,2,230000.0,2,0
15963.0,96000.0,2,120000.0,2,1
15964.5,184000.0,1,230000.0,1,0
15966.0,288000.0,2,360000.0,2,0
15967.5,400000.0,1,500000.0,1,0
15969.0,40000.0,1,50000.0,1,1
15970.5,24000.0,2,30000.0,2,0
15972.0,576000.0,2,720000.0,2,0
15973.5,8000.0,1,10000.0,1,0
15975.0,320000.0,2,400000.0,2,1
15976.5,120000.0,2,150000.0,2,0
15978.0,400000.0,1,500000.0,1,0
15979.5,40000.0,1,50000.0,1,0
15981.0,168000.0,2,210000.0,2,0
15982.5,208000.0,2,260000.0,2,0
15984.0,192000.0,2,240000.0,2,1
15985.5,288000.0,2,360000.0,2,0
15987.0,160000.0,2,200000.0,2,0
15988.5,40000.0,2,50000.0,2,0
15990.0,64000.0,2,80000.0,2,1
15991.5,184000.0,1,230000.0,1,0
15993.0,400000.0,2,500000.0,2,0
15994.5,56000.0,1,70000.0,1,1
15996.0,40000.0,2,50000.0,2,1
15997.5,168000.0,1,210000.0,1,0
15999.0,176000.0,2,220000.0,2,0
16000.5,80000.0,2,100000.0,2,0
16002.0,120000.0,1,150000.0,1,0
16003.5,40000.0,1,50000.0,1,0
16005.0,40000.0,1,50000.0,1,0
16006.5,328000.0,1,410000.0,1,1
16008.0,64000.0,2,80000.0,2,0
16009.5,56000.0,1,70000.0,1,0
16011.0,168000.0,2,210000.0,2,0
16012.5,232000.0,2,290000.0,2,0
16014.0,40000.0,1,50000.0,1,1
16015.5,304000.0,1,380000.0,1,0
16017.0,48000.0,2,60000.0,2,0
16018.5,160000.0,1,200000.0,1,0
16020.0,160000.0,2,200000.0,2,0
16021.5,152000.0,1,190000.0,1,0
16023.0,64000.0,2,80000.0,2,0
16024.5,384000.0,2,480000.0,2,0
16026.0,16000.0,1,20000.0,1,0
16027.5,184000.0,1,230000.0,1,1
16029.0,128000.0,1,160000.0,1,0
16030.5,40000.0,1,50000.0,1,0
16032.0,64000.0,2,80000.0,2,0
16033.5,192000.0,2,240000.0,2,0
16035.0,40000.0,2,50000.0,2,0
16036.5,240000.0,1,300000.0,1,0
16038.0,160000.0,2,200000.0,2,0
16039.5,144000.0,1,180000.0,1,0
16041.0,296000.0,1,370000.0,1,0
16042.5,184000.0,1,230000.0,1,0
16044.0,72000.0,2,90000.0,2,1
16045.5,16000.0,1,20000.0,1,1
16047.0,224000.0,2,280000.0,2,0
16048.5,160000.0,2,200000.0,2,1
16050.0,112000.0,1,140000.0,1,0
16051.5,120000.0,2,150000.0,2,0
16053.0,40000.0,2,50000.0,2,1
16054.5,40000.0,2,50000.0,2,0
16056.0,16000.0,2,20000.0,2,0
16057.5,160000.0,2,200000.0,2,0
16059.0,16000.0,2,20000.0,2,0
16060.5,24000.0,1,30000.0,1,1
16062.0,64000.0,2,80000.0,2,1
16063.5,184000.0,2,230000.0,2,0
16065.0,192000.0,2,240000.0,2,0
16066.5,160000.0,2,200000.0,2,1
16068.0,64000.0,1,80000.0,1,0
16069.5,232000.0,1,290000.0,1,1
16071.0,56000.0,2,70000.0,2,1
16072.5,24000.0,2,30000.0,2,0
16074.0,24000.0,2,30000.0,2,1
16075.5,224000.0,1,280000.0,1,0
16077.0,160000.0,2,200000.0,2,0
16078.5,48000.0,1,60000.0,1,0
16080.0,112000.0,1,140000.0,1,0
16081.5,312000.0,1,390000.0,1,0
16083.0,24000.0,2,30000.0,2,0
16084.5,128000.0,1,160000.0,1,1
16086.0,400000.0,2,500000.0,2,0
16087.5,144000.0,2,180000.0,2,0
16089.0,232000.0,2,290000.0,2,0
16090.5,112000.0,1,140000.0,1,0
16092.0,40000.0,2,50000.0,2,0
16093.5,104000.0,1,130000.0,1,0
16095.0,128000.0,1,160000.0,1,1
16096.5,88000.0,1,110000.0,1,0
16098.0,144000.0,2,180000.0,2,0
16099.5,208000.0,2,260000.0,2,1
16101.0,248000.0,2,310000.0,2,0
16102.5,360000.0,1,450000.0,1,0
16104.0,104000.0,1,130000.0,1,0
16105.5,240000.0,2,300000.0,2,0
16107.0,128000.0,2,160000.0,2,0
16108.5,24000.0,1,30000.0,1,0
16110.0,216000.0,1,270000.0,1,1
16111.5,288000.0,1,360000.0,1,1
16113.0,288000.0,1,360000.0,1,1
16114.5,144000.0,1,180000.0,1,0
16116.0,288000.0,2,360000.0,2,0
16117.5,224000.0,1,280000.0,1,1
16119.0,176000.0,1,220000.0,1,0
16120.5,16000.0,2,20000.0,2,0
16122.0,248000.0,1,310000.0,1,0
16123.5,128000.0,1,160000.0,1,1
16125.0,40000.0,1,50000.0,1,0
16126.5,16000.0,1,20000.0,1,1
16128.0,16000.0,1,20000.0,1,1
16129.5,376000.0,1,470000.0,1,0
16131.0,128000.0,2,160000.0,2,1
16132.5,176000.0,1,220000.0,1,0
16134.0,40000.0,2,50000.0,2,0
16135.5,40000.0,1,50000.0,1,1
16137.0,184000.0,2,230000.0,2,0
16138.5,56000.0,2,70000.0,2,0
16140.0,288000.0,1,360000.0,1,0
16141.5,72000.0,2,90000.0,2,0
16143.0,144000.0,1,180000.0,1,1
16144.5,40000.0,1,50000.0,1,1
16146.0,168000.0,2,210000.0,2,0
16147.5,40000.0,2,50000.0,2,0
16149.0,8000.0,1,10000.0,1,0
16150.5,64000.0,1,80000.0,1,0
16152.0,160000.0,2,200000.0,2,0
16153.5,400000.0,1,500000.0,1,1
16155.0,40000.0,2,50000.0,2,0
16156.5,40000.0,2,50000.0,2,0
16158.0,64000.0,1,80000.0,1,0
16159.5,40000.0,2,50000.0,2,0
16161.0,40000.0,1,50000.0,1,0
16162.5,64000.0,2,80000.0,2,0
16164.0,80000.0,2,100000.0,2,1
16165.5,288000.0,1,360000.0,1,0
16167.0,408000.0,2,510000.0,2,0
16168.5,96000.0,1,120000.0,1,0
16170.0,104000.0,2,130000.0,2,0
16171.5,264000.0,1,330000.0,1,0
16173.0,40000.0,2,50000.0,2,0
16174.5,24000.0,1,30000.0,1,0
16176.0,160000.0,2,200000.0,2,0
16177.5,64000.0,2,80000.0,2,0
16179.0,176000.0,2,220000.0,2,0
16180.5,56000.0,2,70000.0,2,0
16182.0,280000.0,2,350000.0,2,0
16183.5,32000.0,1,40000.0,1,0
16185.0,48000.0,1,60000.0,1,0
16186.5,96000.0,1,120000.0,1,0
16188.0,40000.0,2,50000.0,2,0
16189.5,80000.0,2,100000.0,2,1
16191.0,168000.0,1,210000.0,1,1
16192.5,16000.0,2,20000.0,2,0
16194.0,192000.0,1,240000.0,1,0
16195.5,136000.0,2,170000.0,2,0
16197.0,264000.0,1,330000.0,1,0
16198.5,56000.0,1,70000.0,1,0
16200.0,40000.0,2,50000.0,2,0
16201.5,104000.0,1,130000.0,1,0
16203.0,40000.0,1,50000.0,1,1
16204.5,360000.0,2,450000.0,2,1
16206.0,80000.0,1,100000.0,1,1
16207.5,96000.0,2,120000.0,2,0
16209.0,216000.0,2,270000.0,2,0
16210.5,64000.0,1,80000.0,1,0
16212.0,64000.0,2,80000.0,2,0
16213.5,256000.0,1,320000.0,1,0
16215.0,304000.0,1,380000.0,1,0
16216.5,304000.0,2,380000.0,2,0
16218.0,144000.0,2,180000.0,2,0
16219.5,80000.0,2,100000.0,2,0
16221.0,232000.0,2,290000.0,2,0
16222.5,72000.0,1,90000.0,1,1
16224.0,8000.0,1,10000.0,1,1
16225.5,120000.0,1,150000.0,1,0
16227.0,128000.0,2,160000.0,2,0
16228.5,160000.0,2,200000.0,2,1
16230.0,24000.0,2,30000.0,2,0
16231.5,56000.0,2,70000.0,2,0
16233.0,128000.0,1,160000.0,1,0
16234.5,112000.0,2,140000.0,2,1
16236.0,40000.0,2,50000.0,2,0
16237.5,40000.0,2,50000.0,2,0
16239.0,120000.0,1,150000.0,1,0
16240.5,96000.0,2,120000.0,2,0
16242.0,128000.0,2,160000.0,2,0
16243.5,144000.0,2,180000.0,2,0
16245.0,176000.0,2,220000.0,2,0
16246.5,8000.0,1,10000.0,1,1
16248.0,64000.0,2,80000.0,2,0
16249.5,88000.0,2,110000.0,2,0
16251.0,64000.0,2,80000.0,2,1
16252.5,216000.0,1,270000.0,1,0
16254.0,128000.0,2,160000.0,2,0
16255.5,40000.0,1,50000.0,1,0
16257.0,48000.0,2,60000.0,2,0
16258.5,112000.0,1,140000.0,1,0
16260.0,288000.0,2,360000.0,2,0
16261.5,160000.0,2,200000.0,2,0
16263.0,32000.0,2,40000.0,2,1
16264.5,40000.0,2,50000.0,2,1
16266.0,40000.0,2,50000.0,2,0
16267.5,56000.0,1,70000.0,1,0
16269.0,400000.0,1,500000.0,1,0
16270.5,128000.0,1,160000.0,1,1
16272.0,144000.0,2,180000.0,2,0
16273.5,80000.0,1,100000.0,1,0
16275.0,40000.0,2,50000.0,2,0
16276.5,168000.0,1,210000.0,1,1
16278.0,112000.0,1,140000.0,1,0
16279.5,64000.0,2,80000.0,2,1
16281.0,96000.0,2,120000.0,2,1
16282.5,224000.0,1,280000.0,1,0
16284.0,64000.0,2,80000.0,2,0
16285.5,160000.0,2,200000.0,2,0
16287.0,240000.0,2,300000.0,2,0
16288.5,32000.0,1,40000.0,1,0
16290.0,288000.0,1,360000.0,1,1
16291.5,48000.0,1,60000.0,1,0
16293.0,88000.0,2,110000.0,2,1
16294.5,40000.0,1,50000.0,1,0
16296.0,120000.0,2,150000.0,2,0
16297.5,48000.0,2,60000.0,2,0
16299.0,16000.0,2,20000.0,2,0
16300.5,288000.0,2,360000.0,2,0
16302.0,24000.0,1,30000.0,1,0
16303.5,56000.0,2,70000.0,2,0
16305.0,40000.0,1,50000.0,1,1
16306.5,64000.0,1,80000.0,1,1
16308.0,160000.0,2,200000.0,2,0
16309.5,384000.0,2,480000.0,2,0
16311.0,48000.0,1,60000.0,1,1
16312.5,120000.0,2,150000.0,2,1
16314.0,320000.0,1,400000.0,1,1
16315.5,240000.0,2,300000.0,2,1
16317.0,64000.0,2,80000.0,2,0
16318.5,24000.0,1,30000.0,1,0
16320.0,240000.0,1,300000.0,1,0
16321.5,40000.0,2,50000.0,2,0
16323.0,320000.0,2,400000.0,2,0
16324.5,224000.0,2,280000.0,2,0
16326.0,128000.0,2,160000.0,2,0
16327.5,360000.0,1,450000.0,1,0
16329.0,40000.0,1,50000.0,1,0
16330.5,96000.0,2,120000.0,2,0
16332.0,48000.0,2,60000.0,2,0
16333.5,168000.0,2,210000.0,2,0
16335.0,88000.0,2,110000.0,2,0
16336.5,88000.0,2,110000.0,2,1
16338.0,112000.0,1,140000.0,1,0
16339.5,344000.0,2,430000.0,2,0
16341.0,16000.0,1,20000.0,1,0
16342.5,288000.0,2,360000.0,2,0
16344.0,504000.0,2,630000.0,2,1
16345.5,48000.0,2,60000.0,2,0
16347.0,40000.0,1,50000.0,1,0
16348.5,160000.0,1,200000.0,1,0
16350.0,16000.0,1,20000.0,1,0
16351.5,208000.0,1,260000.0,1,0
16353.0,168000.0,2,210000.0,2,0
16354.5,24000.0,2,30000.0,2,0
16356.0,400000.0,1,500000.0,1,0
16357.5,16000.0,2,20000.0,2,0
16359.0,192000.0,2,240000.0,2,0
16360.5,16000.0,2,20000.0,2,0
16362.0,120000.0,1,150000.0,1,1
16363.5,120000.0,2,150000.0,2,0
16365.0,400000.0,1,500000.0,1,0
16366.5,176000.0,2,220000.0,2,1
16368.0,24000.0,2,30000.0,2,0
16369.5,8000.0,2,10000.0,2,1
16371.0,136000.0,2,170000.0,2,0
16372.5,96000.0,1,120000.0,1,1
16374.0,224000.0,2,280000.0,2,0
16375.5,8000.0,2,10000.0,2,0
16377.0,160000.0,2,200000.0,2,0
16378.5,208000.0,2,260000.0,2,0
16380.0,400000.0,2,500000.0,2,0
16381.5,400000.0,2,500000.0,2,1
16383.0,208000.0,2,260000.0,2,0
16384.5,72000.0,1,90000.0,1,0
16386.0,128000.0,1,160000.0,1,1
16387.5,184000.0,2,230000.0,2,0
16389.0,288000.0,1,360000.0,1,0
16390.5,40000.0,1,50000.0,1,0
16392.0,104000.0,1,130000.0,1,0
16393.5,192000.0,2,240000.0,2,1
16395.0,40000.0,1,50000.0,1,0
16396.5,256000.0,2,320000.0,2,0
16398.0,104000.0,2,130000.0,2,0
16399.5,40000.0,2,50000.0,2,0
16401.0,264000.0,2,330000.0,2,0
16402.5,264000.0,1,330000.0,1,0
16404.0,96000.0,2,120000.0,2,0
16405.5,144000.0,2,180000.0,2,1
16407.0,400000.0,2,500000.0,2,0
16408.5,200000.0,2,250000.0,2,0
16410.0,208000.0,2,260000.0,2,0
16411.5,216000.0,2,270000.0,2,0
16413.0,400000.0,1,500000.0,1,0
16414.5,48000.0,2,60000.0,2,1
16416.0,192000.0,1,240000.0,1,0
16417.5,400000.0,2,500000.0,2,1
16419.0,264000.0,1,330000.0,1,0
16420.5,64000.0,2,80000.0,2,0
16422.0,64000.0,2,80000.0,2,0
16423.5,144000.0,1,180000.0,1,1
16425.0,48000.0,2,60000.0,2,1
16426.5,120000.0,2,150000.0,2,0
16428.0,8000.0,2,10000.0,2,0
16429.5,272000.0,2,340000.0,2,0
16431.0,64000.0,2,80000.0,2,0
16432.5,344000.0,2,430000.0,2,0
16434.0,272000.0,2,340000.0,2,0
16435.5,64000.0,2,80000.0,2,0
16437.0,120000.0,2,150000.0,2,0
16438.5,256000.0,2,320000.0,2,1
16440.0,96000.0,2,120000.0,2,0
16441.5,496000.0,2,620000.0,2,0
16443.0,104000.0,1,130000.0,1,0
16444.5,184000.0,2,230000.0,2,1
16446.0,48000.0,2,60000.0,2,1
16447.5,336000.0,1,420000.0,1,0
16449.0,64000.0,1,80000.0,1,0
16450.5,160000.0,2,200000.0,2,0
16452.0,64000.0,1,80000.0,1,0
16453.5,160000.0,1,200000.0,1,1
16455.0,88000.0,2,110000.0,2,0
16456.5,48000.0,1,60000.0,1,1
16458.0,272000.0,2,340000.0,2,0
16459.5,40000.0,2,50000.0,2,0
16461.0,64000.0,2,80000.0,2,0
16462.5,24000.0,1,30000.0,1,0
16464.0,160000.0,2,200000.0,2,0
16465.5,160000.0,1,200000.0,1,0
16467.0,72000.0,2,90000.0,2,1
16468.5,128000.0,1,160000.0,1,0
16470.0,40000.0,1,50000.0,1,1
16471.5,184000.0,2,230000.0,2,0
16473.0,240000.0,2,300000.0,2,0
16474.5,240000.0,2,300000.0,2,0
16476.0,40000.0,2,50000.0,2,0
16477.5,208000.0,1,260000.0,1,0
16479.0,112000.0,2,140000.0,2,0
16480.5,24000.0,1,30000.0,1,0
16482.0,184000.0,2,230000.0,2,0
16483.5,208000.0,2,260000.0,2,1
16485.0,88000.0,2,110000.0,2,0
16486.5,288000.0,1,360000.0,1,0
16488.0,16000.0,2,20000.0,2,0
16489.5,184000.0,2,230000.0,2,0
16491.0,176000.0,2,220000.0,2,0
16492.5,184000.0,2,230000.0,2,1
16494.0,400000.0,2,500000.0,2,0
16495.5,40000.0,1,50000.0,1,0
16497.0,400000.0,2,500000.0,2,0
16498.5,24000.0,2,30000.0,2,1
16500.0,40000.0,1,50000.0,1,0
16501.5,64000.0,1,80000.0,1,0
16503.0,32000.0,2,40000.0,2,0
16504.5,400000.0,2,500000.0,2,0
16506.0,24000.0,1,30000.0,1,0
16507.5,72000.0,2,90000.0,2,0
16509.0,16000.0,1,20000.0,1,1
16510.5,48000.0,1,60000.0,1,0
16512.0,400000.0,1,500000.0,1,0
16513.5,56000.0,1,70000.0,1,0
16515.0,144000.0,2,180000.0,2,0
16516.5,360000.0,2,450000.0,2,1
16518.0,176000.0,1,220000.0,1,0
16519.5,16000.0,2,20000.0,2,0
16521.0,136000.0,2,170000.0,2,0
16522.5,88000.0,1,110000.0,1,0
16524.0,56000.0,1,70000.0,1,0
16525.5,232000.0,1,290000.0,1,0
16527.0,40000.0,2,50000.0,2,0
16528.5,128000.0,2,160000.0,2,0
16530.0,288000.0,2,360000.0,2,1
16531.5,160000.0,2,200000.0,2,0
16533.0,160000.0,1,200000.0,1,0
16534.5,80000.0,1,100000.0,1,0
16536.0,56000.0,1,70000.0,1,0
16537.5,48000.0,2,60000.0,2,0
16539.0,136000.0,2,170000.0,2,0
16540.5,40000.0,1,50000.0,1,1
16542.0,288000.0,1,360000.0,1,0
16543.5,168000.0,1,210000.0,1,1
16545.0,16000.0,2,20000.0,2,0
16546.5,16000.0,1,20000.0,1,1
16548.0,16000.0,2,20000.0,2,1
16549.5,368000.0,2,460000.0,2,0
16551.0,24000.0,2,30000.0,2,1
16552.5,24000.0,2,30000.0,2,1
16554.0,24000.0,2,30000.0,2,0
16555.5,16000.0,1,20000.0,1,1
16557.0,120000.0,1,150000.0,1,1
16558.5,160000.0,1,200000.0,1,0
16560.0,88000.0,2,110000.0,2,0
16561.5,320000.0,2,400000.0,2,1
16563.0,40000.0,1,50000.0,1,0
16564.5,80000.0,2,100000.0,2,0
16566.0,96000.0,1,120000.0,1,1
16567.5,176000.0,2,220000.0,2,1
16569.0,80000.0,2,100000.0,2,0
16570.5,328000.0,2,410000.0,2,0
16572.0,40000.0,2,50000.0,2,0
16573.5,40000.0,1,50000.0,1,0
16575.0,72000.0,2,90000.0,2,0
16576.5,208000.0,1,260000.0,1,0
16578.0,56000.0,2,70000.0,2,0
16579.5,104000.0,1,130000.0,1,1
16581.0,96000.0,2,120000.0,2,0
16582.5,128000.0,2,160000.0,2,0
16584.0,40000.0,2,50000.0,2,1
16585.5,176000.0,2,220000.0,2,1
16587.0,400000.0,2,500000.0,2,0
16588.5,288000.0,1,360000.0,1,0
16590.0,256000.0,1,320000.0,1,0
16591.5,304000.0,1,380000.0,1,1
16593.0,56000.0,1,70000.0,1,1
16594.5,96000.0,2,120000.0,2,1
16596.0,64000.0,2,80000.0,2,1
16597.5,176000.0,1,220000.0,1,0
16599.0,16000.0,1,20000.0,1,0
16600.5,40000.0,1,50000.0,1,0
16602.0,96000.0,2,120000.0,2,0
16603.5,40000.0,2,50000.0,2,0
16605.0,64000.0,2,80000.0,2,0
16606.5,104000.0,1,130000.0,1,0
16608.0,360000.0,1,450000.0,1,0
16609.5,64000.0,1,80000.0,1,1
16611.0,80000.0,2,100000.0,2,0
16612.5,208000.0,2,260000.0,2,1
16614.0,40000.0,1,50000.0,1,0
16615.5,160000.0,2,200000.0,2,0
16617.0,208000.0,2,260000.0,2,0
16618.5,376000.0,1,470000.0,1,1
16620.0,80000.0,2,100000.0,2,0
16621.5,288000.0,1,360000.0,1,1
16623.0,40000.0,1,50000.0,1,0
16624.5,16000.0,2,20000.0,2,0
16626.0,288000.0,2,360000.0,2,1
16627.5,152000.0,1,190000.0,1,0
16629.0,144000.0,2,180000.0,2,0
16630.5,176000.0,2,220000.0,2,0
16632.0,160000.0,1,200000.0,1,0
16633.5,120000.0,2,150000.0,2,0
16635.0,192000.0,1,240000.0,1,1
16636.5,272000.0,2,340000.0,2,0
16638.0,80000.0,2,100000.0,2,0
16639.5,64000.0,1,80000.0,1,0
16641.0,168000.0,1,210000.0,1,0
16642.5,240000.0,2,300000.0,2,0
16644.0,176000.0,2,220000.0,2,1
16645.5,200000.0,2,250000.0,2,0
16647.0,56000.0,1,70000.0,1,0
16648.5,136000.0,1,170000.0,1,0
16650.0,128000.0,2,160000.0,2,0
16651.5,88000.0,1,110000.0,1,0
16653.0,48000.0,2,60000.0,2,0
16654.5,232000.0,2,290000.0,2,0
16656.0,192000.0,2,240000.0,2,0
16657.5,24000.0,2,30000.0,2,0
16659.0,392000.0,1,490000.0,1,1
16660.5,16000.0,1,20000.0,1,0
16662.0,208000.0,1,260000.0,1,0
16663.5,168000.0,2,210000.0,2,0
16665.0,240000.0,2,300000.0,2,0
16666.5,32000.0,1,40000.0,1,0
16668.0,400000.0,1,500000.0,1,0
16669.5,208000.0,2,260000.0,2,0
16671.0,72000.0,2,90000.0,2,1
16672.5,16000.0,1,20000.0,1,0
16674.0,216000.0,2,270000.0,2,1
16675.5,80000.0,1,100000.0,1,0
16677.0,280000.0,1,350000.0,1,0
16678.5,160000.0,1,200000.0,1,0
16680.0,24000.0,2,30000.0,2,0
16681.5,16000.0,2,20000.0,2,0
16683.0,192000.0,2,240000.0,2,0
16684.5,40000.0,1,50000.0,1,0
16686.0,64000.0,2,80000.0,2,0
16687.5,128000.0,1,160000.0,1,0
16689.0,200000.0,2,250000.0,2,0
16690.5,40000.0,2,50000.0,2,1
16692.0,64000.0,2,80000.0,2,0
16693.5,72000.0,2,90000.0,2,0
16695.0,16000.0,1,20000.0,1,0
16696.5,40000.0,2,50000.0,2,0
16698.0,120000.0,2,150000.0,2,1
16699.5,40000.0,2,50000.0,2,0
16701.0,400000.0,2,500000.0,2,0
16702.5,160000.0,2,200000.0,2,0
16704.0,72000.0,2,90000.0,2,0
16705.5,80000.0,2,100000.0,2,0
16707.0,480000.0,2,600000.0,2,0
16708.5,16000.0,1,20000.0,1,0
16710.0,48000.0,2,60000.0,2,0
16711.5,144000.0,2,180000.0,2,0
16713.0,232000.0,2,290000.0,2,0
16714.5,184000.0,2,230000.0,2,0
16716.0,144000.0,2,180000.0,2,0
16717.5,120000.0,1,150000.0,1,0
16719.0,368000.0,1,460000.0,1,0
16720.5,112000.0,2,140000.0,2,0
16722.0,400000.0,2,500000.0,2,1
16723.5,16000.0,1,20000.0,1,0
16725.0,56000.0,1,70000.0,1,0
16726.5,120000.0,1,150000.0,1,0
16728.0,8000.0,1,10000.0,1,1
16729.5,400000.0,1,500000.0,1,0
16731.0,208000.0,2,260000.0,2,0
16732.5,8000.0,2,10000.0,2,0
16734.0,168000.0,2,210000.0,2,0
16735.5,144000.0,1,180000.0,1,0
16737.0,32000.0,1,40000.0,1,0
16738.5,144000.0,2,180000.0,2,0
16740.0,200000.0,2,250000.0,2,0
16741.5,40000.0,1,50000.0,1,0
16743.0,320000.0,2,400000.0,2,0
16744.5,192000.0,2,240000.0,2,0
16746.0,144000.0,2,180000.0,2,0
16747.5,240000.0,1,300000.0,1,0
16749.0,240000.0,2,300000.0,2,0
16750.5,112000.0,1,140000.0,1,0
16752.0,56000.0,2,70000.0,2,0
16753.5,16000.0,2,20000.0,2,0
16755.0,232000.0,1,290000.0,1,0
16756.5,104000.0,2,130000.0,2,1
16758.0,56000.0,1,70000.0,1,1
16759.5,48000.0,2,60000.0,2,0
16761.0,272000.0,2,340000.0,2,0
16762.5,40000.0,2,50000.0,2,0
16764.0,120000.0,1,150000.0,1,0
16765.5,144000.0,2,180000.0,2,0
16767.0,40000.0,2,50000.0,2,0
16768.5,160000.0,1,200000.0,1,0
16770.0,112000.0,2,140000.0,2,1
16771.5,152000.0,2,190000.0,2,0
16773.0,112000.0,2,140000.0,2,0
16774.5,40000.0,1,50000.0,1,0
16776.0,288000.0,1,360000.0,1,0
16777.5,144000.0,1,180000.0,1,0
16779.0,128000.0,2,160000.0,2,0
16780.5,144000.0,1,180000.0,1,1
16782.0,160000.0,2,200000.0,2,0
16783.5,280000.0,2,350000.0,2,0
16785.0,72000.0,2,90000.0,2,0
16786.5,40000.0,1,50000.0,1,0
16788.0,24000.0,1,30000.0,1,0
16789.5,224000.0,1,280000.0,1,0
16791.0,112000.0,2,140000.0,2,0
16792.5,160000.0,1,200000.0,1,0
16794.0,16000.0,1,20000.0,1,0
16795.5,96000.0,2,120000.0,2,0
16797.0,104000.0,1,130000.0,1,0
16798.5,120000.0,1,150000.0,1,0
16800.0,8000.0,2,10000.0,2,0
16801.5,160000.0,1,200000.0,1,0
16803.0,384000.0,1,480000.0,1,0
16804.5,64000.0,2,80000.0,2,0
16806.0,160000.0,1,200000.0,1,0
16807.5,40000.0,2,50000.0,2,0
16809.0,104000.0,2,130000.0,2,1
16810.5,160000.0,1,200000.0,1,1
16812.0,136000.0,1,170000.0,1,0
16813.5,120000.0,1,150000.0,1,0
16815.0,408000.0,2,510000.0,2,0
16816.5,216000.0,2,270000.0,2,0
16818.0,104000.0,1,130000.0,1,1
16819.5,104000.0,2,130000.0,2,1
16821.0,96000.0,1,120000.0,1,0
16822.5,112000.0,1,140000.0,1,0
16824.0,288000.0,2,360000.0,2,0
16825.5,40000.0,1,50000.0,1,0
16827.0,24000.0,2,30000.0,2,1
16828.5,24000.0,1,30000.0,1,0
16830.0,120000.0,2,150000.0,2,0
16831.5,40000.0,1,50000.0,1,0
16833.0,8000.0,2,10000.0,2,0
16834.5,48000.0,1,60000.0,1,0
16836.0,160000.0,2,200000.0,2,0
16837.5,40000.0,1,50000.0,1,1
16839.0,8000.0,2,10000.0,2,0
16840.5,248000.0,2,310000.0,2,0
16842.0,136000.0,1,170000.0,1,0
16843.5,248000.0,1,310000.0,1,0
16845.0,16000.0,1,20000.0,1,1
16846.5,184000.0,2,230000.0,2,1
16848.0,40000.0,1,50000.0,1,0
16849.5,208000.0,2,260000.0,2,0
16851.0,88000.0,2,110000.0,2,0
16852.5,168000.0,2,210000.0,2,1
16854.0,208000.0,1,260000.0,1,0
16855.5,320000.0,1,400000.0,1,0
16857.0,16000.0,1,20000.0,1,0
16858.5,144000.0,2,180000.0,2,0
16860.0,144000.0,1,180000.0,1,0
16861.5,24000.0,1,30000.0,1,0
16863.0,40000.0,2,50000.0,2,0
16864.5,120000.0,1,150000.0,1,0
16866.0,24000.0,2,30000.0,2,0
16867.5,48000.0,1,60000.0,1,0
16869.0,400000.0,1,500000.0,1,1
16870.5,144000.0,2,180000.0,2,1
16872.0,144000.0,1,180000.0,1,0
16873.5,48000.0,2,60000.0,2,1
16875.0,160000.0,2,200000.0,2,0
16876.5,120000.0,2,150000.0,2,1
16878.0,152000.0,1,190000.0,1,0
16879.5,136000.0,1,170000.0,1,0
16881.0,224000.0,1,280000.0,1,0
16882.5,232000.0,2,290000.0,2,0
16884.0,192000.0,1,240000.0,1,0
16885.5,88000.0,2,110000.0,2,0
16887.0,112000.0,2,140000.0,2,0
16888.5,200000.0,1,250000.0,1,1
16890.0,80000.0,1,100000.0,1,0
16891.5,16000.0,2,20000.0,2,0
16893.0,96000.0,2,120000.0,2,0
16894.5,96000.0,1,120000.0,1,0
16896.0,104000.0,2,130000.0,2,0
16897.5,8000.0,1,10000.0,1,0
16899.0,80000.0,1,100000.0,1,0
16900.5,56000.0,2,70000.0,2,1
16902.0,288000.0,1,360000.0,1,0
16903.5,104000.0,2,130000.0,2,0
16905.0,192000.0,1,240000.0,1,0
16906.5,16000.0,1,20000.0,1,1
16908.0,48000.0,2,60000.0,2,0
16909.5,16000.0,1,20000.0,1,0
16911.0,40000.0,2,50000.0,2,0
16912.5,184000.0,2,230000.0,2,0
16914.0,48000.0,1,60000.0,1,0
16915.5,80000.0,1,100000.0,1,1
16917.0,272000.0,2,340000.0,2,1
16918.5,208000.0,1,260000.0,1,0
16920.0,176000.0,2,220000.0,2,0
16921.5,104000.0,2,130000.0,2,0
16923.0,240000.0,1,300000.0,1,0
16924.5,40000.0,1,50000.0,1,1
16926.0,24000.0,2,30000.0,2,0
16927.5,224000.0,2,280000.0,2,1
16929.0,40000.0,1,50000.0,1,0
16930.5,160000.0,2,200000.0,2,0
16932.0,288000.0,1,360000.0,1,0
16933.5,40000.0,1,50000.0,1,0
16935.0,224000.0,2,280000.0,2,0
16936.5,40000.0,2,50000.0,2,0
16938.0,144000.0,2,180000.0,2,0
16939.5,112000.0,2,140000.0,2,1
16941.0,96000.0,2,120000.0,2,1
16942.5,16000.0,1,20000.0,1,0
16944.0,104000.0,2,130000.0,2,1
16945.5,48000.0,2,60000.0,2,1
16947.0,288000.0,2,360000.0,2,0
16948.5,288000.0,1,360000.0,1,0
16950.0,208000.0,2,260000.0,2,1
16951.5,40000.0,2,50000.0,2,0
16953.0,16000.0,1,20000.0,1,1
16954.5,64000.0,1,80000.0,1,1
16956.0,168000.0,2,210000.0,2,1
16957.5,400000.0,1,500000.0,1,0
16959.0,40000.0,1,50000.0,1,1
16960.5,24000.0,2,30000.0,2,0
16962.0,208000.0,1,260000.0,1,0
16963.5,160000.0,1,200000.0,1,0
16965.0,232000.0,2,290000.0,2,0
16966.5,24000.0,1,30000.0,1,0
16968.0,208000.0,2,260000.0,2,0
16969.5,400000.0,1,500000.0,1,0
16971.0,144000.0,2,180000.0,2,0
16972.5,40000.0,1,50000.0,1,1
16974.0,360000.0,2,450000.0,2,0
16975.5,88000.0,1,110000.0,1,0
16977.0,272000.0,1,340000.0,1,0
16978.5,16000.0,2,20000.0,2,0
16980.0,40000.0,2,50000.0,2,1
16981.5,112000.0,2,140000.0,2,0
16983.0,320000.0,2,400000.0,2,0
16984.5,40000.0,2,50000.0,2,0
16986.0,104000.0,1,130000.0,1,0
16987.5,56000.0,1,70000.0,1,1
16989.0,32000.0,2,40000.0,2,0
16990.5,104000.0,2,130000.0,2,0
16992.0,56000.0,2,70000.0,2,0
16993.5,200000.0,1,250000.0,1,0
16995.0,120000.0,2,150000.0,2,0
16996.5,240000.0,1,300000.0,1,0
16998.0,16000.0,1,20000.0,1,0
16999.5,16000.0,2,20000.0,2,0
17001.0,16000.0,2,20000.0,2,1
17002.5,168000.0,2,210000.0,2,1
17004.0,176000.0,1,220000.0,1,0
17005.5,240000.0,1,300000.0,1,0
17007.0,96000.0,1,120000.0,1,0
17008.5,40000.0,2,50000.0,2,1
17010.0,168000.0,2,210000.0,2,0
17011.5,136000.0,2,170000.0,2,1
17013.0,48000.0,2,60000.0,2,0
17014.5,16000.0,1,20000.0,1,1
17016.0,40000.0,1,50000.0,1,1
17017.5,144000.0,2,180000.0,2,0
17019.0,16000.0,2,20000.0,2,1
17020.5,248000.0,2,310000.0,2,0
17022.0,104000.0,1,130000.0,1,0
17023.5,128000.0,2,160000.0,2,0
17025.0,400000.0,2,500000.0,2,0
17026.5,16000.0,1,20000.0,1,0
17028.0,56000.0,1,70000.0,1,0
17029.5,104000.0,2,130000.0,2,0
17031.0,248000.0,2,310000.0,2,0
17032.5,16000.0,2,20000.0,2,1
17034.0,144000.0,2,180000.0,2,0
17035.5,24000.0,2,30000.0,2,0
17037.0,40000.0,2,50000.0,2,0
17038.5,168000.0,2,210000.0,2,0
17040.0,72000.0,2,90000.0,2,1
17041.5,16000.0,2,20000.0,2,0
17043.0,104000.0,1,130000.0,1,1
17044.5,48000.0,2,60000.0,2,0
17046.0,248000.0,2,310000.0,2,0
17047.5,64000.0,1,80000.0,1,0
17049.0,160000.0,2,200000.0,2,0
17050.5,144000.0,1,180000.0,1,0
17052.0,160000.0,2,200000.0,2,1
17053.5,144000.0,2,180000.0,2,1
17055.0,8000.0,1,10000.0,1,0
17056.5,40000.0,1,50000.0,1,0
17058.0,168000.0,1,210000.0,1,0
17059.5,16000.0,2,20000.0,2,0
17061.0,40000.0,1,50000.0,1,0
17062.5,232000.0,1,290000.0,1,0
17064.0,288000.0,2,360000.0,2,0
17065.5,400000.0,2,500000.0,2,0
17067.0,40000.0,2,50000.0,2,0
17068.5,144000.0,1,180000.0,1,0
17070.0,160000.0,2,200000.0,2,0
17071.5,112000.0,1,140000.0,1,0
17073.0,288000.0,2,360000.0,2,1
17074.5,48000.0,2,60000.0,2,0
17076.0,88000.0,1,110000.0,1,0
17077.5,40000.0,1,50000.0,1,0
17079.0,104000.0,2,130000.0,2,0
17080.5,16000.0,1,20000.0,1,0
17082.0,160000.0,2,200000.0,2,1
17083.5,8000.0,1,10000.0,1,1
17085.0,264000.0,2,330000.0,2,0
17086.5,288000.0,2,360000.0,2,0
17088.0,184000.0,2,230000.0,2,0
17089.5,112000.0,1,140000.0,1,1
17091.0,40000.0,1,50000.0,1,0
17092.5,24000.0,1,30000.0,1,0
17094.0,136000.0,1,170000.0,1,0
17095.5,40000.0,2,50000.0,2,0
17097.0,232000.0,2,290000.0,2,1
17098.5,112000.0,1,140000.0,1,1
17100.0,88000.0,1,110000.0,1,0
17101.5,136000.0,1,170000.0,1,0
17103.0,312000.0,2,390000.0,2,0
17104.5,128000.0,1,160000.0,1,0
17106.0,16000.0,2,20000.0,2,0
17107.5,32000.0,1,40000.0,1,0
17109.0,320000.0,1,400000.0,1,0
17110.5,208000.0,2,260000.0,2,0
17112.0,208000.0,2,260000.0,2,0
17113.5,192000.0,1,240000.0,1,0
17115.0,184000.0,2,230000.0,2,0
17116.5,40000.0,1,50000.0,1,0
17118.0,320000.0,1,400000.0,1,0
17119.5,24000.0,1,30000.0,1,0
17121.0,240000.0,1,300000.0,1,0
17122.5,80000.0,2,100000.0,2,0
17124.0,104000.0,1,130000.0,1,0
17125.5,144000.0,2,180000.0,2,0
17127.0,104000.0,1,130000.0,1,1
17128.5,104000.0,2,130000.0,2,0
17130.0,40000.0,2,50000.0,2,0
17131.5,184000.0,2,230000.0,2,1
17133.0,112000.0,1,140000.0,1,0
17134.5,48000.0,1,60000.0,1,0
17136.0,24000.0,1,30000.0,1,0
17137.5,32000.0,2,40000.0,2,1
17139.0,200000.0,2,250000.0,2,0
17140.5,16000.0,1,20000.0,1,0
17142.0,96000.0,1,120000.0,1,1
17143.5,168000.0,2,210000.0,2,0
17145.0,304000.0,1,380000.0,1,1
17146.5,104000.0,1,130000.0,1,0
17148.0,64000.0,2,80000.0,2,1
17149.5,64000.0,2,80000.0,2,1
17151.0,112000.0,1,140000.0,1,0
17152.5,176000.0,2,220000.0,2,0
17154.0,16000.0,2,20000.0,2,1
17155.5,160000.0,2,200000.0,2,1
17157.0,40000.0,2,50000.0,2,0
17158.5,16000.0,1,20000.0,1,0
17160.0,184000.0,1,230000.0,1,0
17161.5,184000.0,2,230000.0,2,1
17163.0,48000.0,2,60000.0,2,0
17164.5,40000.0,1,50000.0,1,1
17166.0,104000.0,1,130000.0,1,0
17167.5,16000.0,2,20000.0,2,0
17169.0,352000.0,2,440000.0,2,0
17170.5,120000.0,2,150000.0,2,0
17172.0,328000.0,1,410000.0,1,0
17173.5,256000.0,1,320000.0,1,0
17175.0,24000.0,1,30000.0,1,0
17176.5,64000.0,1,80000.0,1,0
17178.0,40000.0,2,50000.0,2,1
17179.5,40000.0,1,50000.0,1,1
17181.0,112000.0,2,140000.0,2,0
17182.5,400000.0,2,500000.0,2,0
17184.0,48000.0,2,60000.0,2,0
17185.5,120000.0,1,150000.0,1,0
17187.0,104000.0,1,130000.0,1,0
17188.5,16000.0,1,20000.0,1,0
17190.0,248000.0,1,310000.0,1,0
17191.5,72000.0,1,90000.0,1,0
17193.0,168000.0,2,210000.0,2,1
17194.5,8000.0,2,10000.0,2,1
17196.0,24000.0,1,30000.0,1,0
17197.5,24000.0,2,30000.0,2,1
17199.0,24000.0,2,30000.0,2,0
17200.5,176000.0,2,220000.0,2,0
17202.0,16000.0,1,20000.0,1,1
17203.5,240000.0,1,300000.0,1,0
17205.0,128000.0,2,160000.0,2,0
17206.5,8000.0,1,10000.0,1,0
17208.0,16000.0,2,20000.0,2,1
17209.5,16000.0,1,20000.0,1,1
17211.0,56000.0,1,70000.0,1,1
17212.5,40000.0,2,50000.0,2,0
17214.0,104000.0,2,130000.0,2,0
17215.5,144000.0,2,180000.0,2,0
17217.0,40000.0,1,50000.0,1,1
17218.5,400000.0,1,500000.0,1,0
17220.0,272000.0,2,340000.0,2,0
17221.5,120000.0,2,150000.0,2,0
17223.0,120000.0,2,150000.0,2,0
17224.5,80000.0,2,100000.0,2,0
17226.0,80000.0,2,100000.0,2,0
17227.5,24000.0,2,30000.0,2,1
17229.0,120000.0,2,150000.0,2,0
17230.5,8000.0,1,10000.0,1,0
17232.0,152000.0,2,190000.0,2,0
17233.5,56000.0,2,70000.0,2,0
17235.0,288000.0,2,360000.0,2,0
17236.5,400000.0,2,500000.0,2,0
17238.0,168000.0,1,210000.0,1,0
17239.5,256000.0,1,320000.0,1,0
17241.0,40000.0,2,50000.0,2,0
17242.5,400000.0,2,500000.0,2,0
17244.0,256000.0,1,320000.0,1,0
17245.5,64000.0,1,80000.0,1,0
17247.0,200000.0,1,250000.0,1,1
17248.5,200000.0,1,250000.0,1,0
17250.0,176000.0,1,220000.0,1,0
17251.5,200000.0,2,250000.0,2,0
17253.0,40000.0,2,50000.0,2,0
17254.5,288000.0,2,360000.0,2,1
17256.0,208000.0,2,260000.0,2,0
17257.5,40000.0,1,50000.0,1,0
17259.0,16000.0,1,20000.0,1,0
17260.5,8000.0,1,10000.0,1,0
17262.0,400000.0,2,500000.0,2,0
17263.5,264000.0,2,330000.0,2,0
17265.0,136000.0,1,170000.0,1,0
17266.5,16000.0,1,20000.0,1,0
17268.0,64000.0,1,80000.0,1,0
17269.5,192000.0,2,240000.0,2,0
17271.0,120000.0,2,150000.0,2,0
17272.5,160000.0,1,200000.0,1,0
17274.0,240000.0,1,300000.0,1,0
17275.5,80000.0,1,100000.0,1,1
17277.0,232000.0,2,290000.0,2,0
17278.5,80000.0,1,100000.0,1,0
17280.0,8000.0,1,10000.0,1,1
17281.5,336000.0,2,420000.0,2,0
17283.0,16000.0,2,20000.0,2,0
17284.5,240000.0,2,300000.0,2,0
17286.0,40000.0,1,50000.0,1,0
17287.5,144000.0,2,180000.0,2,0
17289.0,336000.0,1,420000.0,1,0
17290.5,80000.0,2,100000.0,2,0
17292.0,64000.0,2,80000.0,2,0
17293.5,168000.0,1,210000.0,1,0
17295.0,64000.0,1,80000.0,1,0
17296.5,192000.0,2,240000.0,2,0
17298.0,400000.0,1,500000.0,1,0
17299.5,80000.0,1,100000.0,1,0
17301.0,488000.0,2,610000.0,2,0
17302.5,136000.0,1,170000.0,1,0
17304.0,256000.0,1,320000.0,1,0
17305.5,160000.0,2,200000.0,2,0
17307.0,288000.0,1,360000.0,1,1
17308.5,160000.0,1,200000.0,1,0
17310.0,120000.0,2,150000.0,2,1
17311.5,80000.0,1,100000.0,1,0
17313.0,160000.0,1,200000.0,1,0
17314.5,24000.0,1,30000.0,1,0
17316.0,208000.0,1,260000.0,1,1
17317.5,240000.0,2,300000.0,2,1
17319.0,88000.0,1,110000.0,1,0
17320.5,40000.0,2,50000.0,2,0
17322.0,400000.0,1,500000.0,1,0
17323.5,48000.0,2,60000.0,2,0
17325.0,64000.0,1,80000.0,1,1
17326.5,296000.0,1,370000.0,1,0
17328.0,120000.0,1,150000.0,1,0
17329.5,168000.0,1,210000.0,1,0
17331.0,400000.0,2,500000.0,2,0
17332.5,120000.0,1,150000.0,1,1
17334.0,88000.0,1,110000.0,1,0
17335.5,48000.0,2,60000.0,2,0
17337.0,384000.0,2,480000.0,2,0
17338.5,24000.0,1,30000.0,1,0
17340.0,192000.0,2,240000.0,2,1
17341.5,280000.0,2,350000.0,2,0
17343.0,192000.0,2,240000.0,2,1
17344.5,64000.0,2,80000.0,2,0
17346.0,80000.0,1,100000.0,1,0
17347.5,24000.0,2,30000.0,2,0
17349.0,232000.0,1,290000.0,1,0
17350.5,160000.0,1,200000.0,1,0
17352.0,288000.0,2,360000.0,2,0
17353.5,344000.0,1,430000.0,1,1
17355.0,120000.0,1,150000.0,1,0
17356.5,160000.0,1,200000.0,1,1
17358.0,40000.0,1,50000.0,1,0
17359.5,192000.0,2,240000.0,2,0
17361.0,16000.0,2,20000.0,2,0
17362.5,120000.0,2,150000.0,2,0
17364.0,184000.0,1,230000.0,1,0
17365.5,16000.0,1,20000.0,1,1
17367.0,80000.0,2,100000.0,2,0
17368.5,224000.0,2,280000.0,2,1
17370.0,72000.0,2,90000.0,2,0
17371.5,192000.0,2,240000.0,2,0
17373.0,64000.0,1,80000.0,1,1
17374.5,128000.0,2,160000.0,2,0
17376.0,224000.0,2,280000.0,2,0
17377.5,136000.0,2,170000.0,2,0
17379.0,72000.0,2,90000.0,2,1
17380.5,128000.0,2,160000.0,2,0
17382.0,336000.0,2,420000.0,2,0
17383.5,224000.0,1,280000.0,1,0
17385.0,24000.0,1,30000.0,1,1
17386.5,112000.0,2,140000.0,2,0
17388.0,176000.0,1,220000.0,1,0
17389.5,208000.0,2,260000.0,2,0
17391.0,136000.0,2,170000.0,2,0
17392.5,152000.0,2,190000.0,2,0
17394.0,40000.0,1,50000.0,1,0
17395.5,160000.0,2,200000.0,2,0
17397.0,240000.0,2,300000.0,2,0
17398.5,184000.0,2,230000.0,2,0
17400.0,40000.0,1,50000.0,1,0
17401.5,120000.0,1,150000.0,1,0
17403.0,120000.0,2,150000.0,2,1
17404.5,8000.0,1,10000.0,1,0
17406.0,192000.0,2,240000.0,2,0
17407.5,184000.0,2,230000.0,2,0
17409.0,136000.0,2,170000.0,2,0
17410.5,368000.0,2,460000.0,2,0
17412.0,192000.0,1,240000.0,1,0
17413.5,64000.0,2,80000.0,2,0
17415.0,232000.0,1,290000.0,1,0
17416.5,24000.0,1,30000.0,1,0
17418.0,192000.0,2,240000.0,2,0
17419.5,64000.0,2,80000.0,2,0
17421.0,24000.0,1,30000.0,1,0
17422.5,144000.0,2,180000.0,2,0
17424.0,40000.0,2,50000.0,2,1
17425.5,24000.0,2,30000.0,2,1
17427.0,88000.0,1,110000.0,1,1
17428.5,144000.0,2,180000.0,2,0
17430.0,40000.0,1,50000.0,1,0
17431.5,112000.0,2,140000.0,2,0
17433.0,72000.0,2,90000.0,2,1
17434.5,72000.0,2,90000.0,2,1
17436.0,144000.0,1,180000.0,1,0
17437.5,288000.0,2,360000.0,2,0
17439.0,112000.0,1,140000.0,1,1
17440.5,72000.0,2,90000.0,2,0
17442.0,120000.0,2,150000.0,2,0
17443.5,160000.0,1,200000.0,1,0
17445.0,88000.0,2,110000.0,2,0
17446.5,328000.0,2,410000.0,2,0
17448.0,40000.0,1,50000.0,1,0
17449.5,136000.0,2,170000.0,2,0
17451.0,168000.0,2,210000.0,2,0
17452.5,232000.0,1,290000.0,1,0
17454.0,128000.0,2,160000.0,2,0
17455.5,40000.0,1,50000.0,1,1
17457.0,40000.0,1,50000.0,1,0
17458.5,24000.0,2,30000.0,2,0
17460.0,24000.0,2,30000.0,2,1
17461.5,64000.0,2,80000.0,2,0
17463.0,16000.0,1,20000.0,1,1
17464.5,104000.0,2,130000.0,2,0
17466.0,64000.0,2,80000.0,2,1
17467.5,64000.0,1,80000.0,1,0
17469.0,144000.0,2,180000.0,2,0
17470.5,120000.0,1,150000.0,1,0
17472.0,80000.0,1,100000.0,1,0
17473.5,40000.0,2,50000.0,2,0
17475.0,232000.0,1,290000.0,1,1
17476.5,392000.0,1,490000.0,1,1
17478.0,104000.0,2,130000.0,2,0
17479.5,16000.0,1,20000.0,1,0
17481.0,24000.0,2,30000.0,2,1
17482.5,184000.0,2,230000.0,2,0
17484.0,208000.0,1,260000.0,1,0
17485.5,232000.0,1,290000.0,1,0
17487.0,176000.0,2,220000.0,2,0
17488.5,48000.0,1,60000.0,1,1
17490.0,120000.0,2,150000.0,2,0
17491.5,64000.0,2,80000.0,2,1
17493.0,24000.0,2,30000.0,2,1
17494.5,168000.0,2,210000.0,2,0
17496.0,40000.0,2,50000.0,2,0
17497.5,200000.0,2,250000.0,2,0
17499.0,160000.0,2,200000.0,2,1
17500.5,120000.0,1,150000.0,1,1
17502.0,24000.0,2,30000.0,2,0
17503.5,40000.0,2,50000.0,2,0
17505.0,168000.0,1,210000.0,1,0
17506.5,16000.0,1,20000.0,1,0
17508.0,88000.0,1,110000.0,1,1
17509.5,112000.0,1,140000.0,1,0
17511.0,40000.0,1,50000.0,1,0
17512.5,184000.0,2,230000.0,2,0
17514.0,160000.0,2,200000.0,2,0
17515.5,96000.0,2,120000.0,2,0
17517.0,40000.0,1,50000.0,1,0
17518.5,112000.0,2,140000.0,2,0
17520.0,80000.0,2,100000.0,2,0
17521.5,64000.0,1,80000.0,1,0
17523.0,80000.0,1,100000.0,1,1
17524.5,96000.0,2,120000.0,2,0
17526.0,40000.0,1,50000.0,1,1
17527.5,24000.0,2,30000.0,2,0
17529.0,264000.0,2,330000.0,2,0
17530.5,192000.0,1,240000.0,1,0
17532.0,232000.0,2,290000.0,2,1
17533.5,48000.0,1,60000.0,1,0
17535.0,288000.0,2,360000.0,2,0
17536.5,160000.0,2,200000.0,2,0
17538.0,360000.0,2,450000.0,2,0
17539.5,64000.0,1,80000.0,1,0
17541.0,184000.0,2,230000.0,2,0
17542.5,128000.0,2,160000.0,2,0
17544.0,16000.0,2,20000.0,2,0
17545.5,160000.0,2,200000.0,2,1
17547.0,192000.0,2,240000.0,2,1
17548.5,64000.0,2,80000.0,2,0
17550.0,16000.0,1,20000.0,1,0
17551.5,96000.0,2,120000.0,2,0
17553.0,104000.0,2,130000.0,2,1
17554.5,160000.0,1,200000.0,1,0
17556.0,264000.0,1,330000.0,1,0
17557.5,24000.0,2,30000.0,2,1
17559.0,16000.0,1,20000.0,1,0
17560.5,136000.0,1,170000.0,1,1
17562.0,120000.0,2,150000.0,2,0
17563.5,16000.0,1,20000.0,1,0
17565.0,128000.0,2,160000.0,2,0
17566.5,112000.0,2,140000.0,2,0
17568.0,120000.0,1,150000.0,1,0
17569.5,96000.0,2,120000.0,2,0
17571.0,40000.0,1,50000.0,1,1
17572.5,144000.0,2,180000.0,2,0
17574.0,48000.0,1,60000.0,1,1
17575.5,80000.0,1,100000.0,1,1
17577.0,96000.0,1,120000.0,1,1
17578.5,16000.0,1,20000.0,1,1
17580.0,56000.0,2,70000.0,2,1
17581.5,160000.0,1,200000.0,1,0
17583.0,400000.0,2,500000.0,2,0
17584.5,368000.0,1,460000.0,1,0
17586.0,128000.0,1,160000.0,1,0
17587.5,16000.0,1,20000.0,1,0
17589.0,240000.0,1,300000.0,1,1
17590.5,32000.0,1,40000.0,1,0
17592.0,104000.0,2,130000.0,2,1
17593.5,96000.0,2,120000.0,2,0
17595.0,16000.0,2,20000.0,2,0
17596.5,160000.0,2,200000.0,2,0
17598.0,16000.0,1,20000.0,1,0
17599.5,8000.0,1,10000.0,1,0
17601.0,320000.0,2,400000.0,2,0
17602.5,144000.0,2,180000.0,2,0
17604.0,48000.0,2,60000.0,2,0
17605.5,208000.0,2,260000.0,2,1
17607.0,40000.0,1,50000.0,1,0
17608.5,96000.0,2,120000.0,2,1
17610.0,240000.0,2,300000.0,2,1
17611.5,16000.0,1,20000.0,1,1
17613.0,144000.0,1,180000.0,1,0
17614.5,24000.0,2,30000.0,2,0
17616.0,56000.0,1,70000.0,1,0
17617.5,176000.0,1,220000.0,1,1
17619.0,88000.0,2,110000.0,2,1
17620.5,144000.0,1,180000.0,1,0
17622.0,64000.0,2,80000.0,2,0
17623.5,80000.0,2,100000.0,2,0
17625.0,40000.0,2,50000.0,2,1
17626.5,40000.0,2,50000.0,2,0
17628.0,104000.0,2,130000.0,2,1
17629.5,232000.0,2,290000.0,2,0
17631.0,192000.0,1,240000.0,1,0
17632.5,128000.0,2,160000.0,2,0
17634.0,40000.0,1,50000.0,1,0
17635.5,24000.0,1,30000.0,1,0
17637.0,48000.0,2,60000.0,2,0
17638.5,48000.0,2,60000.0,2,0
17640.0,80000.0,2,100000.0,2,0
17641.5,112000.0,1,140000.0,1,0
17643.0,120000.0,1,150000.0,1,0
17644.5,400000.0,1,500000.0,1,0
17646.0,16000.0,1,20000.0,1,1
17647.5,192000.0,2,240000.0,2,0
17649.0,72000.0,1,90000.0,1,0
17650.5,128000.0,2,160000.0,2,0
17652.0,224000.0,2,280000.0,2,1
17653.5,208000.0,2,260000.0,2,0
17655.0,104000.0,1,130000.0,1,1
17656.5,400000.0,2,500000.0,2,0
17658.0,96000.0,1,120000.0,1,0
17659.5,168000.0,1,210000.0,1,0
17661.0,40000.0,1,50000.0,1,0
17662.5,168000.0,1,210000.0,1,0
17664.0,8000.0,2,10000.0,2,1
17665.5,56000.0,2,70000.0,2,0
17667.0,120000.0,1,150000.0,1,0
17668.5,48000.0,1,60000.0,1,0
17670.0,96000.0,1,120000.0,1,1
17671.5,64000.0,2,80000.0,2,0
17673.0,392000.0,1,490000.0,1,0
17674.5,360000.0,1,450000.0,1,0
17676.0,16000.0,2,20000.0,2,0
17677.5,8000.0,1,10000.0,1,0
17679.0,16000.0,2,20000.0,2,0
17680.5,40000.0,1,50000.0,1,0
17682.0,240000.0,1,300000.0,1,1
17683.5,64000.0,1,80000.0,1,0
17685.0,248000.0,1,310000.0,1,0
17686.5,40000.0,2,50000.0,2,0
17688.0,400000.0,1,500000.0,1,0
17689.5,64000.0,2,80000.0,2,0
17691.0,24000.0,2,30000.0,2,1
17692.5,8000.0,1,10000.0,1,1
17694.0,312000.0,2,390000.0,2,0
17695.5,232000.0,1,290000.0,1,1
17697.0,96000.0,2,120000.0,2,0
17698.5,40000.0,2,50000.0,2,0
17700.0,224000.0,1,280000.0,1,0
17701.5,16000.0,2,20000.0,2,0
17703.0,16000.0,2,20000.0,2,0
17704.5,72000.0,2,90000.0,2,1
17706.0,72000.0,2,90000.0,2,0
17707.5,96000.0,2,120000.0,2,0
17709.0,64000.0,2,80000.0,2,1
17710.5,144000.0,2,180000.0,2,0
17712.0,160000.0,2,200000.0,2,1
17713.5,40000.0,2,50000.0,2,0
17715.0,288000.0,1,360000.0,1,0
17716.5,24000.0,2,30000.0,2,0
17718.0,40000.0,2,50000.0,2,0
17719.5,64000.0,2,80000.0,2,0
17721.0,96000.0,1,120000.0,1,1
17722.5,24000.0,2,30000.0,2,0
17724.0,208000.0,2,260000.0,2,0
17725.5,40000.0,1,50000.0,1,0
17727.0,24000.0,2,30000.0,2,0
17728.5,40000.0,1,50000.0,1,0
17730.0,272000.0,2,340000.0,2,0
17731.5,136000.0,2,170000.0,2,0
17733.0,16000.0,1,20000.0,1,0
17734.5,184000.0,2,230000.0,2,0
17736.0,368000.0,1,460000.0,1,0
17737.5,16000.0,1,20000.0,1,0
17739.0,168000.0,1,210000.0,1,1
17740.5,24000.0,1,30000.0,1,0
17742.0,40000.0,2,50000.0,2,1
17743.5,104000.0,1,130000.0,1,0
17745.0,24000.0,2,30000.0,2,1
17746.5,48000.0,1,60000.0,1,1
17748.0,128000.0,2,160000.0,2,0
17749.5,144000.0,2,180000.0,2,0
17751.0,368000.0,2,460000.0,2,0
17752.5,24000.0,2,30000.0,2,0
17754.0,224000.0,1,280000.0,1,0
17755.5,80000.0,1,100000.0,1,0
17757.0,24000.0,1,30000.0,1,1
17758.5,120000.0,2,150000.0,2,0
17760.0,160000.0,2,200000.0,2,0
17761.5,120000.0,1,150000.0,1,0
17763.0,296000.0,2,370000.0,2,0
17764.5,160000.0,2,200000.0,2,0
17766.0,160000.0,2,200000.0,2,0
17767.5,24000.0,2,30000.0,2,0
17769.0,168000.0,2,210000.0,2,0
17770.5,96000.0,2,120000.0,2,0
17772.0,376000.0,2,470000.0,2,0
17773.5,48000.0,2,60000.0,2,0
17775.0,208000.0,1,260000.0,1,0
17776.5,64000.0,1,80000.0,1,1
17778.0,80000.0,2,100000.0,2,0
17779.5,160000.0,1,200000.0,1,0
17781.0,288000.0,1,360000.0,1,0
17782.5,56000.0,2,70000.0,2,1
17784.0,336000.0,1,420000.0,1,0
17785.5,120000.0,2,150000.0,2,0
17787.0,192000.0,1,240000.0,1,0
17788.5,288000.0,2,360000.0,2,0
17790.0,312000.0,2,390000.0,2,0
17791.5,144000.0,1,180000.0,1,0
17793.0,40000.0,2,50000.0,2,0
17794.5,144000.0,2,180000.0,2,1
17796.0,160000.0,1,200000.0,1,0
17797.5,40000.0,1,50000.0,1,0
17799.0,224000.0,1,280000.0,1,0
17800.5,72000.0,2,90000.0,2,0
17802.0,336000.0,1,420000.0,1,0
17803.5,56000.0,2,70000.0,2,0
17805.0,136000.0,2,170000.0,2,0
17806.5,168000.0,2,210000.0,2,1
17808.0,64000.0,1,80000.0,1,0
17809.5,56000.0,2,70000.0,2,0
17811.0,80000.0,1,100000.0,1,0
17812.5,48000.0,1,60000.0,1,0
17814.0,280000.0,1,350000.0,1,0
17815.5,144000.0,2,180000.0,2,0
17817.0,160000.0,1,200000.0,1,0
17818.5,96000.0,2,120000.0,2,0
17820.0,56000.0,2,70000.0,2,0
17821.5,160000.0,2,200000.0,2,0
17823.0,160000.0,2,200000.0,2,0
17824.5,40000.0,1,50000.0,1,0
17826.0,232000.0,1,290000.0,1,0
17827.5,96000.0,1,120000.0,1,0
17829.0,176000.0,2,220000.0,2,0
17830.5,40000.0,2,50000.0,2,0
17832.0,288000.0,2,360000.0,2,0
17833.5,112000.0,1,140000.0,1,0
17835.0,24000.0,2,30000.0,2,0
17836.5,104000.0,2,130000.0,2,0
17838.0,112000.0,2,140000.0,2,0
17839.5,208000.0,2,260000.0,2,0
17841.0,40000.0,2,50000.0,2,0
17842.5,48000.0,1,60000.0,1,0
17844.0,16000.0,1,20000.0,1,0
17845.5,200000.0,2,250000.0,2,0
17847.0,16000.0,1,20000.0,1,0
17848.5,160000.0,2,200000.0,2,0
17850.0,40000.0,2,50000.0,2,0
17851.5,168000.0,1,210000.0,1,0
17853.0,88000.0,1,110000.0,1,0
17854.5,16000.0,1,20000.0,1,0
17856.0,200000.0,1,250000.0,1,0
17857.5,8000.0,1,10000.0,1,1
17859.0,112000.0,2,140000.0,2,0
17860.5,80000.0,2,100000.0,2,1
17862.0,104000.0,2,130000.0,2,1
17863.5,64000.0,2,80000.0,2,0
17865.0,280000.0,2,350000.0,2,0
17866.5,112000.0,1,140000.0,1,0
17868.0,96000.0,2,120000.0,2,0
17869.5,384000.0,1,480000.0,1,0
17871.0,16000.0,2,20000.0,2,1
17872.5,24000.0,1,30000.0,1,0
17874.0,400000.0,2,500000.0,2,0
17875.5,288000.0,1,360000.0,1,0
17877.0,72000.0,2,90000.0,2,0
17878.5,72000.0,2,90000.0,2,0
17880.0,120000.0,2,150000.0,2,0
17881.5,104000.0,2,130000.0,2,0
17883.0,8000.0,1,10000.0,1,0
17884.5,56000.0,1,70000.0,1,0
17886.0,176000.0,1,220000.0,1,0
17887.5,120000.0,2,150000.0,2,0
17889.0,112000.0,1,140000.0,1,0
17890.5,128000.0,2,160000.0,2,0
17892.0,64000.0,2,80000.0,2,0
17893.5,40000.0,1,50000.0,1,0
17895.0,16000.0,1,20000.0,1,0
17896.5,8000.0,2,10000.0,2,0
17898.0,256000.0,2,320000.0,2,0
17899.5,232000.0,2,290000.0,2,0
17901.0,40000.0,2,50000.0,2,0
17902.5,112000.0,2,140000.0,2,0
17904.0,112000.0,2,140000.0,2,0
17905.5,40000.0,2,50000.0,2,0
17907.0,288000.0,1,360000.0,1,1
17908.5,112000.0,1,140000.0,1,1
17910.0,224000.0,2,280000.0,2,0
17911.5,328000.0,1,410000.0,1,0
17913.0,24000.0,2,30000.0,2,0
17914.5,40000.0,2,50000.0,2,0
17916.0,48000.0,2,60000.0,2,0
17917.5,136000.0,2,170000.0,2,0
17919.0,184000.0,1,230000.0,1,0
17920.5,24000.0,2,30000.0,2,1
17922.0,288000.0,2,360000.0,2,0
17923.5,288000.0,1,360000.0,1,0
17925.0,120000.0,1,150000.0,1,0
17926.5,88000.0,2,110000.0,2,0
17928.0,224000.0,1,280000.0,1,0
17929.5,160000.0,1,200000.0,1,1
17931.0,40000.0,1,50000.0,1,0
17932.5,120000.0,1,150000.0,1,1
17934.0,288000.0,1,360000.0,1,0
17935.5,104000.0,1,130000.0,1,0
17937.0,184000.0,2,230000.0,2,0
17938.5,384000.0,2,480000.0,2,0
17940.0,24000.0,2,30000.0,2,1
17941.5,120000.0,2,150000.0,2,0
17943.0,400000.0,1,500000.0,1,0
17944.5,176000.0,2,220000.0,2,1
17946.0,288000.0,2,360000.0,2,1
17947.5,128000.0,2,160000.0,2,1
17949.0,216000.0,2,270000.0,2,0
17950.5,488000.0,1,610000.0,1,0
17952.0,16000.0,1,20000.0,1,0
17953.5,56000.0,2,70000.0,2,1
17955.0,208000.0,2,260000.0,2,0
17956.5,24000.0,1,30000.0,1,1
17958.0,16000.0,1,20000.0,1,1
17959.5,128000.0,2,160000.0,2,0
17961.0,16000.0,2,20000.0,2,0
17962.5,264000.0,1,330000.0,1,0
17964.0,56000.0,1,70000.0,1,0
17965.5,240000.0,1,300000.0,1,0
17967.0,224000.0,2,280000.0,2,0
17968.5,144000.0,2,180000.0,2,0
17970.0,40000.0,2,50000.0,2,0
17971.5,184000.0,2,230000.0,2,1
17973.0,160000.0,2,200000.0,2,1
17974.5,200000.0,1,250000.0,1,0
17976.0,80000.0,1,100000.0,1,0
17977.5,376000.0,2,470000.0,2,1
17979.0,64000.0,2,80000.0,2,0
17980.5,200000.0,1,250000.0,1,0
17982.0,16000.0,1,20000.0,1,1
17983.5,288000.0,2,360000.0,2,0
17985.0,64000.0,2,80000.0,2,0
17986.5,80000.0,2,100000.0,2,0
17988.0,40000.0,1,50000.0,1,0
17989.5,496000.0,1,620000.0,1,0
17991.0,80000.0,2,100000.0,2,0
17992.5,24000.0,1,30000.0,1,0
17994.0,144000.0,1,180000.0,1,1
17995.5,264000.0,2,330000.0,2,0
17997.0,72000.0,1,90000.0,1,0
17998.5,224000.0,1,280000.0,1,0
18000.0,16000.0,1,20000.0,1,1
18001.5,96000.0,1,120000.0,1,0
18003.0,192000.0,2,240000.0,2,0
18004.5,64000.0,2,80000.0,2,1
18006.0,24000.0,1,30000.0,1,0
18007.5,56000.0,2,70000.0,2,0
18009.0,16000.0,1,20000.0,1,1
18010.5,144000.0,2,180000.0,2,1
18012.0,112000.0,1,140000.0,1,0
18013.5,16000.0,2,20000.0,2,0
18015.0,184000.0,2,230000.0,2,1
18016.5,72000.0,2,90000.0,2,0
18018.0,136000.0,2,170000.0,2,0
18019.5,64000.0,1,80000.0,1,0
18021.0,64000.0,1,80000.0,1,0
18022.5,64000.0,1,80000.0,1,0
18024.0,80000.0,2,100000.0,2,1
18025.5,96000.0,2,120000.0,2,0
18027.0,40000.0,2,50000.0,2,1
18028.5,208000.0,1,260000.0,1,1
18030.0,144000.0,1,180000.0,1,0
18031.5,24000.0,2,30000.0,2,0
18033.0,64000.0,1,80000.0,1,1
18034.5,40000.0,1,50000.0,1,0
18036.0,40000.0,1,50000.0,1,0
18037.5,72000.0,2,90000.0,2,1
18039.0,144000.0,2,180000.0,2,0
18040.5,16000.0,2,20000.0,2,1
18042.0,368000.0,2,460000.0,2,0
18043.5,64000.0,1,80000.0,1,0
18045.0,40000.0,1,50000.0,1,1
18046.5,40000.0,1,50000.0,1,1
18048.0,192000.0,1,240000.0,1,0
18049.5,288000.0,1,360000.0,1,0
18051.0,120000.0,2,150000.0,2,0
18052.5,16000.0,1,20000.0,1,0
18054.0,24000.0,1,30000.0,1,0
18055.5,160000.0,2,200000.0,2,0
18057.0,64000.0,2,80000.0,2,0
18058.5,208000.0,2,260000.0,2,0
18060.0,16000.0,1,20000.0,1,1
18061.5,192000.0,2,240000.0,2,0
18063.0,96000.0,2,120000.0,2,0
18064.5,16000.0,2,20000.0,2,0
18066.0,16000.0,2,20000.0,2,0
18067.5,344000.0,2,430000.0,2,0
18069.0,64000.0,2,80000.0,2,0
18070.5,40000.0,1,50000.0,1,0
18072.0,112000.0,1,140000.0,1,0
18073.5,40000.0,1,50000.0,1,0
18075.0,40000.0,1,50000.0,1,0
18076.5,64000.0,2,80000.0,2,0
18078.0,40000.0,2,50000.0,2,0
18079.5,64000.0,2,80000.0,2,0
18081.0,40000.0,1,50000.0,1,1
18082.5,64000.0,2,80000.0,2,1
18084.0,288000.0,2,360000.0,2,0
18085.5,48000.0,2,60000.0,2,0
18087.0,232000.0,2,290000.0,2,0
18088.5,40000.0,1,50000.0,1,0
18090.0,288000.0,2,360000.0,2,0
18091.5,352000.0,2,440000.0,2,0
18093.0,400000.0,1,500000.0,1,0
18094.5,192000.0,1,240000.0,1,0
18096.0,80000.0,1,100000.0,1,0
18097.5,160000.0,2,200000.0,2,0
18099.0,208000.0,1,260000.0,1,0
18100.5,56000.0,2,70000.0,2,1
18102.0,16000.0,1,20000.0,1,1
18103.5,144000.0,1,180000.0,1,1
18105.0,64000.0,2,80000.0,2,0
18106.5,112000.0,2,140000.0,2,1
18108.0,40000.0,2,50000.0,2,0
18109.5,96000.0,1,120000.0,1,1
18111.0,256000.0,2,320000.0,2,0
18112.5,56000.0,1,70000.0,1,0
18114.0,96000.0,2,120000.0,2,0
18115.5,120000.0,2,150000.0,2,0
18117.0,184000.0,2,230000.0,2,0
18118.5,24000.0,2,30000.0,2,0
18120.0,232000.0,2,290000.0,2,0
18121.5,40000.0,2,50000.0,2,0
18123.0,288000.0,1,360000.0,1,0
18124.5,128000.0,2,160000.0,2,0
18126.0,24000.0,2,30000.0,2,1
18127.5,48000.0,1,60000.0,1,1
18129.0,336000.0,1,420000.0,1,1
18130.5,40000.0,1,50000.0,1,0
18132.0,288000.0,2,360000.0,2,0
18133.5,200000.0,1,250000.0,1,0
18135.0,128000.0,1,160000.0,1,0
18136.5,40000.0,1,50000.0,1,0
18138.0,128000.0,1,160000.0,1,0
18139.5,176000.0,1,220000.0,1,0
18141.0,56000.0,2,70000.0,2,0
18142.5,40000.0,1,50000.0,1,0
18144.0,96000.0,1,120000.0,1,0
18145.5,40000.0,1,50000.0,1,0
18147.0,168000.0,2,210000.0,2,0
18148.5,96000.0,2,120000.0,2,0
18150.0,208000.0,2,260000.0,2,0
18151.5,96000.0,1,120000.0,1,0
18153.0,200000.0,1,250000.0,1,0
18154.5,24000.0,1,30000.0,1,0
18156.0,40000.0,1,50000.0,1,0
18157.5,56000.0,2,70000.0,2,0
18159.0,160000.0,2,200000.0,2,0
18160.5,80000.0,2,100000.0,2,0
18162.0,160000.0,1,200000.0,1,1
18163.5,224000.0,2,280000.0,2,0
18165.0,336000.0,1,420000.0,1,0
18166.5,320000.0,2,400000.0,2,0
18168.0,144000.0,2,180000.0,2,0
18169.5,272000.0,2,340000.0,2,0
18171.0,400000.0,1,500000.0,1,0
18172.5,336000.0,2,420000.0,2,0
18174.0,144000.0,2,180000.0,2,0
18175.5,96000.0,1,120000.0,1,0
18177.0,40000.0,2,50000.0,2,0
18178.5,120000.0,2,150000.0,2,0
18180.0,16000.0,2,20000.0,2,0
18181.5,120000.0,1,150000.0,1,0
18183.0,32000.0,1,40000.0,1,1
18184.5,144000.0,2,180000.0,2,0
18186.0,96000.0,2,120000.0,2,1
18187.5,336000.0,1,420000.0,1,0
18189.0,16000.0,2,20000.0,2,0
18190.5,96000.0,2,120000.0,2,0
18192.0,184000.0,2,230000.0,2,0
18193.5,40000.0,1,50000.0,1,1
18195.0,40000.0,2,50000.0,2,0
18196.5,256000.0,1,320000.0,1,0
18198.0,56000.0,2,70000.0,2,1
18199.5,224000.0,2,280000.0,2,0
18201.0,144000.0,1,180000.0,1,0
18202.5,40000.0,2,50000.0,2,0
18204.0,272000.0,2,340000.0,2,0
18205.5,160000.0,2,200000.0,2,0
18207.0,144000.0,2,180000.0,2,0
18208.5,40000.0,2,50000.0,2,1
18210.0,96000.0,2,120000.0,2,0
18211.5,288000.0,1,360000.0,1,0
18213.0,192000.0,1,240000.0,1,0
18214.5,56000.0,2,70000.0,2,1
18216.0,16000.0,2,20000.0,2,0
18217.5,152000.0,1,190000.0,1,0
18219.0,160000.0,2,200000.0,2,0
18220.5,328000.0,1,410000.0,1,0
18222.0,88000.0,1,110000.0,1,0
18223.5,168000.0,2,210000.0,2,0
18225.0,240000.0,1,300000.0,1,0
18226.5,312000.0,2,390000.0,2,0
18228.0,24000.0,1,30000.0,1,1
18229.5,16000.0,2,20000.0,2,1
18231.0,56000.0,2,70000.0,2,0
18232.5,56000.0,2,70000.0,2,0
18234.0,40000.0,1,50000.0,1,1
18235.5,24000.0,1,30000.0,1,0
18237.0,104000.0,1,130000.0,1,0
18238.5,104000.0,1,130000.0,1,0
18240.0,16000.0,1,20000.0,1,1
18241.5,24000.0,2,30000.0,2,0
18243.0,136000.0,2,170000.0,2,0
18244.5,96000.0,1,120000.0,1,1
18246.0,40000.0,1,50000.0,1,0
18247.5,104000.0,2,130000.0,2,0
18249.0,88000.0,2,110000.0,2,0
18250.5,64000.0,2,80000.0,2,0
18252.0,400000.0,2,500000.0,2,0
18253.5,144000.0,2,180000.0,2,0
18255.0,96000.0,2,120000.0,2,1
18256.5,16000.0,2,20000.0,2,0
18258.0,296000.0,1,370000.0,1,1
18259.5,40000.0,1,50000.0,1,0
18261.0,120000.0,1,150000.0,1,0
18262.5,64000.0,1,80000.0,1,1
18264.0,368000.0,2,460000.0,2,0
18265.5,40000.0,1,50000.0,1,1
18267.0,64000.0,2,80000.0,2,0
18268.5,208000.0,2,260000.0,2,0
18270.0,256000.0,1,320000.0,1,0
18271.5,40000.0,2,50000.0,2,0
18273.0,288000.0,2,360000.0,2,0
18274.5,40000.0,2,50000.0,2,0
18276.0,120000.0,1,150000.0,1,0
18277.5,56000.0,2,70000.0,2,0
18279.0,120000.0,2,150000.0,2,0
18280.5,40000.0,1,50000.0,1,0
18282.0,72000.0,2,90000.0,2,0
18283.5,80000.0,1,100000.0,1,1
18285.0,352000.0,2,440000.0,2,0
18286.5,200000.0,1,250000.0,1,0
18288.0,8000.0,2,10000.0,2,1
18289.5,64000.0,2,80000.0,2,0
18291.0,176000.0,2,220000.0,2,0
18292.5,32000.0,1,40000.0,1,1
18294.0,120000.0,1,150000.0,1,0
18295.5,16000.0,1,20000.0,1,1
18297.0,192000.0,2,240000.0,2,1
18298.5,160000.0,1,200000.0,1,0
18300.0,40000.0,2,50000.0,2,0
18301.5,144000.0,2,180000.0,2,0
18303.0,40000.0,1,50000.0,1,1
18304.5,16000.0,1,20000.0,1,0
18306.0,168000.0,2,210000.0,2,0
18307.5,400000.0,1,500000.0,1,0
18309.0,192000.0,2,240000.0,2,1
18310.5,24000.0,1,30000.0,1,0
18312.0,152000.0,1,190000.0,1,0
18313.5,8000.0,1,10000.0,1,0
18315.0,288000.0,1,360000.0,1,0
18316.5,64000.0,2,80000.0,2,0
18318.0,48000.0,1,60000.0,1,1
18319.5,80000.0,2,100000.0,2,0
18321.0,80000.0,2,100000.0,2,0
18322.5,8000.0,1,10000.0,1,0
18324.0,144000.0,1,180000.0,1,0
18325.5,224000.0,2,280000.0,2,1
18327.0,40000.0,2,50000.0,2,0
18328.5,304000.0,1,380000.0,1,0
18330.0,40000.0,2,50000.0,2,0
18331.5,120000.0,1,150000.0,1,0
18333.0,168000.0,2,210000.0,2,0
18334.5,24000.0,1,30000.0,1,1
18336.0,56000.0,2,70000.0,2,1
18337.5,64000.0,1,80000.0,1,1
18339.0,40000.0,2,50000.0,2,0
18340.5,384000.0,2,480000.0,2,0
18342.0,400000.0,2,500000.0,2,0
18343.5,136000.0,2,170000.0,2,0
18345.0,264000.0,2,330000.0,2,0
18346.5,24000.0,1,30000.0,1,0
18348.0,96000.0,2,120000.0,2,0
18349.5,64000.0,2,80000.0,2,0
18351.0,128000.0,1,160000.0,1,0
18352.5,88000.0,1,110000.0,1,1
18354.0,16000.0,2,20000.0,2,1
18355.5,112000.0,1,140000.0,1,1
18357.0,40000.0,1,50000.0,1,0
18358.5,16000.0,2,20000.0,2,1
18360.0,160000.0,2,200000.0,2,1
18361.5,256000.0,2,320000.0,2,0
18363.0,320000.0,2,400000.0,2,0
18364.5,200000.0,2,250000.0,2,0
18366.0,440000.0,2,550000.0,2,1
18367.5,240000.0,1,300000.0,1,0
18369.0,40000.0,2,50000.0,2,0
18370.5,128000.0,2,160000.0,2,0
18372.0,64000.0,1,80000.0,1,0
18373.5,224000.0,1,280000.0,1,0
18375.0,400000.0,2,500000.0,2,1
18376.5,272000.0,2,340000.0,2,0
18378.0,128000.0,2,160000.0,2,0
18379.5,96000.0,2,120000.0,2,0
18381.0,120000.0,1,150000.0,1,0
18382.5,88000.0,1,110000.0,1,0
18384.0,96000.0,2,120000.0,2,1
18385.5,88000.0,2,110000.0,2,0
18387.0,256000.0,2,320000.0,2,0
18388.5,40000.0,1,50000.0,1,0
18390.0,40000.0,2,50000.0,2,0
18391.5,72000.0,2,90000.0,2,0
18393.0,216000.0,2,270000.0,2,0
18394.5,40000.0,2,50000.0,2,0
18396.0,40000.0,1,50000.0,1,0
18397.5,288000.0,2,360000.0,2,0
18399.0,96000.0,2,120000.0,2,0
18400.5,232000.0,2,290000.0,2,0
18402.0,160000.0,1,200000.0,1,0
18403.5,88000.0,2,110000.0,2,1
18405.0,40000.0,1,50000.0,1,0
18406.5,120000.0,1,150000.0,1,0
18408.0,224000.0,2,280000.0,2,0
18409.5,248000.0,2,310000.0,2,0
18411.0,360000.0,1,450000.0,1,0
18412.5,32000.0,2,40000.0,2,1
18414.0,40000.0,2,50000.0,2,0
18415.5,232000.0,1,290000.0,1,0
18417.0,48000.0,1,60000.0,1,0
18418.5,16000.0,1,20000.0,1,1
18420.0,64000.0,2,80000.0,2,0
18421.5,80000.0,1,100000.0,1,0
18423.0,40000.0,1,50000.0,1,1
18424.5,200000.0,2,250000.0,2,0
18426.0,168000.0,2,210000.0,2,1
18427.5,224000.0,2,280000.0,2,0
18429.0,88000.0,2,110000.0,2,0
18430.5,48000.0,1,60000.0,1,0
18432.0,160000.0,1,200000.0,1,0
18433.5,24000.0,1,30000.0,1,0
18435.0,64000.0,1,80000.0,1,0
18436.5,40000.0,1,50000.0,1,0
18438.0,128000.0,2,160000.0,2,0
18439.5,104000.0,2,130000.0,2,1
18441.0,184000.0,2,230000.0,2,0
18442.5,208000.0,2,260000.0,2,0
18444.0,160000.0,1,200000.0,1,0
18445.5,336000.0,1,420000.0,1,1
18447.0,80000.0,2,100000.0,2,1
18448.5,80000.0,2,100000.0,2,0
18450.0,312000.0,1,390000.0,1,0
18451.5,64000.0,2,80000.0,2,0
18453.0,40000.0,1,50000.0,1,0
18454.5,72000.0,2,90000.0,2,1
18456.0,192000.0,2,240000.0,2,0
18457.5,40000.0,2,50000.0,2,0
18459.0,24000.0,2,30000.0,2,0
18460.5,160000.0,2,200000.0,2,0
18462.0,256000.0,2,320000.0,2,1
18463.5,72000.0,1,90000.0,1,0
18465.0,16000.0,2,20000.0,2,1
18466.5,64000.0,2,80000.0,2,0
18468.0,304000.0,2,380000.0,2,0
18469.5,240000.0,2,300000.0,2,0
18471.0,88000.0,1,110000.0,1,0
18472.5,80000.0,2,100000.0,2,0
18474.0,200000.0,2,250000.0,2,0
18475.5,200000.0,1,250000.0,1,0
18477.0,176000.0,1,220000.0,1,0
18478.5,16000.0,2,20000.0,2,1
18480.0,192000.0,2,240000.0,2,0
18481.5,168000.0,1,210000.0,1,0
18483.0,160000.0,2,200000.0,2,0
18484.5,96000.0,2,120000.0,2,1
18486.0,112000.0,1,140000.0,1,0
18487.5,24000.0,1,30000.0,1,0
18489.0,40000.0,2,50000.0,2,0
18490.5,192000.0,2,240000.0,2,0
18492.0,160000.0,2,200000.0,2,0
18493.5,392000.0,1,490000.0,1,0
18495.0,48000.0,2,60000.0,2,1
18496.5,240000.0,1,300000.0,1,0
18498.0,248000.0,2,310000.0,2,0
18499.5,288000.0,1,360000.0,1,0
18501.0,48000.0,2,60000.0,2,1
18502.5,96000.0,2,120000.0,2,0
18504.0,168000.0,1,210000.0,1,0
18505.5,40000.0,1,50000.0,1,0
18507.0,408000.0,2,510000.0,2,0
18508.5,8000.0,2,10000.0,2,0
18510.0,200000.0,2,250000.0,2,0
18511.5,168000.0,2,210000.0,2,0
18513.0,128000.0,1,160000.0,1,0
18514.5,64000.0,2,80000.0,2,0
18516.0,184000.0,1,230000.0,1,0
18517.5,24000.0,2,30000.0,2,1
18519.0,40000.0,2,50000.0,2,1
18520.5,152000.0,2,190000.0,2,1
18522.0,104000.0,2,130000.0,2,0
18523.5,112000.0,2,140000.0,2,0
18525.0,88000.0,1,110000.0,1,0
18526.5,16000.0,1,20000.0,1,0
18528.0,200000.0,2,250000.0,2,0
18529.5,288000.0,2,360000.0,2,1
18531.0,24000.0,2,30000.0,2,0
18532.5,40000.0,1,50000.0,1,0
18534.0,80000.0,2,100000.0,2,0
18535.5,120000.0,2,150000.0,2,0
18537.0,120000.0,2,150000.0,2,0
18538.5,160000.0,2,200000.0,2,0
18540.0,16000.0,1,20000.0,1,0
18541.5,248000.0,2,310000.0,2,0
18543.0,80000.0,2,100000.0,2,0
18544.5,40000.0,2,50000.0,2,1
18546.0,104000.0,2,130000.0,2,0
18547.5,80000.0,2,100000.0,2,0
18549.0,224000.0,1,280000.0,1,0
18550.5,160000.0,1,200000.0,1,0
18552.0,72000.0,1,90000.0,1,1
18553.5,120000.0,2,150000.0,2,0
18555.0,16000.0,2,20000.0,2,1
18556.5,288000.0,2,360000.0,2,0
18558.0,32000.0,2,40000.0,2,1
18559.5,192000.0,2,240000.0,2,0
18561.0,400000.0,2,500000.0,2,0
18562.5,16000.0,2,20000.0,2,1
18564.0,112000.0,1,140000.0,1,1
18565.5,80000.0,1,100000.0,1,0
18567.0,96000.0,2,120000.0,2,0
18568.5,80000.0,2,100000.0,2,0
18570.0,112000.0,2,140000.0,2,0
18571.5,168000.0,2,210000.0,2,0
18573.0,400000.0,2,500000.0,2,1
18574.5,88000.0,2,110000.0,2,0
18576.0,272000.0,2,340000.0,2,0
18577.5,264000.0,2,330000.0,2,1
18579.0,40000.0,2,50000.0,2,0
18580.5,8000.0,2,10000.0,2,1
18582.0,56000.0,1,70000.0,1,0
18583.5,360000.0,2,450000.0,2,1
18585.0,24000.0,2,30000.0,2,0
18586.5,120000.0,2,150000.0,2,0
18588.0,184000.0,2,230000.0,2,1
18589.5,24000.0,2,30000.0,2,1
18591.0,24000.0,1,30000.0,1,0
18592.5,16000.0,1,20000.0,1,1
18594.0,56000.0,2,70000.0,2,0
18595.5,40000.0,2,50000.0,2,0
18597.0,288000.0,2,360000.0,2,0
18598.5,320000.0,2,400000.0,2,0
18600.0,104000.0,2,130000.0,2,0
18601.5,104000.0,1,130000.0,1,0
18603.0,272000.0,2,340000.0,2,0
18604.5,216000.0,2,270000.0,2,1
18606.0,48000.0,2,60000.0,2,1
18607.5,104000.0,2,130000.0,2,0
18609.0,8000.0,1,10000.0,1,0
18610.5,128000.0,2,160000.0,2,1
18612.0,216000.0,2,270000.0,2,0
18613.5,64000.0,1,80000.0,1,1
18615.0,272000.0,2,340000.0,2,0
18616.5,288000.0,1,360000.0,1,0
18618.0,192000.0,1,240000.0,1,0
18619.5,40000.0,2,50000.0,2,0
18621.0,40000.0,1,50000.0,1,0
18622.5,144000.0,2,180000.0,2,0
18624.0,296000.0,2,370000.0,2,0
18625.5,48000.0,1,60000.0,1,1
18627.0,40000.0,1,50000.0,1,0
18628.5,40000.0,1,50000.0,1,0
18630.0,104000.0,2,130000.0,2,0
18631.5,400000.0,2,500000.0,2,0
18633.0,240000.0,1,300000.0,1,0
18634.5,96000.0,2,120000.0,2,0
18636.0,88000.0,2,110000.0,2,0
18637.5,176000.0,1,220000.0,1,0
18639.0,112000.0,2,140000.0,2,0
18640.5,24000.0,2,30000.0,2,0
18642.0,160000.0,2,200000.0,2,0
18643.5,280000.0,2,350000.0,2,0
18645.0,120000.0,1,150000.0,1,0
18646.5,16000.0,1,20000.0,1,1
18648.0,160000.0,2,200000.0,2,0
18649.5,16000.0,1,20000.0,1,0
18651.0,256000.0,1,320000.0,1,0
18652.5,80000.0,2,100000.0,2,0
18654.0,224000.0,2,280000.0,2,1
18655.5,40000.0,1,50000.0,1,0
18657.0,16000.0,1,20000.0,1,0
18658.5,128000.0,2,160000.0,2,0
18660.0,48000.0,1,60000.0,1,0
18661.5,120000.0,1,150000.0,1,0
18663.0,368000.0,1,460000.0,1,0
18664.5,400000.0,1,500000.0,1,0
18666.0,256000.0,1,320000.0,1,0
18667.5,160000.0,2,200000.0,2,1
18669.0,344000.0,2,430000.0,2,0
18670.5,120000.0,1,150000.0,1,0
18672.0,80000.0,2,100000.0,2,0
18673.5,24000.0,1,30000.0,1,0
18675.0,208000.0,2,260000.0,2,0
18676.5,32000.0,2,40000.0,2,1
18678.0,232000.0,1,290000.0,1,1
18679.5,112000.0,1,140000.0,1,0
18681.0,48000.0,2,60000.0,2,1
18682.5,168000.0,1,210000.0,1,0
18684.0,136000.0,2,170000.0,2,0
18685.5,296000.0,2,370000.0,2,1
18687.0,24000.0,1,30000.0,1,0
18688.5,288000.0,2,360000.0,2,0
18690.0,232000.0,1,290000.0,1,0
18691.5,40000.0,2,50000.0,2,0
18693.0,168000.0,2,210000.0,2,0
18694.5,136000.0,1,170000.0,1,0
18696.0,288000.0,1,360000.0,1,0
18697.5,72000.0,2,90000.0,2,0
18699.0,168000.0,1,210000.0,1,1
18700.5,128000.0,2,160000.0,2,0
18702.0,24000.0,2,30000.0,2,0
18703.5,64000.0,1,80000.0,1,0
18705.0,200000.0,2,250000.0,2,0
18706.5,48000.0,2,60000.0,2,0
18708.0,104000.0,1,130000.0,1,0
18709.5,144000.0,1,180000.0,1,0
18711.0,160000.0,1,200000.0,1,0
18712.5,168000.0,1,210000.0,1,0
18714.0,192000.0,2,240000.0,2,0
18715.5,368000.0,2,460000.0,2,0
18717.0,320000.0,2,400000.0,2,0
18718.5,16000.0,1,20000.0,1,0
18720.0,48000.0,2,60000.0,2,0
18721.5,88000.0,2,110000.0,2,0
18723.0,64000.0,2,80000.0,2,1
18724.5,40000.0,1,50000.0,1,0
18726.0,288000.0,2,360000.0,2,0
18727.5,56000.0,1,70000.0,1,0
18729.0,16000.0,2,20000.0,2,0
18730.5,160000.0,2,200000.0,2,0
18732.0,72000.0,2,90000.0,2,0
18733.5,24000.0,1,30000.0,1,0
18735.0,208000.0,2,260000.0,2,1
18736.5,40000.0,2,50000.0,2,1
18738.0,24000.0,2,30000.0,2,0
18739.5,16000.0,2,20000.0,2,0
18741.0,24000.0,1,30000.0,1,1
18742.5,232000.0,2,290000.0,2,1
18744.0,40000.0,1,50000.0,1,1
18745.5,48000.0,2,60000.0,2,0
18747.0,160000.0,1,200000.0,1,1
18748.5,40000.0,1,50000.0,1,0
18750.0,152000.0,2,190000.0,2,0
18751.5,56000.0,2,70000.0,2,0
18753.0,240000.0,1,300000.0,1,0
18754.5,320000.0,1,400000.0,1,0
18756.0,160000.0,2,200000.0,2,1
18757.5,448000.0,1,560000.0,1,0
18759.0,120000.0,2,150000.0,2,0
18760.5,240000.0,2,300000.0,2,0
18762.0,64000.0,2,80000.0,2,0
18763.5,120000.0,2,150000.0,2,1
18765.0,16000.0,2,20000.0,2,0
18766.5,40000.0,2,50000.0,2,0
18768.0,120000.0,2,150000.0,2,0
18769.5,112000.0,2,140000.0,2,0
18771.0,400000.0,2,500000.0,2,0
18772.5,72000.0,2,90000.0,2,0
18774.0,24000.0,1,30000.0,1,1
18775.5,40000.0,2,50000.0,2,1
18777.0,224000.0,2,280000.0,2,0
18778.5,312000.0,1,390000.0,1,1
18780.0,80000.0,2,100000.0,2,1
18781.5,160000.0,1,200000.0,1,1
18783.0,184000.0,2,230000.0,2,0
18784.5,16000.0,2,20000.0,2,0
18786.0,144000.0,1,180000.0,1,0
18787.5,8000.0,1,10000.0,1,0
18789.0,262144.0,1,327680.0,1,1
18790.5,80000.0,2,100000.0,2,1
18792.0,64000.0,2,80000.0,2,0
18793.5,200000.0,2,250000.0,2,0
18795.0,352000.0,2,440000.0,2,0
18796.5,112000.0,2,140000.0,2,0
18798.0,16000.0,2,20000.0,2,0
18799.5,40000.0,2,50000.0,2,0
18801.0,24000.0,2,30000.0,2,0
18802.5,168000.0,2,210000.0,2,0
18804.0,16000.0,1,20000.0,1,0
18805.5,120000.0,2,150000.0,2,1
18807.0,40000.0,1,50000.0,1,0
18808.5,168000.0,2,210000.0,2,0
18810.0,200000.0,2,250000.0,2,1
18811.5,104000.0,1,130000.0,1,0
18813.0,232000.0,1,290000.0,1,1
18814.5,120000.0,2,150000.0,2,0
18816.0,64000.0,2,80000.0,2,0
18817.5,40000.0,1,50000.0,1,0
18819.0,192000.0,1,240000.0,1,0
18820.5,72000.0,1,90000.0,1,0
18822.0,176000.0,1,220000.0,1,0
18823.5,136000.0,1,170000.0,1,0
18825.0,56000.0,1,70000.0,1,0
18826.5,128000.0,1,160000.0,1,1
18828.0,200000.0,2,250000.0,2,0
18829.5,56000.0,1,70000.0,1,1
18831.0,72000.0,2,90000.0,2,1
18832.5,40000.0,2,50000.0,2,0
18834.0,120000.0,2,150000.0,2,1
18835.5,16000.0,2,20000.0,2,1
18837.0,16000.0,2,20000.0,2,0
18838.5,40000.0,2,50000.0,2,0
18840.0,160000.0,1,200000.0,1,0
18841.5,160000.0,2,200000.0,2,0
18843.0,96000.0,2,120000.0,2,0
18844.5,216000.0,2,270000.0,2,1
18846.0,240000.0,2,300000.0,2,0
18847.5,320000.0,1,400000.0,1,1
18849.0,96000.0,1,120000.0,1,0
18850.5,104000.0,1,130000.0,1,0
18852.0,120000.0,1,150000.0,1,0
18853.5,160000.0,2,200000.0,2,1
18855.0,104000.0,1,130000.0,1,0
18856.5,96000.0,2,120000.0,2,0
18858.0,184000.0,2,230000.0,2,0
18859.5,40000.0,1,50000.0,1,0
18861.0,8000.0,2,10000.0,2,1
18862.5,288000.0,1,360000.0,1,0
18864.0,112000.0,2,140000.0,2,0
18865.5,40000.0,2,50000.0,2,1
18867.0,96000.0,2,120000.0,2,0
18868.5,400000.0,1,500000.0,1,0
18870.0,400000.0,1,500000.0,1,0
18871.5,8000.0,1,10000.0,1,0
18873.0,128000.0,2,160000.0,2,0
18874.5,48000.0,2,60000.0,2,0
18876.0,48000.0,2,60000.0,2,0
18877.5,128000.0,2,160000.0,2,0
18879.0,400000.0,2,500000.0,2,0
18880.5,288000.0,2,360000.0,2,0
18882.0,8000.0,1,10000.0,1,1
18883.5,24000.0,2,30000.0,2,1
18885.0,48000.0,2,60000.0,2,0
18886.5,64000.0,2,80000.0,2,0
18888.0,328000.0,1,410000.0,1,0
18889.5,56000.0,2,70000.0,2,1
18891.0,48000.0,2,60000.0,2,1
18892.5,64000.0,1,80000.0,1,0
18894.0,24000.0,1,30000.0,1,0
18895.5,88000.0,2,110000.0,2,0
18897.0,120000.0,2,150000.0,2,1
18898.5,24000.0,2,30000.0,2,0
18900.0,120000.0,1,150000.0,1,0
18901.5,40000.0,1,50000.0,1,0
18903.0,32000.0,1,40000.0,1,0
18904.5,56000.0,2,70000.0,2,0
18906.0,80000.0,1,100000.0,1,1
18907.5,8000.0,2,10000.0,2,0
18909.0,48000.0,1,60000.0,1,0
18910.5,80000.0,1,100000.0,1,1
18912.0,40000.0,2,50000.0,2,0
18913.5,8000.0,1,10000.0,1,1
18915.0,40000.0,2,50000.0,2,1
18916.5,8000.0,2,10000.0,2,0
18918.0,64000.0,1,80000.0,1,0
18919.5,40000.0,1,50000.0,1,0
18921.0,376000.0,1,470000.0,1,0
18922.5,424000.0,2,530000.0,2,0
18924.0,160000.0,2,200000.0,2,1
18925.5,16000.0,1,20000.0,1,0
18927.0,64000.0,2,80000.0,2,0
18928.5,120000.0,2,150000.0,2,0
18930.0,24000.0,2,30000.0,2,1
18931.5,136000.0,2,170000.0,2,0
18933.0,184000.0,2,230000.0,2,0
18934.5,136000.0,2,170000.0,2,1
18936.0,232000.0,1,290000.0,1,0
18937.5,136000.0,2,170000.0,2,0
18939.0,160000.0,2,200000.0,2,0
18940.5,64000.0,1,80000.0,1,0
18942.0,272000.0,2,340000.0,2,1
18943.5,88000.0,2,110000.0,2,0
18945.0,8000.0,1,10000.0,1,0
18946.5,64000.0,2,80000.0,2,0
18948.0,48000.0,2,60000.0,2,0
18949.5,272000.0,2,340000.0,2,0
18951.0,16000.0,1,20000.0,1,0
18952.5,400000.0,1,500000.0,1,0
18954.0,200000.0,2,250000.0,2,0
18955.5,40000.0,2,50000.0,2,0
18957.0,80000.0,1,100000.0,1,1
18958.5,224000.0,1,280000.0,1,1
18960.0,400000.0,1,500000.0,1,0
18961.5,16000.0,1,20000.0,1,0
18963.0,112000.0,2,140000.0,2,0
18964.5,200000.0,2,250000.0,2,0
18966.0,40000.0,1,50000.0,1,0
18967.5,56000.0,2,70000.0,2,1
18969.0,184000.0,2,230000.0,2,0
18970.5,400000.0,1,500000.0,1,0
18972.0,224000.0,2,280000.0,2,0
18973.5,128000.0,2,160000.0,2,0
18975.0,40000.0,2,50000.0,2,0
18976.5,400000.0,2,500000.0,2,0
18978.0,232000.0,2,290000.0,2,0
18979.5,80000.0,1,100000.0,1,0
18981.0,384000.0,1,480000.0,1,0
18982.5,88000.0,2,110000.0,2,0
18984.0,280000.0,2,350000.0,2,1
18985.5,56000.0,1,70000.0,1,0
18987.0,232000.0,1,290000.0,1,0
18988.5,168000.0,2,210000.0,2,0
18990.0,192000.0,1,240000.0,1,0
18991.5,208000.0,2,260000.0,2,0
18993.0,64000.0,1,80000.0,1,0
18994.5,40000.0,1,50000.0,1,0
18996.0,8000.0,1,10000.0,1,1
18997.5,40000.0,2,50000.0,2,0
18999.0,160000.0,2,200000.0,2,0
19000.5,320000.0,2,400000.0,2,0
19002.0,168000.0,2,210000.0,2,1
19003.5,400000.0,1,500000.0,1,1
19005.0,48000.0,1,60000.0,1,0
19006.5,120000.0,2,150000.0,2,0
19008.0,48000.0,2,60000.0,2,0
19009.5,360000.0,1,450000.0,1,0
19011.0,344000.0,2,430000.0,2,1
19012.5,40000.0,2,50000.0,2,0
19014.0,64000.0,2,80000.0,2,0
19015.5,160000.0,1,200000.0,1,1
19017.0,48000.0,2,60000.0,2,0
19018.5,40000.0,1,50000.0,1,0
19020.0,120000.0,2,150000.0,2,0
19021.5,160000.0,2,200000.0,2,0
19023.0,64000.0,1,80000.0,1,1
19024.5,24000.0,2,30000.0,2,0
19026.0,160000.0,2,200000.0,2,0
19027.5,136000.0,2,170000.0,2,0
19029.0,104000.0,1,130000.0,1,0
19030.5,144000.0,2,180000.0,2,0
19032.0,128000.0,1,160000.0,1,0
19033.5,16000.0,2,20000.0,2,0
19035.0,200000.0,1,250000.0,1,0
19036.5,120000.0,1,150000.0,1,0
19038.0,144000.0,1,180000.0,1,0
19039.5,96000.0,1,120000.0,1,0
19041.0,344000.0,2,430000.0,2,0
19042.5,160000.0,1,200000.0,1,0
19044.0,16000.0,2,20000.0,2,0
19045.5,296000.0,2,370000.0,2,0
19047.0,24000.0,2,30000.0,2,0
19048.5,144000.0,2,180000.0,2,0
19050.0,288000.0,1,360000.0,1,0
19051.5,208000.0,2,260000.0,2,0
19053.0,160000.0,2,200000.0,2,0
19054.5,40000.0,2,50000.0,2,0
19056.0,40000.0,2,50000.0,2,1
19057.5,216000.0,1,270000.0,1,0
19059.0,8000.0,2,10000.0,2,1
19060.5,312000.0,1,390000.0,1,0
19062.0,280000.0,2,350000.0,2,0
19063.5,280000.0,1,350000.0,1,0
19065.0,240000.0,1,300000.0,1,0
19066.5,40000.0,1,50000.0,1,0
19068.0,200000.0,2,250000.0,2,0
19069.5,288000.0,1,360000.0,1,0
19071.0,144000.0,2,180000.0,2,0
19072.5,120000.0,1,150000.0,1,0
19074.0,200000.0,2,250000.0,2,0
19075.5,160000.0,1,200000.0,1,0
19077.0,208000.0,2,260000.0,2,1
19078.5,120000.0,2,150000.0,2,1
19080.0,320000.0,2,400000.0,2,0
19081.5,16000.0,1,20000.0,1,0
19083.0,72000.0,2,90000.0,2,0
19084.5,160000.0,1,200000.0,1,0
19086.0,56000.0,2,70000.0,2,0
19087.5,64000.0,1,80000.0,1,0
19089.0,192000.0,1,240000.0,1,0
19090.5,160000.0,2,200000.0,2,0
19092.0,216000.0,2,270000.0,2,0
19093.5,168000.0,2,210000.0,2,0
19095.0,112000.0,1,140000.0,1,1
19096.5,96000.0,1,120000.0,1,0
19098.0,104000.0,2,130000.0,2,1
19099.5,56000.0,2,70000.0,2,0
19101.0,64000.0,1,80000.0,1,0
19102.5,136000.0,1,170000.0,1,1
19104.0,240000.0,2,300000.0,2,0
19105.5,304000.0,1,380000.0,1,0
19107.0,88000.0,2,110000.0,2,0
19108.5,64000.0,2,80000.0,2,0
19110.0,16000.0,1,20000.0,1,0
19111.5,160000.0,1,200000.0,1,0
19113.0,288000.0,1,360000.0,1,0
19114.5,136000.0,2,170000.0,2,0
19116.0,400000.0,2,500000.0,2,0
19117.5,40000.0,2,50000.0,2,0
19119.0,40000.0,1,50000.0,1,0
19120.5,64000.0,2,80000.0,2,0
19122.0,40000.0,1,50000.0,1,0
19123.5,24000.0,2,30000.0,2,1
19125.0,24000.0,1,30000.0,1,0
19126.5,16000.0,1,20000.0,1,1
19128.0,400000.0,1,500000.0,1,0
19129.5,136000.0,2,170000.0,2,0
19131.0,16000.0,2,20000.0,2,0
19132.5,72000.0,1,90000.0,1,0
19134.0,184000.0,1,230000.0,1,1
19135.5,168000.0,2,210000.0,2,0
19137.0,16000.0,1,20000.0,1,0
19138.5,48000.0,2,60000.0,2,0
19140.0,240000.0,2,300000.0,2,0
19141.5,40000.0,1,50000.0,1,0
19143.0,40000.0,1,50000.0,1,1
19144.5,400000.0,1,500000.0,1,0
19146.0,392000.0,1,490000.0,1,0
19147.5,88000.0,2,110000.0,2,0
19149.0,288000.0,2,360000.0,2,1
19150.5,64000.0,2,80000.0,2,0
19152.0,144000.0,2,180000.0,2,1
19153.5,144000.0,2,180000.0,2,0
19155.0,56000.0,2,70000.0,2,0
19156.5,112000.0,1,140000.0,1,0
19158.0,272000.0,2,340000.0,2,0
19159.5,56000.0,2,70000.0,2,1
19161.0,240000.0,1,300000.0,1,1
19162.5,16000.0,2,20000.0,2,1
19164.0,136000.0,2,170000.0,2,0
19165.5,224000.0,2,280000.0,2,0
19167.0,72000.0,2,90000.0,2,0
19168.5,128000.0,2,160000.0,2,1
19170.0,240000.0,2,300000.0,2,1
19171.5,48000.0,1,60000.0,1,1
19173.0,168000.0,1,210000.0,1,0
19174.5,104000.0,2,130000.0,2,0
19176.0,128000.0,2,160000.0,2,0
19177.5,16000.0,2,20000.0,2,1
19179.0,192000.0,2,240000.0,2,0
19180.5,272000.0,2,340000.0,2,0
19182.0,120000.0,1,150000.0,1,0
19183.5,144000.0,1,180000.0,1,0
19185.0,240000.0,2,300000.0,2,0
19186.5,144000.0,1,180000.0,1,0
19188.0,40000.0,2,50000.0,2,0
19189.5,40000.0,2,50000.0,2,0
19191.0,272000.0,1,340000.0,1,0
19192.5,152000.0,1,190000.0,1,1
19194.0,144000.0,2,180000.0,2,0
19195.5,16000.0,1,20000.0,1,1
19197.0,360000.0,1,450000.0,1,0
19198.5,80000.0,2,100000.0,2,0
19200.0,64000.0,1,80000.0,1,0
19201.5,8000.0,1,10000.0,1,1
19203.0,16000.0,2,20000.0,2,0
19204.5,208000.0,2,260000.0,2,1
19206.0,120000.0,1,150000.0,1,1
19207.5,400000.0,2,500000.0,2,0
19209.0,88000.0,2,110000.0,2,0
19210.5,128000.0,1,160000.0,1,0
19212.0,160000.0,2,200000.0,2,0
19213.5,152000.0,2,190000.0,2,0
19215.0,144000.0,2,180000.0,2,1
19216.5,40000.0,2,50000.0,2,1
19218.0,80000.0,1,100000.0,1,0
19219.5,104000.0,2,130000.0,2,1
19221.0,96000.0,1,120000.0,1,0
19222.5,272000.0,2,340000.0,2,0
19224.0,16000.0,1,20000.0,1,0
19225.5,24000.0,1,30000.0,1,1
19227.0,200000.0,1,250000.0,1,0
19228.5,56000.0,2,70000.0,2,0
19230.0,40000.0,2,50000.0,2,0
19231.5,224000.0,1,280000.0,1,0
19233.0,400000.0,2,500000.0,2,0
19234.5,112000.0,2,140000.0,2,0
19236.0,160000.0,2,200000.0,2,0
19237.5,40000.0,1,50000.0,1,1
19239.0,256000.0,1,320000.0,1,0
19240.5,40000.0,2,50000.0,2,0
19242.0,24000.0,1,30000.0,1,0
19243.5,80000.0,2,100000.0,2,0
19245.0,272000.0,1,340000.0,1,1
19246.5,280000.0,2,350000.0,2,0
19248.0,16000.0,1,20000.0,1,1
19249.5,88000.0,1,110000.0,1,0
19251.0,232000.0,2,290000.0,2,0
19252.5,32000.0,1,40000.0,1,1
19254.0,96000.0,1,120000.0,1,1
19255.5,152000.0,1,190000.0,1,0
19257.0,120000.0,2,150000.0,2,0
19258.5,240000.0,2,300000.0,2,0
19260.0,192000.0,2,240000.0,2,0
19261.5,48000.0,2,60000.0,2,1
19263.0,120000.0,1,150000.0,1,0
19264.5,64000.0,2,80000.0,2,0
19266.0,128000.0,2,160000.0,2,0
19267.5,160000.0,1,200000.0,1,0
19269.0,72000.0,1,90000.0,1,0
19270.5,288000.0,1,360000.0,1,0
19272.0,280000.0,2,350000.0,2,0
19273.5,24000.0,2,30000.0,2,0
19275.0,32000.0,1,40000.0,1,0
19276.5,128000.0,1,160000.0,1,0
19278.0,160000.0,1,200000.0,1,0
19279.5,264000.0,1,330000.0,1,0
19281.0,400000.0,1,500000.0,1,0
19282.5,400000.0,2,500000.0,2,0
19284.0,368000.0,2,460000.0,2,0
19285.5,96000.0,2,120000.0,2,0
19287.0,104000.0,2,130000.0,2,0
19288.5,16000.0,1,20000.0,1,0
19290.0,136000.0,1,170000.0,1,0
19291.5,40000.0,2,50000.0,2,0
19293.0,40000.0,1,50000.0,1,1
19294.5,40000.0,1,50000.0,1,0
19296.0,176000.0,2,220000.0,2,0
19297.5,208000.0,2,260000.0,2,0
19299.0,400000.0,2,500000.0,2,0
19300.5,16000.0,2,20000.0,2,0
19302.0,16000.0,1,20000.0,1,1
19303.5,64000.0,1,80000.0,1,0
19305.0,400000.0,1,500000.0,1,0
19306.5,128000.0,1,160000.0,1,1
19308.0,160000.0,1,200000.0,1,0
19309.5,40000.0,2,50000.0,2,0
19311.0,16000.0,1,20000.0,1,1
19312.5,136000.0,2,170000.0,2,0
19314.0,8000.0,1,10000.0,1,1
19315.5,16000.0,2,20000.0,2,1
19317.0,120000.0,2,150000.0,2,0
19318.5,376000.0,2,470000.0,2,0
19320.0,160000.0,2,200000.0,2,0
19321.5,104000.0,2,130000.0,2,0
19323.0,56000.0,2,70000.0,2,0
19324.5,216000.0,2,270000.0,2,0
19326.0,120000.0,1,150000.0,1,1
19327.5,192000.0,2,240000.0,2,0
19329.0,80000.0,2,100000.0,2,0
19330.5,160000.0,1,200000.0,1,1
19332.0,176000.0,1,220000.0,1,0
19333.5,56000.0,1,70000.0,1,1
19335.0,208000.0,1,260000.0,1,0
19336.5,144000.0,2,180000.0,2,0
19338.0,168000.0,2,210000.0,2,0
19339.5,104000.0,2,130000.0,2,0
19341.0,256000.0,2,320000.0,2,0
19342.5,24000.0,2,30000.0,2,1
19344.0,40000.0,2,50000.0,2,0
19345.5,304000.0,2,380000.0,2,0
19347.0,16000.0,2,20000.0,2,1
19348.5,40000.0,1,50000.0,1,0
19350.0,112000.0,2,140000.0,2,0
19351.5,120000.0,2,150000.0,2,1
19353.0,296000.0,1,370000.0,1,1
19354.5,80000.0,2,100000.0,2,0
19356.0,80000.0,1,100000.0,1,0
19357.5,40000.0,1,50000.0,1,1
19359.0,320000.0,2,400000.0,2,0
19360.5,200000.0,2,250000.0,2,0
19362.0,120000.0,2,150000.0,2,0
19363.5,96000.0,1,120000.0,1,1
19365.0,208000.0,2,260000.0,2,0
19366.5,72000.0,2,90000.0,2,0
19368.0,104000.0,1,130000.0,1,0
19369.5,40000.0,2,50000.0,2,1
19371.0,96000.0,2,120000.0,2,1
19372.5,112000.0,1,140000.0,1,0
19374.0,136000.0,2,170000.0,2,0
19375.5,264000.0,2,330000.0,2,0
19377.0,168000.0,1,210000.0,1,1
19378.5,240000.0,1,300000.0,1,1
19380.0,104000.0,2,130000.0,2,0
19381.5,288000.0,2,360000.0,2,0
19383.0,120000.0,1,150000.0,1,0
19384.5,72000.0,2,90000.0,2,1
19386.0,208000.0,2,260000.0,2,0
19387.5,24000.0,2,30000.0,2,1
19389.0,64000.0,2,80000.0,2,0
19390.5,400000.0,2,500000.0,2,0
19392.0,16000.0,2,20000.0,2,0
19393.5,48000.0,1,60000.0,1,0
19395.0,168000.0,1,210000.0,1,0
19396.5,40000.0,1,50000.0,1,1
19398.0,280000.0,1,350000.0,1,0
19399.5,160000.0,1,200000.0,1,0
19401.0,224000.0,2,280000.0,2,0
19402.5,184000.0,1,230000.0,1,0
19404.0,160000.0,2,200000.0,2,1
19405.5,176000.0,2,220000.0,2,0
19407.0,128000.0,2,160000.0,2,0
19408.5,160000.0,2,200000.0,2,0
19410.0,48000.0,2,60000.0,2,0
19411.5,48000.0,2,60000.0,2,0
19413.0,304000.0,1,380000.0,1,0
19414.5,192000.0,1,240000.0,1,0
19416.0,56000.0,2,70000.0,2,0
19417.5,144000.0,2,180000.0,2,0
19419.0,120000.0,2,150000.0,2,0
19420.5,112000.0,1,140000.0,1,1
19422.0,160000.0,1,200000.0,1,1
19423.5,104000.0,2,130000.0,2,1
19425.0,144000.0,2,180000.0,2,0
19426.5,40000.0,2,50000.0,2,0
19428.0,64000.0,2,80000.0,2,0
19429.5,32000.0,2,40000.0,2,0
19431.0,168000.0,2,210000.0,2,0
19432.5,120000.0,2,150000.0,2,0
19434.0,224000.0,2,280000.0,2,1
19435.5,80000.0,1,100000.0,1,0
19437.0,80000.0,1,100000.0,1,1
19438.5,40000.0,1,50000.0,1,1
19440.0,120000.0,2,150000.0,2,0
19441.5,16000.0,1,20000.0,1,0
19443.0,216000.0,2,270000.0,2,0
19444.5,16000.0,2,20000.0,2,1
19446.0,40000.0,2,50000.0,2,1
19447.5,200000.0,1,250000.0,1,0
19449.0,64000.0,2,80000.0,2,0
19450.5,320000.0,1,400000.0,1,1
19452.0,40000.0,1,50000.0,1,0
19453.5,40000.0,2,50000.0,2,0
19455.0,40000.0,2,50000.0,2,0
19456.5,224000.0,2,280000.0,2,0
19458.0,192000.0,2,240000.0,2,1
19459.5,24000.0,2,30000.0,2,1
19461.0,200000.0,1,250000.0,1,0
19462.5,120000.0,2,150000.0,2,0
19464.0,48000.0,2,60000.0,2,0
19465.5,40000.0,1,50000.0,1,0
19467.0,128000.0,1,160000.0,1,0
19468.5,80000.0,1,100000.0,1,0
19470.0,56000.0,1,70000.0,1,0
19471.5,160000.0,2,200000.0,2,0
19473.0,400000.0,2,500000.0,2,0
19474.5,144000.0,2,180000.0,2,0
19476.0,24000.0,1,30000.0,1,0
19477.5,288000.0,1,360000.0,1,0
19479.0,120000.0,1,150000.0,1,0
19480.5,64000.0,1,80000.0,1,1
19482.0,120000.0,2,150000.0,2,0
19483.5,184000.0,1,230000.0,1,0
19485.0,80000.0,2,100000.0,2,0
19486.5,48000.0,2,60000.0,2,1
19488.0,40000.0,1,50000.0,1,0
19489.5,16000.0,1,20000.0,1,1
19491.0,232000.0,2,290000.0,2,0
19492.5,88000.0,1,110000.0,1,0
19494.0,40000.0,2,50000.0,2,0
19495.5,184000.0,2,230000.0,2,1
19497.0,40000.0,1,50000.0,1,1
19498.5,120000.0,2,150000.0,2,0
19500.0,16000.0,1,20000.0,1,1
19501.5,72000.0,2,90000.0,2,1
19503.0,48000.0,2,60000.0,2,0
19504.5,64000.0,1,80000.0,1,0
19506.0,224000.0,1,280000.0,1,0
19507.5,184000.0,2,230000.0,2,0
19509.0,80000.0,2,100000.0,2,0
19510.5,64000.0,2,80000.0,2,0
19512.0,48000.0,2,60000.0,2,0
19513.5,56000.0,1,70000.0,1,0
19515.0,88000.0,2,110000.0,2,0
19516.5,48000.0,1,60000.0,1,0
19518.0,88000.0,1,110000.0,1,0
19519.5,96000.0,1,120000.0,1,0
19521.0,224000.0,2,280000.0,2,0
19522.5,40000.0,2,50000.0,2,0
19524.0,16000.0,2,20000.0,2,0
19525.5,192000.0,2,240000.0,2,0
19527.0,40000.0,1,50000.0,1,0
19528.5,160000.0,2,200000.0,2,0
19530.0,256000.0,1,320000.0,1,0
19531.5,16000.0,1,20000.0,1,1
19533.0,40000.0,1,50000.0,1,1
19534.5,144000.0,1,180000.0,1,1
19536.0,64000.0,1,80000.0,1,0
19537.5,192000.0,2,240000.0,2,1
19539.0,208000.0,2,260000.0,2,0
19540.5,64000.0,2,80000.0,2,0
19542.0,64000.0,1,80000.0,1,1
19543.5,80000.0,1,100000.0,1,0
19545.0,16000.0,1,20000.0,1,1
19546.5,104000.0,2,130000.0,2,0
19548.0,96000.0,2,120000.0,2,0
19549.5,72000.0,2,90000.0,2,0
19551.0,144000.0,2,180000.0,2,0
19552.5,64000.0,2,80000.0,2,0
19554.0,104000.0,1,130000.0,1,1
19555.5,184000.0,2,230000.0,2,0
19557.0,104000.0,2,130000.0,2,1
19558.5,152000.0,1,190000.0,1,0
19560.0,168000.0,2,210000.0,2,0
19561.5,16000.0,2,20000.0,2,0
19563.0,16000.0,1,20000.0,1,0
19564.5,224000.0,2,280000.0,2,0
19566.0,400000.0,2,500000.0,2,0
19567.5,184000.0,1,230000.0,1,1
19569.0,104000.0,1,130000.0,1,1
19570.5,528000.0,1,660000.0,1,0
19572.0,280000.0,2,350000.0,2,0
19573.5,32000.0,1,40000.0,1,1
19575.0,40000.0,2,50000.0,2,1
19576.5,16000.0,1,20000.0,1,1
19578.0,64000.0,2,80000.0,2,0
19579.5,40000.0,2,50000.0,2,0
19581.0,232000.0,1,290000.0,1,0
19582.5,64000.0,2,80000.0,2,0
19584.0,184000.0,1,230000.0,1,0
19585.5,24000.0,2,30000.0,2,0
19587.0,160000.0,2,200000.0,2,0
19588.5,40000.0,2,50000.0,2,1
19590.0,40000.0,1,50000.0,1,0
19591.5,160000.0,2,200000.0,2,0
19593.0,16000.0,1,20000.0,1,0
19594.5,40000.0,2,50000.0,2,0
19596.0,72000.0,1,90000.0,1,1
19597.5,24000.0,2,30000.0,2,0
19599.0,64000.0,2,80000.0,2,0
19600.5,16000.0,1,20000.0,1,0
19602.0,40000.0,2,50000.0,2,0
19603.5,80000.0,1,100000.0,1,0
19605.0,168000.0,2,210000.0,2,0
19606.5,400000.0,2,500000.0,2,0
19608.0,24000.0,1,30000.0,1,1
19609.5,128000.0,2,160000.0,2,1
19611.0,144000.0,2,180000.0,2,0
19612.5,392000.0,2,490000.0,2,0
19614.0,40000.0,1,50000.0,1,0
19615.5,104000.0,1,130000.0,1,0
19617.0,40000.0,2,50000.0,2,1
19618.5,160000.0,2,200000.0,2,0
19620.0,40000.0,2,50000.0,2,1
19621.5,144000.0,2,180000.0,2,0
19623.0,400000.0,2,500000.0,2,1
19624.5,168000.0,2,210000.0,2,1
19626.0,16000.0,1,20000.0,1,1
19627.5,152000.0,2,190000.0,2,0
19629.0,112000.0,1,140000.0,1,0
19630.5,16000.0,1,20000.0,1,1
19632.0,336000.0,2,420000.0,2,0
19633.5,144000.0,2,180000.0,2,0
19635.0,232000.0,1,290000.0,1,0
19636.5,152000.0,2,190000.0,2,0
19638.0,288000.0,1,360000.0,1,0
19639.5,16000.0,1,20000.0,1,1
19641.0,208000.0,2,260000.0,2,0
19642.5,16000.0,1,20000.0,1,0
19644.0,40000.0,1,50000.0,1,0
19645.5,200000.0,1,250000.0,1,0
19647.0,24000.0,2,30000.0,2,0
19648.5,368000.0,1,460000.0,1,0
19650.0,64000.0,1,80000.0,1,0
19651.5,48000.0,2,60000.0,2,0
19653.0,64000.0,2,80000.0,2,0
19654.5,72000.0,2,90000.0,2,1
19656.0,40000.0,2,50000.0,2,0
19657.5,40000.0,1,50000.0,1,0
19659.0,288000.0,2,360000.0,2,1
19660.5,288000.0,2,360000.0,2,0
19662.0,184000.0,2,230000.0,2,0
19663.5,192000.0,2,240000.0,2,0
19665.0,88000.0,2,110000.0,2,0
19666.5,168000.0,2,210000.0,2,1
19668.0,240000.0,2,300000.0,2,0
19669.5,160000.0,1,200000.0,1,0
19671.0,176000.0,1,220000.0,1,0
19672.5,72000.0,2,90000.0,2,0
19674.0,168000.0,2,210000.0,2,0
19675.5,400000.0,1,500000.0,1,0
19677.0,128000.0,2,160000.0,2,0
19678.5,112000.0,2,140000.0,2,0
19680.0,96000.0,2,120000.0,2,0
19681.5,64000.0,1,80000.0,1,0
19683.0,192000.0,2,240000.0,2,0
19684.5,136000.0,2,170000.0,2,0
19686.0,24000.0,1,30000.0,1,0
19687.5,208000.0,2,260000.0,2,0
19689.0,320000.0,1,400000.0,1,0
19690.5,400000.0,2,500000.0,2,0
19692.0,80000.0,2,100000.0,2,1
19693.5,192000.0,1,240000.0,1,0
19695.0,8000.0,1,10000.0,1,0
19696.5,64000.0,2,80000.0,2,0
19698.0,48000.0,1,60000.0,1,0
19699.5,160000.0,2,200000.0,2,0
19701.0,208000.0,2,260000.0,2,1
19702.5,208000.0,2,260000.0,2,1
19704.0,208000.0,1,260000.0,1,0
19705.5,240000.0,1,300000.0,1,0
19707.0,248000.0,2,310000.0,2,0
19708.5,112000.0,2,140000.0,2,0
19710.0,160000.0,2,200000.0,2,1
19711.5,184000.0,1,230000.0,1,0
19713.0,40000.0,1,50000.0,1,0
19714.5,144000.0,2,180000.0,2,0
19716.0,80000.0,1,100000.0,1,0
19717.5,64000.0,2,80000.0,2,1
19719.0,280000.0,2,350000.0,2,0
19720.5,112000.0,2,140000.0,2,1
19722.0,288000.0,2,360000.0,2,0
19723.5,8000.0,1,10000.0,1,0
19725.0,104000.0,2,130000.0,2,0
19726.5,256000.0,1,320000.0,1,0
19728.0,144000.0,2,180000.0,2,1
19729.5,144000.0,2,180000.0,2,0
19731.0,120000.0,2,150000.0,2,1
19732.5,64000.0,1,80000.0,1,0
19734.0,56000.0,1,70000.0,1,0
19735.5,120000.0,1,150000.0,1,0
19737.0,384000.0,2,480000.0,2,0
19738.5,40000.0,2,50000.0,2,0
19740.0,80000.0,2,100000.0,2,1
19741.5,40000.0,2,50000.0,2,0
19743.0,224000.0,1,280000.0,1,0
19744.5,16000.0,2,20000.0,2,0
19746.0,24000.0,1,30000.0,1,1
19747.5,56000.0,2,70000.0,2,0
19749.0,24000.0,1,30000.0,1,0
19750.5,160000.0,2,200000.0,2,0
19752.0,168000.0,1,210000.0,1,0
19753.5,168000.0,2,210000.0,2,0
19755.0,376000.0,1,470000.0,1,0
19756.5,40000.0,1,50000.0,1,0
19758.0,192000.0,2,240000.0,2,0
19759.5,48000.0,1,60000.0,1,1
19761.0,80000.0,2,100000.0,2,0
19762.5,160000.0,2,200000.0,2,0
19764.0,104000.0,1,130000.0,1,0
19765.5,40000.0,1,50000.0,1,0
19767.0,240000.0,2,300000.0,2,1
19768.5,168000.0,1,210000.0,1,0
19770.0,56000.0,1,70000.0,1,0
19771.5,80000.0,2,100000.0,2,0
19773.0,24000.0,2,30000.0,2,0
19774.5,160000.0,1,200000.0,1,0
19776.0,288000.0,1,360000.0,1,0
19777.5,16000.0,1,20000.0,1,1
19779.0,120000.0,2,150000.0,2,1
19780.5,600000.0,2,750000.0,2,0
19782.0,80000.0,1,100000.0,1,0
19783.5,240000.0,1,300000.0,1,1
19785.0,72000.0,2,90000.0,2,0
19786.5,40000.0,1,50000.0,1,0
19788.0,96000.0,2,120000.0,2,0
19789.5,96000.0,2,120000.0,2,0
19791.0,24000.0,1,30000.0,1,1
19792.5,176000.0,1,220000.0,1,0
19794.0,144000.0,2,180000.0,2,1
19795.5,16000.0,1,20000.0,1,1
19797.0,112000.0,2,140000.0,2,0
19798.5,320000.0,2,400000.0,2,0
19800.0,144000.0,2,180000.0,2,0
19801.5,272000.0,2,340000.0,2,0
19803.0,200000.0,1,250000.0,1,0
19804.5,40000.0,2,50000.0,2,0
19806.0,176000.0,2,220000.0,2,0
19807.5,320000.0,1,400000.0,1,0
19809.0,256000.0,2,320000.0,2,0
19810.5,208000.0,2,260000.0,2,0
19812.0,280000.0,1,350000.0,1,0
19813.5,24000.0,1,30000.0,1,0
19815.0,8000.0,1,10000.0,1,1
19816.5,40000.0,2,50000.0,2,0
19818.0,24000.0,2,30000.0,2,0
19819.5,280000.0,1,350000.0,1,0
19821.0,328000.0,1,410000.0,1,0
19822.5,104000.0,2,130000.0,2,0
19824.0,64000.0,2,80000.0,2,0
19825.5,304000.0,2,380000.0,2,0
19827.0,256000.0,2,320000.0,2,0
19828.5,16000.0,1,20000.0,1,1
19830.0,40000.0,1,50000.0,1,0
19831.5,24000.0,1,30000.0,1,0
19833.0,40000.0,1,50000.0,1,0
19834.5,40000.0,1,50000.0,1,0
19836.0,40000.0,1,50000.0,1,0
19837.5,160000.0,1,200000.0,1,0
19839.0,64000.0,1,80000.0,1,0
19840.5,16000.0,2,20000.0,2,0
19842.0,144000.0,2,180000.0,2,0
19843.5,184000.0,2,230000.0,2,0
19845.0,144000.0,2,180000.0,2,0
19846.5,72000.0,2,90000.0,2,1
19848.0,16000.0,1,20000.0,1,1
19849.5,80000.0,1,100000.0,1,1
19851.0,48000.0,1,60000.0,1,0
19852.5,104000.0,2,130000.0,2,1
19854.0,40000.0,2,50000.0,2,1
19855.5,56000.0,2,70000.0,2,0
19857.0,288000.0,2,360000.0,2,0
19858.5,16000.0,1,20000.0,1,1
19860.0,16000.0,1,20000.0,1,1
19861.5,352000.0,2,440000.0,2,0
19863.0,320000.0,1,400000.0,1,0
19864.5,136000.0,2,170000.0,2,0
19866.0,160000.0,1,200000.0,1,0
19867.5,176000.0,2,220000.0,2,0
19869.0,224000.0,2,280000.0,2,0
19870.5,288000.0,1,360000.0,1,0
19872.0,16000.0,1,20000.0,1,0
19873.5,232000.0,2,290000.0,2,0
19875.0,304000.0,2,380000.0,2,0
19876.5,144000.0,1,180000.0,1,0
19878.0,96000.0,2,120000.0,2,0
19879.5,40000.0,2,50000.0,2,0
19881.0,16000.0,1,20000.0,1,1
19882.5,16000.0,1,20000.0,1,0
19884.0,136000.0,2,170000.0,2,0
19885.5,144000.0,2,180000.0,2,0
19887.0,160000.0,1,200000.0,1,0
19888.5,160000.0,1,200000.0,1,1
19890.0,288000.0,2,360000.0,2,1
19891.5,8000.0,2,10000.0,2,0
19893.0,48000.0,2,60000.0,2,0
19894.5,32000.0,2,40000.0,2,1
19896.0,80000.0,1,100000.0,1,0
19897.5,40000.0,2,50000.0,2,0
19899.0,240000.0,1,300000.0,1,0
19900.5,88000.0,1,110000.0,1,1
19902.0,96000.0,1,120000.0,1,0
19903.5,120000.0,1,150000.0,1,0
19905.0,184000.0,2,230000.0,2,0
19906.5,144000.0,2,180000.0,2,0
19908.0,256000.0,2,320000.0,2,0
19909.5,64000.0,2,80000.0,2,0
19911.0,128000.0,2,160000.0,2,0
19912.5,40000.0,2,50000.0,2,1
19914.0,144000.0,1,180000.0,1,0
19915.5,88000.0,1,110000.0,1,0
19917.0,120000.0,1,150000.0,1,0
19918.5,168000.0,2,210000.0,2,0
19920.0,8000.0,1,10000.0,1,1
19921.5,24000.0,2,30000.0,2,0
19923.0,360000.0,2,450000.0,2,1
19924.5,88000.0,2,110000.0,2,0
19926.0,216000.0,2,270000.0,2,0
19927.5,40000.0,2,50000.0,2,0
19929.0,80000.0,2,100000.0,2,0
19930.5,288000.0,2,360000.0,2,0
19932.0,88000.0,2,110000.0,2,1
19933.5,144000.0,2,180000.0,2,0
19935.0,184000.0,2,230000.0,2,0
19936.5,16000.0,2,20000.0,2,0
19938.0,40000.0,2,50000.0,2,1
19939.5,8000.0,1,10000.0,1,0
19941.0,256000.0,1,320000.0,1,0
19942.5,224000.0,2,280000.0,2,0
19944.0,16000.0,1,20000.0,1,0
19945.5,56000.0,1,70000.0,1,0
19947.0,64000.0,2,80000.0,2,0
19948.5,160000.0,2,200000.0,2,0
19950.0,24000.0,1,30000.0,1,0
19951.5,80000.0,2,100000.0,2,1
19953.0,88000.0,1,110000.0,1,0
19954.5,240000.0,2,300000.0,2,0
19956.0,240000.0,2,300000.0,2,0
19957.5,272000.0,2,340000.0,2,0
19959.0,216000.0,1,270000.0,1,1
19960.5,80000.0,1,100000.0,1,0
19962.0,40000.0,1,50000.0,1,0
19963.5,288000.0,2,360000.0,2,0
19965.0,72000.0,2,90000.0,2,0
19966.5,112000.0,1,140000.0,1,0
19968.0,120000.0,2,150000.0,2,0
19969.5,40000.0,1,50000.0,1,0
19971.0,24000.0,2,30000.0,2,1
19972.5,184000.0,2,230000.0,2,0
19974.0,192000.0,2,240000.0,2,1
19975.5,160000.0,2,200000.0,2,0
19977.0,264000.0,1,330000.0,1,0
19978.5,88000.0,1,110000.0,1,0
19980.0,160000.0,2,200000.0,2,0
19981.5,40000.0,2,50000.0,2,0
19983.0,56000.0,2,70000.0,2,0
19984.5,288000.0,2,360000.0,2,1
19986.0,40000.0,2,50000.0,2,1
19987.5,64000.0,2,80000.0,2,0
19989.0,160000.0,2,200000.0,2,0
19990.5,40000.0,1,50000.0,1,1
19992.0,24000.0,1,30000.0,1,0
19993.5,312000.0,2,390000.0,2,1
19995.0,304000.0,2,380000.0,2,1
19996.5,16000.0,2,20000.0,2,1
19998.0,64000.0,2,80000.0,2,1
19999.5,40000.0,2,50000.0,2,0
20001.0,40000.0,2,50000.0,2,0
20002.5,160000.0,1,200000.0,1,0
20004.0,80000.0,1,100000.0,1,1
20005.5,144000.0,1,180000.0,1,0
20007.0,96000.0,2,120000.0,2,0
20008.5,312000.0,2,390000.0,2,0
20010.0,200000.0,2,250000.0,2,0
20011.5,280000.0,1,350000.0,1,1
20013.0,56000.0,2,70000.0,2,0
20014.5,168000.0,2,210000.0,2,0
20016.0,144000.0,1,180000.0,1,0
20017.5,64000.0,1,80000.0,1,1
20019.0,96000.0,2,120000.0,2,0
20020.5,168000.0,2,210000.0,2,1
20022.0,16000.0,1,20000.0,1,0
20023.5,120000.0,2,150000.0,2,1
20025.0,312000.0,1,390000.0,1,0
20026.5,248000.0,2,310000.0,2,0
20028.0,184000.0,2,230000.0,2,0
20029.5,72000.0,2,90000.0,2,0
20031.0,112000.0,1,140000.0,1,0
20032.5,120000.0,2,150000.0,2,0
20034.0,104000.0,1,130000.0,1,0
20035.5,168000.0,2,210000.0,2,0
20037.0,80000.0,2,100000.0,2,0
20038.5,120000.0,1,150000.0,1,0
20040.0,160000.0,2,200000.0,2,0
20041.5,64000.0,2,80000.0,2,0
20043.0,184000.0,1,230000.0,1,0
20044.5,40000.0,1,50000.0,1,0
20046.0,208000.0,2,260000.0,2,0
20047.5,88000.0,1,110000.0,1,0
20049.0,16000.0,1,20000.0,1,0
20050.5,288000.0,2,360000.0,2,0
20052.0,128000.0,1,160000.0,1,0
20053.5,8000.0,1,10000.0,1,0
20055.0,120000.0,1,150000.0,1,1
20056.5,400000.0,1,500000.0,1,1
20058.0,400000.0,1,500000.0,1,0
20059.5,288000.0,2,360000.0,2,0
20061.0,40000.0,2,50000.0,2,0
20062.5,216000.0,2,270000.0,2,0
20064.0,8000.0,2,10000.0,2,0
20065.5,24000.0,2,30000.0,2,0
20067.0,64000.0,2,80000.0,2,0
20068.5,288000.0,2,360000.0,2,0
20070.0,96000.0,2,120000.0,2,0
20071.5,320000.0,2,400000.0,2,1
20073.0,400000.0,2,500000.0,2,0
20074.5,112000.0,1,140000.0,1,0
20076.0,88000.0,1,110000.0,1,0
20077.5,24000.0,1,30000.0,1,0
20079.0,112000.0,2,140000.0,2,0
20080.5,120000.0,2,150000.0,2,0
20082.0,224000.0,1,280000.0,1,1
20083.5,16000.0,1,20000.0,1,0
20085.0,272000.0,2,340000.0,2,0
20086.5,48000.0,1,60000.0,1,1
20088.0,16000.0,1,20000.0,1,0
20089.5,40000.0,2,50000.0,2,0
20091.0,160000.0,2,200000.0,2,0
20092.5,144000.0,2,180000.0,2,0
20094.0,192000.0,2,240000.0,2,0
20095.5,288000.0,1,360000.0,1,0
20097.0,40000.0,2,50000.0,2,0
20098.5,80000.0,1,100000.0,1,0
20100.0,64000.0,2,80000.0,2,1
20101.5,40000.0,2,50000.0,2,1
20103.0,336000.0,2,420000.0,2,1
20104.5,152000.0,2,190000.0,2,0
20106.0,144000.0,2,180000.0,2,0
20107.5,32000.0,2,40000.0,2,1
20109.0,40000.0,1,50000.0,1,1
20110.5,8000.0,1,10000.0,1,1
20112.0,160000.0,2,200000.0,2,0
20113.5,96000.0,1,120000.0,1,0
20115.0,80000.0,2,100000.0,2,0
20116.5,80000.0,2,100000.0,2,0
20118.0,288000.0,1,360000.0,1,0
20119.5,80000.0,2,100000.0,2,1
20121.0,232000.0,2,290000.0,2,1
20122.5,192000.0,1,240000.0,1,0
20124.0,232000.0,2,290000.0,2,0
20125.5,400000.0,2,500000.0,2,0
20127.0,40000.0,1,50000.0,1,1
20128.5,176000.0,2,220000.0,2,0
20130.0,16000.0,1,20000.0,1,1
20131.5,336000.0,2,420000.0,2,0
20133.0,80000.0,2,100000.0,2,0
20134.5,184000.0,2,230000.0,2,1
20136.0,40000.0,2,50000.0,2,1
20137.5,56000.0,1,70000.0,1,0
20139.0,144000.0,1,180000.0,1,0
20140.5,72000.0,1,90000.0,1,0
20142.0,40000.0,1,50000.0,1,0
20143.5,40000.0,2,50000.0,2,0
20145.0,48000.0,2,60000.0,2,0
20146.5,40000.0,2,50000.0,2,1
20148.0,240000.0,2,300000.0,2,0
20149.5,24000.0,2,30000.0,2,1
20151.0,8000.0,1,10000.0,1,0
20152.5,56000.0,1,70000.0,1,0
20154.0,128000.0,1,160000.0,1,0
20155.5,208000.0,1,260000.0,1,0
20157.0,288000.0,1,360000.0,1,0
20158.5,48000.0,2,60000.0,2,0
20160.0,144000.0,2,180000.0,2,0
20161.5,32000.0,2,40000.0,2,1
20163.0,128000.0,1,160000.0,1,0
20164.5,488000.0,2,610000.0,2,0
20166.0,40000.0,2,50000.0,2,0
20167.5,256000.0,1,320000.0,1,1
20169.0,120000.0,1,150000.0,1,0
20170.5,136000.0,1,170000.0,1,0
20172.0,400000.0,1,500000.0,1,0
20173.5,160000.0,1,200000.0,1,0
20175.0,232000.0,2,290000.0,2,0
20176.5,32000.0,2,40000.0,2,0
20178.0,240000.0,2,300000.0,2,0
20179.5,40000.0,1,50000.0,1,1
20181.0,16000.0,1,20000.0,1,0
20182.5,24000.0,2,30000.0,2,0
20184.0,112000.0,1,140000.0,1,0
20185.5,64000.0,1,80000.0,1,0
20187.0,208000.0,2,260000.0,2,0
20188.5,104000.0,2,130000.0,2,1
20190.0,304000.0,2,380000.0,2,0
20191.5,160000.0,1,200000.0,1,0
20193.0,40000.0,2,50000.0,2,0
20194.5,40000.0,1,50000.0,1,0
20196.0,72000.0,2,90000.0,2,0
20197.5,16000.0,1,20000.0,1,1
20199.0,112000.0,2,140000.0,2,0
20200.5,24000.0,1,30000.0,1,0
20202.0,184000.0,1,230000.0,1,0
20203.5,80000.0,1,100000.0,1,1
20205.0,192000.0,2,240000.0,2,0
20206.5,160000.0,1,200000.0,1,1
20208.0,64000.0,1,80000.0,1,0
20209.5,288000.0,1,360000.0,1,0
20211.0,120000.0,1,150000.0,1,0
20212.5,104000.0,1,130000.0,1,0
20214.0,24000.0,2,30000.0,2,0
20215.5,200000.0,1,250000.0,1,0
20217.0,400000.0,1,500000.0,1,1
20218.5,24000.0,1,30000.0,1,1
20220.0,312000.0,1,390000.0,1,1
20221.5,312000.0,2,390000.0,2,0
20223.0,288000.0,1,360000.0,1,0
20224.5,72000.0,2,90000.0,2,0
20226.0,80000.0,2,100000.0,2,0
20227.5,24000.0,1,30000.0,1,0
20229.0,128000.0,1,160000.0,1,0
20230.5,16000.0,1,20000.0,1,0
20232.0,192000.0,2,240000.0,2,0
20233.5,64000.0,1,80000.0,1,1
20235.0,24000.0,2,30000.0,2,0
20236.5,120000.0,1,150000.0,1,0
20238.0,128000.0,2,160000.0,2,0
20239.5,16000.0,2,20000.0,2,0
20241.0,184000.0,1,230000.0,1,0
20242.5,80000.0,2,100000.0,2,0
20244.0,336000.0,1,420000.0,1,0
20245.5,384000.0,2,480000.0,2,0
20247.0,8000.0,1,10000.0,1,1
20248.5,144000.0,2,180000.0,2,1
20250.0,160000.0,1,200000.0,1,0
20251.5,112000.0,1,140000.0,1,1
20253.0,16000.0,2,20000.0,2,0
20254.5,64000.0,2,80000.0,2,0
20256.0,8000.0,2,10000.0,2,1
20257.5,40000.0,1,50000.0,1,1
20259.0,272000.0,1,340000.0,1,0
20260.5,264000.0,2,330000.0,2,0
20262.0,184000.0,2,230000.0,2,0
20263.5,288000.0,1,360000.0,1,0
20265.0,24000.0,2,30000.0,2,0
20266.5,400000.0,1,500000.0,1,1
20268.0,160000.0,1,200000.0,1,0
20269.5,40000.0,2,50000.0,2,1
20271.0,192000.0,2,240000.0,2,1
20272.5,232000.0,2,290000.0,2,0
20274.0,16000.0,2,20000.0,2,1
20275.5,48000.0,2,60000.0,2,0
20277.0,128000.0,1,160000.0,1,0
20278.5,160000.0,2,200000.0,2,0
20280.0,56000.0,2,70000.0,2,0
20281.5,112000.0,1,140000.0,1,0
20283.0,368000.0,1,460000.0,1,0
20284.5,128000.0,2,160000.0,2,0
20286.0,160000.0,2,200000.0,2,0
20287.5,64000.0,2,80000.0,2,0
20289.0,248000.0,2,310000.0,2,0
20290.5,232000.0,2,290000.0,2,1
20292.0,96000.0,1,120000.0,1,0
20293.5,16000.0,1,20000.0,1,0
20295.0,72000.0,1,90000.0,1,0
20296.5,48000.0,1,60000.0,1,0
20298.0,208000.0,1,260000.0,1,1
20299.5,144000.0,2,180000.0,2,0
20301.0,40000.0,1,50000.0,1,0
20302.5,40000.0,1,50000.0,1,0
20304.0,40000.0,1,50000.0,1,0
20305.5,160000.0,2,200000.0,2,0
20307.0,136000.0,1,170000.0,1,0
20308.5,40000.0,2,50000.0,2,0
20310.0,352000.0,1,440000.0,1,1
20311.5,80000.0,1,100000.0,1,0
20313.0,40000.0,1,50000.0,1,1
20314.5,176000.0,1,220000.0,1,0
20316.0,120000.0,2,150000.0,2,0
20317.5,16000.0,1,20000.0,1,0
20319.0,128000.0,2,160000.0,2,0
20320.5,40000.0,1,50000.0,1,0
20322.0,104000.0,2,130000.0,2,0
20323.5,16000.0,1,20000.0,1,1
20325.0,160000.0,2,200000.0,2,0
20326.5,16000.0,2,20000.0,2,0
20328.0,240000.0,2,300000.0,2,0
20329.5,96000.0,2,120000.0,2,1
20331.0,288000.0,2,360000.0,2,0
20332.5,112000.0,1,140000.0,1,0
20334.0,168000.0,2,210000.0,2,1
20335.5,160000.0,1,200000.0,1,0
20337.0,104000.0,2,130000.0,2,1
20338.5,192000.0,2,240000.0,2,1
20340.0,64000.0,1,80000.0,1,0
20341.5,400000.0,2,500000.0,2,1
20343.0,256000.0,1,320000.0,1,1
20344.5,168000.0,2,210000.0,2,0
20346.0,160000.0,2,200000.0,2,1
20347.5,40000.0,1,50000.0,1,0
20349.0,272000.0,2,340000.0,2,0
20350.5,192000.0,1,240000.0,1,0
20352.0,192000.0,2,240000.0,2,0
20353.5,40000.0,1,50000.0,1,0
20355.0,40000.0,1,50000.0,1,0
20356.5,16000.0,2,20000.0,2,1
20358.0,408000.0,1,510000.0,1,0
20359.5,176000.0,2,220000.0,2,0
20361.0,176000.0,2,220000.0,2,0
20362.5,48000.0,1,60000.0,1,0
20364.0,32000.0,2,40000.0,2,1
20365.5,40000.0,1,50000.0,1,0
20367.0,288000.0,2,360000.0,2,1
20368.5,96000.0,1,120000.0,1,1
20370.0,16000.0,1,20000.0,1,0
20371.5,24000.0,1,30000.0,1,0
20373.0,88000.0,2,110000.0,2,0
20374.5,136000.0,2,170000.0,2,0
20376.0,144000.0,1,180000.0,1,0
20377.5,40000.0,2,50000.0,2,0
20379.0,144000.0,2,180000.0,2,0
20380.5,64000.0,2,80000.0,2,0
20382.0,16000.0,2,20000.0,2,0
20383.5,24000.0,2,30000.0,2,0
20385.0,64000.0,1,80000.0,1,0
20386.5,160000.0,1,200000.0,1,0
20388.0,96000.0,2,120000.0,2,0
20389.5,128000.0,2,160000.0,2,0
20391.0,400000.0,2,500000.0,2,0
20392.5,40000.0,2,50000.0,2,0
20394.0,40000.0,2,50000.0,2,0
20395.5,160000.0,1,200000.0,1,0
20397.0,24000.0,1,30000.0,1,1
20398.5,152000.0,2,190000.0,2,0
20400.0,96000.0,2,120000.0,2,0
20401.5,24000.0,2,30000.0,2,0
20403.0,24000.0,2,30000.0,2,0
20404.5,248000.0,1,310000.0,1,0
20406.0,24000.0,2,30000.0,2,1
20407.5,352000.0,1,440000.0,1,1
20409.0,40000.0,2,50000.0,2,1
20410.5,56000.0,1,70000.0,1,0
20412.0,208000.0,2,260000.0,2,0
20413.5,256000.0,1,320000.0,1,0
20415.0,168000.0,2,210000.0,2,0
20416.5,224000.0,2,280000.0,2,0
20418.0,112000.0,1,140000.0,1,0
20419.5,16000.0,2,20000.0,2,0
20421.0,272000.0,1,340000.0,1,1
20422.5,56000.0,2,70000.0,2,0
20424.0,96000.0,2,120000.0,2,0
20425.5,48000.0,2,60000.0,2,0
20427.0,24000.0,1,30000.0,1,0
20428.5,24000.0,1,30000.0,1,0
20430.0,64000.0,1,80000.0,1,1
20431.5,40000.0,1,50000.0,1,0
20433.0,80000.0,1,100000.0,1,0
20434.5,48000.0,1,60000.0,1,0
20436.0,8000.0,2,10000.0,2,1
20437.5,224000.0,2,280000.0,2,0
20439.0,200000.0,2,250000.0,2,0
20440.5,32000.0,1,40000.0,1,0
20442.0,24000.0,2,30000.0,2,0
20443.5,40000.0,1,50000.0,1,0
20445.0,56000.0,2,70000.0,2,0
20446.5,104000.0,2,130000.0,2,0
20448.0,48000.0,2,60000.0,2,0
20449.5,160000.0,2,200000.0,2,0
20451.0,80000.0,2,100000.0,2,0
20452.5,152000.0,2,190000.0,2,1
20454.0,16000.0,1,20000.0,1,1
20455.5,184000.0,1,230000.0,1,1
20457.0,72000.0,2,90000.0,2,0
20458.5,192000.0,2,240000.0,2,0
20460.0,16000.0,2,20000.0,2,1
20461.5,16000.0,2,20000.0,2,1
20463.0,40000.0,2,50000.0,2,0
20464.5,184000.0,2,230000.0,2,0
20466.0,344000.0,2,430000.0,2,0
20467.5,40000.0,1,50000.0,1,0
20469.0,184000.0,1,230000.0,1,0
20470.5,192000.0,2,240000.0,2,0
20472.0,96000.0,2,120000.0,2,1
20473.5,224000.0,2,280000.0,2,0
20475.0,400000.0,1,500000.0,1,0
20476.5,208000.0,1,260000.0,1,0
20478.0,112000.0,2,140000.0,2,0
20479.5,248000.0,2,310000.0,2,0
20481.0,40000.0,2,50000.0,2,0
20482.5,40000.0,2,50000.0,2,0
20484.0,24000.0,2,30000.0,2,1
20485.5,160000.0,1,200000.0,1,0
20487.0,64000.0,2,80000.0,2,0
20488.5,248000.0,2,310000.0,2,0
20490.0,176000.0,2,220000.0,2,0
20491.5,64000.0,2,80000.0,2,0
20493.0,400000.0,2,500000.0,2,0
20494.5,80000.0,2,100000.0,2,0
20496.0,160000.0,1,200000.0,1,1
20497.5,16000.0,1,20000.0,1,0
20499.0,16000.0,2,20000.0,2,0
20500.5,64000.0,1,80000.0,1,0
20502.0,88000.0,1,110000.0,1,0
20503.5,80000.0,1,100000.0,1,0
20505.0,320000.0,1,400000.0,1,0
20506.5,256000.0,1,320000.0,1,0
20508.0,144000.0,1,180000.0,1,0
20509.5,144000.0,2,180000.0,2,0
20511.0,24000.0,2,30000.0,2,1
20512.5,24000.0,1,30000.0,1,1
20514.0,192000.0,2,240000.0,2,0
20515.5,80000.0,2,100000.0,2,0
20517.0,72000.0,1,90000.0,1,0
20518.5,16000.0,1,20000.0,1,0
20520.0,48000.0,1,60000.0,1,1
20521.5,72000.0,1,90000.0,1,0
20523.0,64000.0,2,80000.0,2,0
20524.5,400000.0,2,500000.0,2,0
20526.0,344000.0,1,430000.0,1,0
20527.5,104000.0,1,130000.0,1,0
20529.0,400000.0,2,500000.0,2,0
20530.5,280000.0,2,350000.0,2,0
20532.0,256000.0,1,320000.0,1,0
20533.5,128000.0,2,160000.0,2,0
20535.0,88000.0,1,110000.0,1,1
20536.5,48000.0,2,60000.0,2,0
20538.0,208000.0,2,260000.0,2,0
20539.5,40000.0,1,50000.0,1,0
20541.0,216000.0,1,270000.0,1,0
20542.5,168000.0,1,210000.0,1,0
20544.0,16000.0,2,20000.0,2,0
20545.5,24000.0,2,30000.0,2,0
20547.0,400000.0,2,500000.0,2,0
20548.5,288000.0,2,360000.0,2,0
20550.0,72000.0,1,90000.0,1,0
20551.5,8000.0,2,10000.0,2,0
20553.0,160000.0,2,200000.0,2,0
20554.5,48000.0,1,60000.0,1,0
20556.0,64000.0,1,80000.0,1,0
20557.5,400000.0,1,500000.0,1,0
20559.0,40000.0,1,50000.0,1,0
20560.5,40000.0,2,50000.0,2,0
20562.0,160000.0,2,200000.0,2,0
20563.5,376000.0,1,470000.0,1,0
20565.0,144000.0,2,180000.0,2,0
20566.5,192000.0,1,240000.0,1,0
20568.0,160000.0,1,200000.0,1,1
20569.5,16000.0,1,20000.0,1,1
20571.0,64000.0,2,80000.0,2,1
20572.5,24000.0,1,30000.0,1,0
20574.0,160000.0,2,200000.0,2,0
20575.5,80000.0,2,100000.0,2,0
20577.0,56000.0,2,70000.0,2,1
20578.5,112000.0,1,140000.0,1,0
20580.0,24000.0,2,30000.0,2,0
20581.5,80000.0,2,100000.0,2,1
20583.0,48000.0,1,60000.0,1,0
20584.5,40000.0,2,50000.0,2,0
20586.0,96000.0,2,120000.0,2,0
20587.5,40000.0,1,50000.0,1,0
20589.0,240000.0,1,300000.0,1,0
20590.5,288000.0,2,360000.0,2,0
20592.0,32000.0,2,40000.0,2,0
20593.5,152000.0,2,190000.0,2,0
20595.0,24000.0,2,30000.0,2,0
20596.5,224000.0,2,280000.0,2,1
20598.0,24000.0,2,30000.0,2,0
20599.5,400000.0,2,500000.0,2,0
20601.0,208000.0,2,260000.0,2,0
20602.5,48000.0,2,60000.0,2,0
20604.0,56000.0,2,70000.0,2,1
20605.5,24000.0,1,30000.0,1,0
20607.0,240000.0,1,300000.0,1,0
20608.5,24000.0,2,30000.0,2,0
20610.0,32000.0,1,40000.0,1,1
20611.5,64000.0,1,80000.0,1,0
20613.0,40000.0,1,50000.0,1,1
20614.5,72000.0,2,90000.0,2,0
20616.0,208000.0,1,260000.0,1,1
20617.5,80000.0,2,100000.0,2,1
20619.0,224000.0,1,280000.0,1,0
20620.5,64000.0,2,80000.0,2,0
20622.0,120000.0,2,150000.0,2,0
20623.5,72000.0,2,90000.0,2,0
20625.0,104000.0,2,130000.0,2,0
20626.5,168000.0,1,210000.0,1,0
20628.0,336000.0,2,420000.0,2,0
20629.5,400000.0,1,500000.0,1,0
20631.0,144000.0,1,180000.0,1,1
20632.5,120000.0,2,150000.0,2,0
20634.0,352000.0,1,440000.0,1,0
20635.5,40000.0,1,50000.0,1,0
20637.0,112000.0,1,140000.0,1,1
20638.5,120000.0,1,150000.0,1,0
20640.0,120000.0,2,150000.0,2,0
20641.5,384000.0,1,480000.0,1,0
20643.0,80000.0,2,100000.0,2,0
20644.5,248000.0,2,310000.0,2,0
20646.0,224000.0,2,280000.0,2,0
20647.5,48000.0,1,60000.0,1,1
20649.0,128000.0,2,160000.0,2,0
20650.5,72000.0,1,90000.0,1,0
20652.0,40000.0,2,50000.0,2,0
20653.5,160000.0,2,200000.0,2,0
20655.0,192000.0,1,240000.0,1,0
20656.5,160000.0,2,200000.0,2,0
20658.0,80000.0,2,100000.0,2,1
20659.5,40000.0,2,50000.0,2,1
20661.0,192000.0,2,240000.0,2,0
20662.5,240000.0,2,300000.0,2,0
20664.0,280000.0,2,350000.0,2,0
20665.5,40000.0,2,50000.0,2,1
20667.0,40000.0,2,50000.0,2,0
20668.5,24000.0,2,30000.0,2,1
20670.0,40000.0,1,50000.0,1,0
20671.5,16000.0,2,20000.0,2,1
20673.0,216000.0,2,270000.0,2,0
20674.5,304000.0,1,380000.0,1,1
20676.0,8000.0,2,10000.0,2,1
20677.5,64000.0,2,80000.0,2,0
20679.0,192000.0,2,240000.0,2,1
20680.5,224000.0,2,280000.0,2,0
20682.0,128000.0,1,160000.0,1,0
20683.5,144000.0,2,180000.0,2,0
20685.0,40000.0,2,50000.0,2,0
20686.5,40000.0,1,50000.0,1,0
20688.0,16000.0,1,20000.0,1,0
20689.5,16000.0,1,20000.0,1,0
20691.0,112000.0,1,140000.0,1,0
20692.5,288000.0,1,360000.0,1,0
20694.0,144000.0,1,180000.0,1,0
20695.5,312000.0,1,390000.0,1,1
20697.0,24000.0,2,30000.0,2,0
20698.5,168000.0,2,210000.0,2,0
20700.0,16000.0,1,20000.0,1,0
20701.5,360000.0,1,450000.0,1,0
20703.0,40000.0,1,50000.0,1,0
20704.5,40000.0,1,50000.0,1,1
20706.0,16000.0,1,20000.0,1,1
20707.5,160000.0,2,200000.0,2,0
20709.0,184000.0,2,230000.0,2,0
20710.5,40000.0,1,50000.0,1,1
20712.0,40000.0,2,50000.0,2,0
20713.5,40000.0,1,50000.0,1,0
20715.0,16000.0,1,20000.0,1,0
20716.5,32000.0,1,40000.0,1,0
20718.0,80000.0,1,100000.0,1,0
20719.5,120000.0,2,150000.0,2,0
20721.0,192000.0,1,240000.0,1,0
20722.5,288000.0,1,360000.0,1,0
20724.0,104000.0,1,130000.0,1,0
20725.5,40000.0,2,50000.0,2,0
20727.0,128000.0,1,160000.0,1,0
20728.5,272000.0,2,340000.0,2,0
20730.0,16000.0,1,20000.0,1,1
20731.5,48000.0,1,60000.0,1,0
20733.0,176000.0,2,220000.0,2,0
20734.5,224000.0,2,280000.0,2,1
20736.0,48000.0,1,60000.0,1,0
20737.5,184000.0,1,230000.0,1,1
20739.0,96000.0,2,120000.0,2,0
20740.5,192000.0,2,240000.0,2,0
20742.0,336000.0,2,420000.0,2,0
20743.5,184000.0,2,230000.0,2,0
20745.0,24000.0,2,30000.0,2,1
20746.5,168000.0,2,210000.0,2,0
20748.0,200000.0,1,250000.0,1,0
20749.5,56000.0,2,70000.0,2,0
20751.0,16000.0,2,20000.0,2,0
20752.5,104000.0,1,130000.0,1,0
20754.0,368000.0,1,460000.0,1,0
20755.5,136000.0,2,170000.0,2,0
20757.0,160000.0,1,200000.0,1,0
20758.5,56000.0,1,70000.0,1,1
20760.0,160000.0,2,200000.0,2,1
20761.5,16000.0,2,20000.0,2,1
20763.0,160000.0,1,200000.0,1,0
20764.5,200000.0,1,250000.0,1,1
20766.0,40000.0,1,50000.0,1,0
20767.5,24000.0,2,30000.0,2,0
20769.0,40000.0,1,50000.0,1,0
20770.5,72000.0,1,90000.0,1,0
20772.0,288000.0,1,360000.0,1,0
20773.5,232000.0,2,290000.0,2,0
20775.0,136000.0,1,170000.0,1,0
20776.5,232000.0,2,290000.0,2,0
20778.0,24000.0,1,30000.0,1,1
20779.5,200000.0,2,250000.0,2,0
20781.0,168000.0,1,210000.0,1,0
20782.5,288000.0,2,360000.0,2,1
20784.0,96000.0,2,120000.0,2,0
20785.5,136000.0,1,170000.0,1,1
20787.0,16000.0,1,20000.0,1,0
20788.5,64000.0,1,80000.0,1,0
20790.0,160000.0,2,200000.0,2,0
20791.5,120000.0,2,150000.0,2,0
20793.0,88000.0,2,110000.0,2,1
20794.5,144000.0,2,180000.0,2,0
20796.0,416000.0,2,520000.0,2,0
20797.5,16000.0,1,20000.0,1,1
20799.0,144000.0,2,180000.0,2,0
20800.5,24000.0,1,30000.0,1,0
20802.0,304000.0,2,380000.0,2,0
20803.5,128000.0,2,160000.0,2,0
20805.0,176000.0,1,220000.0,1,0
20806.5,200000.0,1,250000.0,1,0
20808.0,264000.0,1,330000.0,1,0
20809.5,40000.0,1,50000.0,1,0
20811.0,272000.0,2,340000.0,2,0
20812.5,144000.0,2,180000.0,2,0
20814.0,24000.0,1,30000.0,1,1
20815.5,8000.0,1,10000.0,1,0
20817.0,96000.0,2,120000.0,2,0
20818.5,200000.0,2,250000.0,2,1
20820.0,160000.0,2,200000.0,2,0
20821.5,400000.0,2,500000.0,2,1
20823.0,72000.0,2,90000.0,2,1
20824.5,64000.0,1,80000.0,1,0
20826.0,592000.0,2,740000.0,2,1
20827.5,240000.0,1,300000.0,1,1
20829.0,168000.0,1,210000.0,1,0
20830.5,184000.0,1,230000.0,1,0
20832.0,216000.0,1,270000.0,1,0
20833.5,216000.0,2,270000.0,2,0
20835.0,144000.0,2,180000.0,2,0
20836.5,224000.0,2,280000.0,2,0
20838.0,40000.0,1,50000.0,1,0
20839.5,16000.0,2,20000.0,2,1
20841.0,136000.0,2,170000.0,2,0
20842.5,240000.0,2,300000.0,2,0
20844.0,16000.0,1,20000.0,1,1
20845.5,88000.0,2,110000.0,2,1
20847.0,64000.0,1,80000.0,1,0
20848.5,64000.0,2,80000.0,2,0
20850.0,48000.0,2,60000.0,2,0
20851.5,24000.0,1,30000.0,1,0
20853.0,32000.0,1,40000.0,1,0
20854.5,144000.0,2,180000.0,2,1
20856.0,232000.0,1,290000.0,1,0
20857.5,40000.0,2,50000.0,2,1
20859.0,120000.0,2,150000.0,2,0
20860.5,40000.0,1,50000.0,1,0
20862.0,16000.0,1,20000.0,1,0
20863.5,144000.0,2,180000.0,2,0
20865.0,288000.0,1,360000.0,1,0
20866.5,72000.0,2,90000.0,2,1
20868.0,360000.0,1,450000.0,1,0
20869.5,112000.0,1,140000.0,1,0
20871.0,320000.0,2,400000.0,2,0
20872.5,40000.0,2,50000.0,2,0
20874.0,336000.0,2,420000.0,2,0
20875.5,312000.0,2,390000.0,2,1
20877.0,160000.0,2,200000.0,2,0
20878.5,104000.0,1,130000.0,1,0
20880.0,288000.0,2,360000.0,2,0
20881.5,232000.0,1,290000.0,1,0
20883.0,96000.0,2,120000.0,2,0
20884.5,32000.0,2,40000.0,2,1
20886.0,400000.0,1,500000.0,1,0
20887.5,120000.0,2,150000.0,2,0
20889.0,192000.0,2,240000.0,2,1
20890.5,64000.0,1,80000.0,1,0
20892.0,176000.0,2,220000.0,2,0
20893.5,88000.0,2,110000.0,2,0
20895.0,176000.0,2,220000.0,2,0
20896.5,80000.0,2,100000.0,2,0
20898.0,56000.0,2,70000.0,2,0
20899.5,40000.0,2,50000.0,2,0
20901.0,160000.0,2,200000.0,2,0
20902.5,176000.0,1,220000.0,1,0
20904.0,160000.0,2,200000.0,2,0
20905.5,280000.0,2,350000.0,2,0
20907.0,64000.0,2,80000.0,2,0
20908.5,40000.0,2,50000.0,2,0
20910.0,160000.0,1,200000.0,1,0
20911.5,48000.0,2,60000.0,2,0
20913.0,40000.0,1,50000.0,1,1
20914.5,288000.0,2,360000.0,2,0
20916.0,24000.0,2,30000.0,2,1
20917.5,72000.0,2,90000.0,2,0
20919.0,160000.0,2,200000.0,2,0
20920.5,80000.0,1,100000.0,1,0
20922.0,160000.0,2,200000.0,2,0
20923.5,240000.0,2,300000.0,2,1
20925.0,8000.0,1,10000.0,1,0
20926.5,320000.0,1,400000.0,1,0
20928.0,104000.0,2,130000.0,2,1
20929.5,144000.0,1,180000.0,1,0
20931.0,296000.0,2,370000.0,2,0
20932.5,48000.0,2,60000.0,2,0
20934.0,168000.0,2,210000.0,2,0
20935.5,56000.0,2,70000.0,2,1
20937.0,16000.0,2,20000.0,2,0
20938.5,160000.0,2,200000.0,2,0
20940.0,104000.0,2,130000.0,2,0
20941.5,96000.0,1,120000.0,1,0
20943.0,264000.0,2,330000.0,2,0
20944.5,24000.0,2,30000.0,2,1
20946.0,384000.0,2,480000.0,2,0
20947.5,80000.0,1,100000.0,1,0
20949.0,216000.0,2,270000.0,2,0
20950.5,32000.0,2,40000.0,2,1
20952.0,144000.0,2,180000.0,2,0
20953.5,192000.0,1,240000.0,1,1
20955.0,168000.0,2,210000.0,2,0
20956.5,40000.0,2,50000.0,2,0
20958.0,184000.0,2,230000.0,2,0
20959.5,40000.0,2,50000.0,2,1
20961.0,200000.0,2,250000.0,2,0
20962.5,96000.0,2,120000.0,2,0
20964.0,128000.0,1,160000.0,1,0
20965.5,168000.0,1,210000.0,1,0
20967.0,208000.0,2,260000.0,2,0
20968.5,248000.0,2,310000.0,2,0
20970.0,40000.0,2,50000.0,2,1
20971.5,288000.0,2,360000.0,2,0
20973.0,40000.0,2,50000.0,2,0
20974.5,192000.0,1,240000.0,1,0
20976.0,400000.0,1,500000.0,1,0
20977.5,120000.0,2,150000.0,2,0
20979.0,128000.0,2,160000.0,2,0
20980.5,328000.0,2,410000.0,2,0
20982.0,40000.0,2,50000.0,2,0
20983.5,40000.0,1,50000.0,1,0
20985.0,136000.0,2,170000.0,2,0
20986.5,80000.0,2,100000.0,2,0
20988.0,184000.0,1,230000.0,1,1
20989.5,16000.0,1,20000.0,1,1
20991.0,136000.0,2,170000.0,2,0
20992.5,128000.0,2,160000.0,2,1
20994.0,320000.0,1,400000.0,1,0
20995.5,272000.0,2,340000.0,2,0
20997.0,72000.0,1,90000.0,1,1
20998.5,112000.0,2,140000.0,2,0
21000.0,224000.0,2,280000.0,2,0
21001.5,144000.0,2,180000.0,2,0
21003.0,400000.0,1,500000.0,1,0
21004.5,288000.0,2,360000.0,2,0
21006.0,40000.0,1,50000.0,1,0
21007.5,176000.0,1,220000.0,1,0
21009.0,400000.0,1,500000.0,1,0
21010.5,80000.0,1,100000.0,1,0
21012.0,16000.0,2,20000.0,2,1
21013.5,64000.0,2,80000.0,2,0
21015.0,128000.0,2,160000.0,2,0
21016.5,192000.0,1,240000.0,1,0
21018.0,360000.0,1,450000.0,1,0
21019.5,40000.0,1,50000.0,1,0
21021.0,120000.0,1,150000.0,1,1
21022.5,232000.0,2,290000.0,2,0
21024.0,40000.0,2,50000.0,2,0
21025.5,64000.0,1,80000.0,1,0
21027.0,40000.0,1,50000.0,1,1
21028.5,40000.0,1,50000.0,1,0
21030.0,400000.0,1,500000.0,1,0
21031.5,400000.0,2,500000.0,2,1
21033.0,160000.0,2,200000.0,2,0
21034.5,24000.0,2,30000.0,2,0
21036.0,64000.0,2,80000.0,2,0
21037.5,40000.0,2,50000.0,2,0
21039.0,40000.0,1,50000.0,1,1
21040.5,224000.0,2,280000.0,2,0
21042.0,208000.0,2,260000.0,2,0
21043.5,24000.0,2,30000.0,2,0
21045.0,168000.0,2,210000.0,2,0
21046.5,40000.0,2,50000.0,2,1
21048.0,16000.0,2,20000.0,2,0
21049.5,248000.0,2,310000.0,2,0
21051.0,80000.0,2,100000.0,2,0
21052.5,144000.0,2,180000.0,2,1
21054.0,80000.0,1,100000.0,1,0
21055.5,16000.0,1,20000.0,1,1
21057.0,192000.0,2,240000.0,2,0
21058.5,160000.0,1,200000.0,1,0
21060.0,24000.0,2,30000.0,2,0
21061.5,400000.0,2,500000.0,2,0
21063.0,184000.0,2,230000.0,2,0
21064.5,88000.0,2,110000.0,2,1
21066.0,184000.0,2,230000.0,2,0
21067.5,64000.0,2,80000.0,2,1
21069.0,160000.0,2,200000.0,2,0
21070.5,64000.0,2,80000.0,2,0
21072.0,136000.0,1,170000.0,1,0
21073.5,96000.0,2,120000.0,2,0
21075.0,80000.0,2,100000.0,2,1
21076.5,168000.0,2,210000.0,2,0
21078.0,240000.0,2,300000.0,2,0
21079.5,56000.0,2,70000.0,2,0
21081.0,24000.0,2,30000.0,2,0
21082.5,24000.0,2,30000.0,2,0
21084.0,64000.0,2,80000.0,2,0
21085.5,144000.0,2,180000.0,2,0
21087.0,288000.0,2,360000.0,2,0
21088.5,40000.0,1,50000.0,1,0
21090.0,136000.0,1,170000.0,1,0
21091.5,184000.0,2,230000.0,2,0
21093.0,400000.0,1,500000.0,1,0
21094.5,24000.0,1,30000.0,1,1
21096.0,96000.0,1,120000.0,1,1
21097.5,160000.0,1,200000.0,1,1
21099.0,48000.0,2,60000.0,2,0
21100.5,112000.0,1,140000.0,1,0
21102.0,40000.0,1,50000.0,1,0
21103.5,72000.0,2,90000.0,2,0
21105.0,120000.0,2,150000.0,2,0
21106.5,200000.0,2,250000.0,2,0
21108.0,80000.0,2,100000.0,2,1
21109.5,256000.0,1,320000.0,1,1
21111.0,40000.0,1,50000.0,1,0
21112.5,72000.0,2,90000.0,2,1
21114.0,200000.0,1,250000.0,1,0
21115.5,96000.0,2,120000.0,2,0
21117.0,112000.0,2,140000.0,2,0
21118.5,264000.0,2,330000.0,2,0
21120.0,400000.0,1,500000.0,1,0
21121.5,24000.0,1,30000.0,1,0
21123.0,64000.0,1,80000.0,1,1
21124.5,256000.0,1,320000.0,1,0
21126.0,480000.0,1,600000.0,1,1
21127.5,160000.0,2,200000.0,2,1
21129.0,192000.0,2,240000.0,2,0
21130.5,24000.0,1,30000.0,1,0
21132.0,16000.0,1,20000.0,1,0
21133.5,104000.0,2,130000.0,2,0
21135.0,152000.0,1,190000.0,1,0
21136.5,376000.0,2,470000.0,2,0
21138.0,40000.0,2,50000.0,2,0
21139.5,200000.0,2,250000.0,2,0
21141.0,400000.0,2,500000.0,2,0
21142.5,400000.0,1,500000.0,1,0
21144.0,48000.0,2,60000.0,2,0
21145.5,16000.0,1,20000.0,1,1
21147.0,40000.0,1,50000.0,1,0
21148.5,16000.0,1,20000.0,1,1
21150.0,112000.0,1,140000.0,1,0
21151.5,64000.0,2,80000.0,2,0
21153.0,88000.0,2,110000.0,2,0
21154.5,288000.0,2,360000.0,2,0
21156.0,40000.0,2,50000.0,2,0
21157.5,304000.0,1,380000.0,1,0
21159.0,40000.0,2,50000.0,2,0
21160.5,240000.0,2,300000.0,2,0
21162.0,288000.0,1,360000.0,1,0
21163.5,48000.0,2,60000.0,2,0
21165.0,24000.0,1,30000.0,1,0
21166.5,96000.0,1,120000.0,1,0
21168.0,40000.0,2,50000.0,2,0
21169.5,120000.0,2,150000.0,2,0
21171.0,40000.0,2,50000.0,2,1
21172.5,40000.0,2,50000.0,2,0
21174.0,40000.0,2,50000.0,2,1
21175.5,440000.0,2,550000.0,2,0
21177.0,152000.0,1,190000.0,1,0
21178.5,248000.0,2,310000.0,2,0
21180.0,88000.0,1,110000.0,1,0
21181.5,128000.0,2,160000.0,2,0
21183.0,160000.0,2,200000.0,2,0
21184.5,240000.0,1,300000.0,1,0
21186.0,120000.0,2,150000.0,2,0
21187.5,72000.0,1,90000.0,1,0
21189.0,168000.0,2,210000.0,2,0
21190.5,288000.0,2,360000.0,2,0
21192.0,120000.0,1,150000.0,1,1
21193.5,80000.0,2,100000.0,2,0
21195.0,144000.0,2,180000.0,2,0
21196.5,216000.0,1,270000.0,1,0
21198.0,48000.0,1,60000.0,1,0
21199.5,176000.0,2,220000.0,2,1
21201.0,160000.0,1,200000.0,1,0
21202.5,96000.0,2,120000.0,2,0
21204.0,400000.0,1,500000.0,1,0
21205.5,40000.0,1,50000.0,1,0
21207.0,24000.0,1,30000.0,1,0
21208.5,40000.0,1,50000.0,1,0
21210.0,16000.0,2,20000.0,2,1
21211.5,192000.0,2,240000.0,2,0
21213.0,24000.0,1,30000.0,1,1
21214.5,56000.0,2,70000.0,2,0
21216.0,40000.0,2,50000.0,2,1
21217.5,400000.0,2,500000.0,2,1
21219.0,136000.0,1,170000.0,1,0
21220.5,16000.0,2,20000.0,2,0
21222.0,80000.0,2,100000.0,2,0
21223.5,16000.0,1,20000.0,1,0
21225.0,168000.0,1,210000.0,1,0
21226.5,40000.0,1,50000.0,1,1
21228.0,16000.0,2,20000.0,2,0
21229.5,152000.0,1,190000.0,1,0
21231.0,16000.0,1,20000.0,1,0
21232.5,176000.0,1,220000.0,1,0
21234.0,16000.0,2,20000.0,2,0
21235.5,112000.0,2,140000.0,2,0
21237.0,16000.0,1,20000.0,1,0
21238.5,168000.0,2,210000.0,2,1
21240.0,176000.0,2,220000.0,2,1
21241.5,96000.0,2,120000.0,2,1
21243.0,40000.0,1,50000.0,1,1
21244.5,184000.0,2,230000.0,2,0
21246.0,16000.0,1,20000.0,1,0
21247.5,168000.0,2,210000.0,2,0
21249.0,168000.0,1,210000.0,1,0
21250.5,8000.0,1,10000.0,1,0
21252.0,80000.0,2,100000.0,2,1
21253.5,24000.0,1,30000.0,1,0
21255.0,240000.0,1,300000.0,1,0
21256.5,112000.0,1,140000.0,1,0
21258.0,40000.0,1,50000.0,1,1
21259.5,160000.0,1,200000.0,1,0
21261.0,208000.0,1,260000.0,1,0
21262.5,200000.0,1,250000.0,1,1
21264.0,400000.0,2,500000.0,2,0
21265.5,48000.0,2,60000.0,2,1
21267.0,288000.0,2,360000.0,2,0
21268.5,72000.0,2,90000.0,2,1
21270.0,120000.0,1,150000.0,1,1
21271.5,104000.0,1,130000.0,1,0
21273.0,96000.0,1,120000.0,1,1
21274.5,128000.0,1,160000.0,1,0
21276.0,400000.0,1,500000.0,1,0
21277.5,104000.0,1,130000.0,1,0
21279.0,288000.0,2,360000.0,2,0
21280.5,96000.0,1,120000.0,1,1
21282.0,192000.0,2,240000.0,2,0
21283.5,40000.0,1,50000.0,1,0
21285.0,24000.0,1,30000.0,1,0
21286.5,40000.0,1,50000.0,1,0
21288.0,64000.0,2,80000.0,2,1
21289.5,184000.0,2,230000.0,2,0
21291.0,40000.0,1,50000.0,1,0
21292.5,272000.0,2,340000.0,2,1
21294.0,136000.0,1,170000.0,1,1
21295.5,360000.0,2,450000.0,2,0
21297.0,280000.0,2,350000.0,2,0
21298.5,40000.0,1,50000.0,1,0
21300.0,168000.0,2,210000.0,2,0
21301.5,232000.0,2,290000.0,2,0
21303.0,144000.0,2,180000.0,2,1
21304.5,184000.0,2,230000.0,2,0
21306.0,112000.0,2,140000.0,2,1
21307.5,24000.0,2,30000.0,2,1
21309.0,112000.0,2,140000.0,2,0
21310.5,40000.0,1,50000.0,1,0
21312.0,64000.0,2,80000.0,2,0
21313.5,96000.0,1,120000.0,1,0
21315.0,320000.0,2,400000.0,2,0
21316.5,56000.0,1,70000.0,1,0
21318.0,152000.0,2,190000.0,2,1
21319.5,48000.0,2,60000.0,2,0
21321.0,16000.0,2,20000.0,2,0
21322.5,24000.0,2,30000.0,2,1
21324.0,360000.0,1,450000.0,1,0
21325.5,56000.0,2,70000.0,2,1
21327.0,128000.0,2,160000.0,2,0
21328.5,112000.0,2,140000.0,2,0
21330.0,104000.0,2,130000.0,2,1
21331.5,56000.0,2,70000.0,2,1
21333.0,8000.0,1,10000.0,1,0
21334.5,24000.0,2,30000.0,2,0
21336.0,16000.0,1,20000.0,1,0
21337.5,288000.0,2,360000.0,2,0
21339.0,40000.0,1,50000.0,1,1
21340.5,16000.0,1,20000.0,1,1
21342.0,88000.0,1,110000.0,1,0
21343.5,120000.0,2,150000.0,2,0
21345.0,112000.0,2,140000.0,2,0
21346.5,56000.0,2,70000.0,2,1
21348.0,64000.0,1,80000.0,1,0
21349.5,64000.0,1,80000.0,1,0
21351.0,40000.0,1,50000.0,1,0
21352.5,80000.0,1,100000.0,1,0
21354.0,104000.0,2,130000.0,2,0
21355.5,320000.0,1,400000.0,1,0
21357.0,400000.0,1,500000.0,1,1
21358.5,360000.0,1,450000.0,1,0
21360.0,64000.0,2,80000.0,2,0
21361.5,400000.0,1,500000.0,1,0
21363.0,168000.0,2,210000.0,2,0
21364.5,352000.0,2,440000.0,2,0
21366.0,224000.0,1,280000.0,1,0
21367.5,8000.0,1,10000.0,1,1
21369.0,168000.0,2,210000.0,2,0
21370.5,80000.0,1,100000.0,1,0
21372.0,168000.0,2,210000.0,2,1
21373.5,400000.0,2,500000.0,2,0
21375.0,120000.0,1,150000.0,1,0
21376.5,312000.0,2,390000.0,2,0
21378.0,80000.0,2,100000.0,2,1
21379.5,240000.0,1,300000.0,1,0
21381.0,64000.0,1,80000.0,1,0
21382.5,40000.0,1,50000.0,1,0
21384.0,160000.0,2,200000.0,2,0
21385.5,304000.0,2,380000.0,2,0
21387.0,72000.0,2,90000.0,2,0
21388.5,40000.0,1,50000.0,1,1
21390.0,24000.0,2,30000.0,2,0
21391.5,240000.0,1,300000.0,1,0
21393.0,16000.0,1,20000.0,1,1
21394.5,40000.0,2,50000.0,2,0
21396.0,40000.0,1,50000.0,1,0
21397.5,56000.0,2,70000.0,2,0
21399.0,184000.0,2,230000.0,2,0
21400.5,232000.0,2,290000.0,2,0
21402.0,192000.0,1,240000.0,1,0
21403.5,264000.0,1,330000.0,1,0
21405.0,240000.0,1,300000.0,1,0
21406.5,128000.0,2,160000.0,2,1
21408.0,288000.0,1,360000.0,1,0
21409.5,48000.0,2,60000.0,2,1
21411.0,160000.0,1,200000.0,1,0
21412.5,176000.0,2,220000.0,2,0
21414.0,400000.0,2,500000.0,2,0
21415.5,8000.0,1,10000.0,1,1
21417.0,16000.0,2,20000.0,2,0
21418.5,40000.0,2,50000.0,2,1
21420.0,176000.0,2,220000.0,2,1
21421.5,112000.0,1,140000.0,1,1
21423.0,64000.0,2,80000.0,2,0
21424.5,56000.0,2,70000.0,2,0
21426.0,312000.0,2,390000.0,2,0
21427.5,8000.0,1,10000.0,1,0
21429.0,232000.0,1,290000.0,1,0
21430.5,224000.0,1,280000.0,1,0
21432.0,200000.0,2,250000.0,2,0
21433.5,64000.0,2,80000.0,2,1
21435.0,400000.0,2,500000.0,2,0
21436.5,40000.0,1,50000.0,1,0
21438.0,16000.0,1,20000.0,1,0
21439.5,40000.0,2,50000.0,2,1
21441.0,128000.0,2,160000.0,2,1
21442.5,16000.0,1,20000.0,1,1
21444.0,64000.0,2,80000.0,2,0
21445.5,232000.0,2,290000.0,2,0
21447.0,16000.0,1,20000.0,1,0
21448.5,24000.0,2,30000.0,2,0
21450.0,136000.0,1,170000.0,1,0
21451.5,560000.0,2,700000.0,2,0
21453.0,40000.0,1,50000.0,1,0
21454.5,160000.0,1,200000.0,1,0
21456.0,16000.0,1,20000.0,1,0
21457.5,48000.0,1,60000.0,1,0
21459.0,128000.0,1,160000.0,1,0
21460.5,296000.0,1,370000.0,1,0
21462.0,400000.0,2,500000.0,2,0
21463.5,400000.0,2,500000.0,2,0
21465.0,40000.0,2,50000.0,2,1
21466.5,112000.0,2,140000.0,2,0
21468.0,168000.0,2,210000.0,2,1
21469.5,240000.0,2,300000.0,2,1
21471.0,48000.0,2,60000.0,2,1
21472.5,64000.0,1,80000.0,1,1
21474.0,40000.0,1,50000.0,1,0
21475.5,192000.0,2,240000.0,2,0
21477.0,288000.0,2,360000.0,2,0
21478.5,112000.0,2,140000.0,2,0
21480.0,248000.0,1,310000.0,1,0
21481.5,16000.0,2,20000.0,2,0
21483.0,112000.0,2,140000.0,2,0
21484.5,352000.0,1,440000.0,1,0
21486.0,264000.0,1,330000.0,1,0
21487.5,48000.0,1,60000.0,1,0
21489.0,96000.0,2,120000.0,2,0
21490.5,232000.0,2,290000.0,2,0
21492.0,16000.0,1,20000.0,1,0
21493.5,400000.0,2,500000.0,2,1
21495.0,16000.0,1,20000.0,1,0
21496.5,120000.0,2,150000.0,2,1
21498.0,392000.0,2,490000.0,2,0
21499.5,136000.0,1,170000.0,1,0
21501.0,40000.0,2,50000.0,2,1
21502.5,120000.0,1,150000.0,1,0
21504.0,312000.0,1,390000.0,1,0
21505.5,304000.0,1,380000.0,1,0
21507.0,136000.0,2,170000.0,2,0
21508.5,136000.0,2,170000.0,2,0
21510.0,312000.0,1,390000.0,1,1
21511.5,24000.0,2,30000.0,2,0
21513.0,240000.0,2,300000.0,2,0
21514.5,144000.0,2,180000.0,2,0
21516.0,288000.0,2,360000.0,2,0
21517.5,184000.0,2,230000.0,2,0
21519.0,24000.0,1,30000.0,1,1
21520.5,320000.0,2,400000.0,2,0
21522.0,16000.0,1,20000.0,1,1
21523.5,80000.0,2,100000.0,2,0
21525.0,272000.0,1,340000.0,1,1
21526.5,24000.0,2,30000.0,2,0
21528.0,352000.0,1,440000.0,1,1
21529.5,80000.0,1,100000.0,1,0
21531.0,24000.0,2,30000.0,2,0
21532.5,16000.0,1,20000.0,1,1
21534.0,160000.0,1,200000.0,1,0
21535.5,144000.0,1,180000.0,1,0
21537.0,40000.0,2,50000.0,2,0
21538.5,168000.0,2,210000.0,2,0
21540.0,168000.0,2,210000.0,2,0
21541.5,176000.0,2,220000.0,2,0
21543.0,192000.0,1,240000.0,1,0
21544.5,160000.0,1,200000.0,1,1
21546.0,16000.0,1,20000.0,1,1
21547.5,144000.0,2,180000.0,2,0
21549.0,72000.0,2,90000.0,2,1
21550.5,104000.0,1,130000.0,1,1
21552.0,80000.0,1,100000.0,1,1
21553.5,360000.0,2,450000.0,2,0
21555.0,168000.0,1,210000.0,1,0
21556.5,304000.0,2,380000.0,2,0
21558.0,16000.0,2,20000.0,2,0
21559.5,40000.0,2,50000.0,2,0
21561.0,40000.0,2,50000.0,2,1
21562.5,128000.0,1,160000.0,1,0
21564.0,360000.0,2,450000.0,2,0
21565.5,24000.0,1,30000.0,1,0
21567.0,248000.0,2,310000.0,2,0
21568.5,40000.0,1,50000.0,1,1
21570.0,128000.0,1,160000.0,1,0
21571.5,136000.0,1,170000.0,1,0
21573.0,184000.0,2,230000.0,2,0
21574.5,16000.0,1,20000.0,1,0
21576.0,40000.0,2,50000.0,2,0
21577.5,112000.0,2,140000.0,2,0
21579.0,40000.0,2,50000.0,2,0
21580.5,224000.0,2,280000.0,2,0
21582.0,288000.0,2,360000.0,2,0
21583.5,40000.0,1,50000.0,1,0
21585.0,16000.0,1,20000.0,1,0
21586.5,248000.0,2,310000.0,2,0
21588.0,208000.0,2,260000.0,2,0
21589.5,64000.0,1,80000.0,1,1
21591.0,24000.0,1,30000.0,1,1
21592.5,272000.0,2,340000.0,2,0
21594.0,208000.0,2,260000.0,2,0
21595.5,336000.0,2,420000.0,2,0
21597.0,64000.0,2,80000.0,2,1
21598.5,320000.0,1,400000.0,1,0
21600.0,368000.0,1,460000.0,1,0
21601.5,160000.0,1,200000.0,1,0
21603.0,128000.0,1,160000.0,1,0
21604.5,56000.0,1,70000.0,1,1
21606.0,232000.0,1,290000.0,1,0
21607.5,96000.0,2,120000.0,2,0
21609.0,80000.0,2,100000.0,2,0
21610.5,24000.0,2,30000.0,2,0
21612.0,24000.0,2,30000.0,2,1
21613.5,40000.0,2,50000.0,2,0
21615.0,168000.0,2,210000.0,2,1
21616.5,8000.0,1,10000.0,1,1
21618.0,200000.0,2,250000.0,2,0
21619.5,184000.0,2,230000.0,2,0
21621.0,120000.0,1,150000.0,1,0
21622.5,16000.0,2,20000.0,2,1
21624.0,120000.0,2,150000.0,2,0
21625.5,16000.0,1,20000.0,1,0
21627.0,320000.0,2,400000.0,2,0
21628.5,16000.0,2,20000.0,2,0
21630.0,352000.0,2,440000.0,2,1
21631.5,16000.0,1,20000.0,1,0
21633.0,256000.0,1,320000.0,1,0
21634.5,240000.0,1,300000.0,1,0
21636.0,40000.0,2,50000.0,2,0
21637.5,168000.0,1,210000.0,1,0
21639.0,280000.0,2,350000.0,2,0
21640.5,376000.0,1,470000.0,1,0
21642.0,240000.0,2,300000.0,2,0
21643.5,24000.0,1,30000.0,1,1
21645.0,168000.0,1,210000.0,1,0
21646.5,24000.0,2,30000.0,2,0
21648.0,160000.0,2,200000.0,2,0
21649.5,112000.0,1,140000.0,1,0
21651.0,40000.0,2,50000.0,2,0
21652.5,8000.0,1,10000.0,1,1
21654.0,312000.0,2,390000.0,2,0
21655.5,40000.0,2,50000.0,2,0
21657.0,40000.0,2,50000.0,2,1
21658.5,24000.0,2,30000.0,2,0
21660.0,40000.0,2,50000.0,2,1
21661.5,40000.0,2,50000.0,2,0
21663.0,208000.0,1,260000.0,1,0
21664.5,40000.0,2,50000.0,2,0
21666.0,112000.0,1,140000.0,1,0
21667.5,392000.0,1,490000.0,1,0
21669.0,48000.0,2,60000.0,2,1
21670.5,64000.0,1,80000.0,1,1
21672.0,64000.0,1,80000.0,1,0
21673.5,232000.0,1,290000.0,1,0
21675.0,224000.0,1,280000.0,1,0
21676.5,104000.0,1,130000.0,1,0
21678.0,16000.0,1,20000.0,1,0
21679.5,40000.0,1,50000.0,1,1
21681.0,264000.0,2,330000.0,2,0
21682.5,120000.0,2,150000.0,2,1
21684.0,120000.0,2,150000.0,2,0
21685.5,168000.0,1,210000.0,1,0
21687.0,8000.0,1,10000.0,1,1
21688.5,240000.0,2,300000.0,2,0
21690.0,112000.0,2,140000.0,2,0
21691.5,40000.0,2,50000.0,2,0
21693.0,112000.0,1,140000.0,1,0
21694.5,40000.0,2,50000.0,2,0
21696.0,400000.0,1,500000.0,1,0
21697.5,400000.0,2,500000.0,2,0
21699.0,16000.0,1,20000.0,1,0
21700.5,336000.0,1,420000.0,1,0
21702.0,48000.0,1,60000.0,1,1
21703.5,48000.0,1,60000.0,1,0
21705.0,152000.0,2,190000.0,2,0
21706.5,176000.0,1,220000.0,1,1
21708.0,88000.0,2,110000.0,2,1
21709.5,232000.0,1,290000.0,1,0
21711.0,40000.0,2,50000.0,2,0
21712.5,88000.0,2,110000.0,2,0
21714.0,184000.0,2,230000.0,2,0
21715.5,200000.0,2,250000.0,2,0
21717.0,80000.0,1,100000.0,1,0
21718.5,24000.0,2,30000.0,2,0
21720.0,184000.0,1,230000.0,1,0
21721.5,40000.0,1,50000.0,1,1
21723.0,336000.0,1,420000.0,1,0
21724.5,24000.0,1,30000.0,1,0
21726.0,16000.0,1,20000.0,1,1
21727.5,160000.0,2,200000.0,2,0
21729.0,72000.0,2,90000.0,2,0
21730.5,88000.0,1,110000.0,1,0
21732.0,48000.0,2,60000.0,2,0
21733.5,64000.0,1,80000.0,1,0
21735.0,40000.0,1,50000.0,1,0
21736.5,144000.0,1,180000.0,1,0
21738.0,88000.0,2,110000.0,2,0
21739.5,120000.0,2,150000.0,2,0
21741.0,96000.0,2,120000.0,2,0
21742.5,120000.0,1,150000.0,1,0
21744.0,288000.0,2,360000.0,2,0
21745.5,48000.0,1,60000.0,1,1
21747.0,384000.0,1,480000.0,1,0
21748.5,320000.0,2,400000.0,2,0
21750.0,48000.0,2,60000.0,2,0
21751.5,192000.0,2,240000.0,2,1
21753.0,24000.0,2,30000.0,2,0
21754.5,192000.0,2,240000.0,2,0
21756.0,40000.0,2,50000.0,2,1
21757.5,104000.0,2,130000.0,2,0
21759.0,24000.0,2,30000.0,2,0
21760.5,8000.0,1,10000.0,1,0
21762.0,144000.0,1,180000.0,1,0
21763.5,184000.0,2,230000.0,2,0
21765.0,24000.0,2,30000.0,2,0
21766.5,40000.0,1,50000.0,1,0
21768.0,400000.0,1,500000.0,1,0
21769.5,288000.0,1,360000.0,1,0
21771.0,368000.0,2,460000.0,2,0
21772.5,8000.0,2,10000.0,2,0
21774.0,216000.0,2,270000.0,2,0
21775.5,64000.0,1,80000.0,1,0
21777.0,80000.0,1,100000.0,1,0
21778.5,16000.0,1,20000.0,1,1
21780.0,240000.0,1,300000.0,1,1
21781.5,24000.0,2,30000.0,2,0
21783.0,128000.0,1,160000.0,1,1
21784.5,24000.0,2,30000.0,2,0
21786.0,128000.0,2,160000.0,2,0
21787.5,304000.0,2,380000.0,2,0
21789.0,144000.0,1,180000.0,1,0
21790.5,80000.0,1,100000.0,1,0
21792.0,208000.0,1,260000.0,1,0
21793.5,144000.0,2,180000.0,2,0
21795.0,192000.0,1,240000.0,1,0
21796.5,24000.0,1,30000.0,1,1
21798.0,40000.0,1,50000.0,1,0
21799.5,144000.0,2,180000.0,2,0
21801.0,16000.0,1,20000.0,1,0
21802.5,104000.0,1,130000.0,1,1
21804.0,192000.0,1,240000.0,1,0
21805.5,128000.0,2,160000.0,2,0
21807.0,48000.0,1,60000.0,1,1
21808.5,80000.0,1,100000.0,1,0
21810.0,256000.0,2,320000.0,2,0
21811.5,88000.0,2,110000.0,2,0
21813.0,40000.0,2,50000.0,2,1
21814.5,40000.0,1,50000.0,1,1
21816.0,112000.0,1,140000.0,1,0
21817.5,64000.0,1,80000.0,1,1
21819.0,40000.0,1,50000.0,1,0
21820.5,112000.0,2,140000.0,2,1
21822.0,168000.0,2,210000.0,2,0
21823.5,104000.0,1,130000.0,1,0
21825.0,160000.0,2,200000.0,2,1
21826.5,88000.0,1,110000.0,1,0
21828.0,112000.0,2,140000.0,2,0
21829.5,16000.0,1,20000.0,1,0
21831.0,360000.0,1,450000.0,1,1
21832.5,136000.0,1,170000.0,1,0
21834.0,136000.0,2,170000.0,2,0
21835.5,144000.0,1,180000.0,1,0
21837.0,160000.0,1,200000.0,1,0
21838.5,64000.0,2,80000.0,2,0
21840.0,120000.0,2,150000.0,2,0
21841.5,128000.0,1,160000.0,1,1
21843.0,48000.0,1,60000.0,1,0
21844.5,192000.0,2,240000.0,2,1
21846.0,16000.0,1,20000.0,1,1
21847.5,400000.0,1,500000.0,1,0
21849.0,224000.0,2,280000.0,2,0
21850.5,160000.0,1,200000.0,1,1
21852.0,232000.0,2,290000.0,2,0
21853.5,64000.0,2,80000.0,2,1
21855.0,16000.0,2,20000.0,2,1
21856.5,320000.0,2,400000.0,2,0
21858.0,24000.0,2,30000.0,2,0
21859.5,104000.0,1,130000.0,1,1
21861.0,48000.0,1,60000.0,1,0
21862.5,16000.0,1,20000.0,1,0
21864.0,128000.0,1,160000.0,1,0
21865.5,88000.0,2,110000.0,2,0
21867.0,184000.0,1,230000.0,1,0
21868.5,16000.0,2,20000.0,2,0
21870.0,112000.0,2,140000.0,2,0
21871.5,104000.0,2,130000.0,2,0
21873.0,104000.0,2,130000.0,2,1
21874.5,160000.0,1,200000.0,1,0
21876.0,48000.0,2,60000.0,2,1
21877.5,16000.0,1,20000.0,1,0
21879.0,88000.0,2,110000.0,2,1
21880.5,256000.0,2,320000.0,2,1
21882.0,104000.0,1,130000.0,1,0
21883.5,224000.0,1,280000.0,1,0
21885.0,232000.0,1,290000.0,1,0
21886.5,24000.0,2,30000.0,2,0
21888.0,64000.0,1,80000.0,1,0
21889.5,56000.0,2,70000.0,2,0
21891.0,64000.0,2,80000.0,2,0
21892.5,160000.0,2,200000.0,2,0
21894.0,40000.0,1,50000.0,1,0
21895.5,96000.0,1,120000.0,1,0
21897.0,64000.0,1,80000.0,1,0
21898.5,160000.0,2,200000.0,2,1
21900.0,72000.0,2,90000.0,2,0
21901.5,24000.0,2,30000.0,2,0
21903.0,24000.0,2,30000.0,2,0
21904.5,40000.0,2,50000.0,2,0
21906.0,120000.0,1,150000.0,1,0
21907.5,224000.0,2,280000.0,2,0
21909.0,8000.0,1,10000.0,1,0
21910.5,128000.0,2,160000.0,2,0
21912.0,128000.0,2,160000.0,2,0
21913.5,312000.0,1,390000.0,1,0
21915.0,40000.0,1,50000.0,1,1
21916.5,40000.0,1,50000.0,1,0
21918.0,120000.0,1,150000.0,1,0
21919.5,40000.0,1,50000.0,1,0
21921.0,152000.0,2,190000.0,2,0
21922.5,8000.0,1,10000.0,1,1
21924.0,168000.0,2,210000.0,2,0
21925.5,184000.0,1,230000.0,1,0
21927.0,120000.0,2,150000.0,2,0
21928.5,184000.0,2,230000.0,2,0
21930.0,64000.0,2,80000.0,2,0
21931.5,128000.0,2,160000.0,2,0
21933.0,400000.0,2,500000.0,2,0
21934.5,144000.0,2,180000.0,2,0
21936.0,24000.0,2,30000.0,2,1
21937.5,104000.0,2,130000.0,2,0
21939.0,8000.0,2,10000.0,2,0
21940.5,16000.0,2,20000.0,2,0
21942.0,24000.0,1,30000.0,1,0
21943.5,24000.0,1,30000.0,1,1
21945.0,256000.0,2,320000.0,2,0
21946.5,8000.0,1,10000.0,1,1
21948.0,280000.0,2,350000.0,2,0
21949.5,16000.0,1,20000.0,1,0
21951.0,40000.0,1,50000.0,1,0
21952.5,248000.0,1,310000.0,1,0
21954.0,64000.0,1,80000.0,1,0
21955.5,136000.0,1,170000.0,1,0
21957.0,8000.0,2,10000.0,2,1
21958.5,24000.0,1,30000.0,1,0
21960.0,136000.0,2,170000.0,2,0
21961.5,184000.0,2,230000.0,2,0
21963.0,40000.0,2,50000.0,2,0
21964.5,240000.0,2,300000.0,2,0
21966.0,168000.0,1,210000.0,1,0
21967.5,16000.0,2,20000.0,2,0
21969.0,16000.0,2,20000.0,2,0
21970.5,16000.0,2,20000.0,2,0
21972.0,64000.0,1,80000.0,1,0
21973.5,24000.0,2,30000.0,2,0
21975.0,160000.0,1,200000.0,1,1
21976.5,168000.0,1,210000.0,1,0
21978.0,264000.0,2,330000.0,2,0
21979.5,24000.0,1,30000.0,1,1
21981.0,224000.0,1,280000.0,1,0
21982.5,240000.0,1,300000.0,1,0
21984.0,8000.0,1,10000.0,1,0
21985.5,40000.0,2,50000.0,2,0
21987.0,224000.0,1,280000.0,1,0
21988.5,16000.0,1,20000.0,1,0
21990.0,104000.0,1,130000.0,1,0
21991.5,16000.0,1,20000.0,1,0
21993.0,96000.0,2,120000.0,2,0
21994.5,320000.0,2,400000.0,2,0
21996.0,240000.0,2,300000.0,2,0
21997.5,24000.0,2,30000.0,2,0
21999.0,16000.0,1,20000.0,1,1
22000.5,256000.0,2,320000.0,2,0
22002.0,64000.0,1,80000.0,1,0
22003.5,128000.0,1,160000.0,1,0
22005.0,64000.0,2,80000.0,2,0
22006.5,224000.0,2,280000.0,2,0
22008.0,168000.0,2,210000.0,2,1
22009.5,200000.0,2,250000.0,2,0
22011.0,96000.0,2,120000.0,2,0
22012.5,16000.0,2,20000.0,2,0
22014.0,160000.0,2,200000.0,2,0
22015.5,80000.0,1,100000.0,1,0
22017.0,64000.0,2,80000.0,2,0
22018.5,360000.0,2,450000.0,2,0
22020.0,160000.0,2,200000.0,2,0
22021.5,40000.0,2,50000.0,2,0
22023.0,400000.0,2,500000.0,2,0
22024.5,40000.0,1,50000.0,1,0
22026.0,360000.0,2,450000.0,2,0
22027.5,104000.0,2,130000.0,2,0
22029.0,176000.0,2,220000.0,2,0
22030.5,168000.0,2,210000.0,2,0
22032.0,40000.0,1,50000.0,1,0
22033.5,208000.0,1,260000.0,1,0
22035.0,56000.0,2,70000.0,2,0
22036.5,40000.0,1,50000.0,1,1
22038.0,16000.0,1,20000.0,1,1
22039.5,136000.0,1,170000.0,1,1
22041.0,80000.0,2,100000.0,2,0
22042.5,160000.0,2,200000.0,2,1
22044.0,24000.0,2,30000.0,2,1
22045.5,240000.0,2,300000.0,2,0
22047.0,288000.0,2,360000.0,2,1
22048.5,112000.0,1,140000.0,1,0
22050.0,288000.0,2,360000.0,2,0
22051.5,120000.0,2,150000.0,2,0
22053.0,224000.0,1,280000.0,1,0
22054.5,184000.0,2,230000.0,2,0
22056.0,64000.0,2,80000.0,2,0
22057.5,40000.0,1,50000.0,1,0
22059.0,144000.0,1,180000.0,1,1
22060.5,80000.0,1,100000.0,1,1
22062.0,24000.0,1,30000.0,1,1
22063.5,64000.0,1,80000.0,1,0
22065.0,400000.0,2,500000.0,2,0
22066.5,120000.0,2,150000.0,2,0
22068.0,40000.0,2,50000.0,2,0
22069.5,208000.0,2,260000.0,2,0
22071.0,328000.0,2,410000.0,2,0
22072.5,40000.0,2,50000.0,2,0
22074.0,80000.0,2,100000.0,2,0
22075.5,72000.0,2,90000.0,2,0
22077.0,40000.0,1,50000.0,1,0
22078.5,160000.0,2,200000.0,2,0
22080.0,192000.0,1,240000.0,1,0
22081.5,288000.0,1,360000.0,1,1
22083.0,136000.0,2,170000.0,2,0
22084.5,64000.0,2,80000.0,2,1
22086.0,208000.0,1,260000.0,1,0
22087.5,56000.0,2,70000.0,2,0
22089.0,24000.0,2,30000.0,2,0
22090.5,232000.0,2,290000.0,2,0
22092.0,88000.0,2,110000.0,2,1
22093.5,88000.0,1,110000.0,1,1
22095.0,160000.0,1,200000.0,1,0
22096.5,56000.0,2,70000.0,2,0
22098.0,120000.0,2,150000.0,2,0
22099.5,272000.0,2,340000.0,2,0
22101.0,24000.0,2,30000.0,2,1
22102.5,160000.0,1,200000.0,1,0
22104.0,320000.0,2,400000.0,2,0
22105.5,88000.0,2,110000.0,2,0
22107.0,336000.0,1,420000.0,1,0
22108.5,120000.0,2,150000.0,2,0
22110.0,232000.0,2,290000.0,2,0
22111.5,128000.0,1,160000.0,1,0
22113.0,40000.0,1,50000.0,1,1
22114.5,120000.0,1,150000.0,1,0
22116.0,400000.0,2,500000.0,2,0
22117.5,112000.0,2,140000.0,2,0
22119.0,160000.0,1,200000.0,1,0
22120.5,184000.0,1,230000.0,1,1
22122.0,48000.0,2,60000.0,2,0
22123.5,120000.0,1,150000.0,1,0
22125.0,272000.0,2,340000.0,2,0
22126.5,112000.0,1,140000.0,1,0
22128.0,16000.0,2,20000.0,2,0
22129.5,160000.0,2,200000.0,2,0
22131.0,16000.0,1,20000.0,1,0
22132.5,240000.0,2,300000.0,2,0
22134.0,160000.0,2,200000.0,2,1
22135.5,144000.0,1,180000.0,1,0
22137.0,24000.0,2,30000.0,2,0
22138.5,280000.0,1,350000.0,1,0
22140.0,128000.0,1,160000.0,1,0
22141.5,16000.0,2,20000.0,2,1
22143.0,104000.0,1,130000.0,1,0
22144.5,144000.0,2,180000.0,2,0
22146.0,176000.0,2,220000.0,2,1
22147.5,96000.0,2,120000.0,2,0
22149.0,400000.0,2,500000.0,2,0
22150.5,120000.0,2,150000.0,2,1
22152.0,144000.0,1,180000.0,1,0
22153.5,352000.0,1,440000.0,1,0
22155.0,152000.0,2,190000.0,2,0
22156.5,128000.0,2,160000.0,2,1
22158.0,16000.0,1,20000.0,1,0
22159.5,24000.0,1,30000.0,1,0
22161.0,336000.0,1,420000.0,1,0
22162.5,296000.0,2,370000.0,2,0
22164.0,48000.0,1,60000.0,1,0
22165.5,144000.0,1,180000.0,1,0
22167.0,72000.0,2,90000.0,2,0
22168.5,200000.0,2,250000.0,2,1
22170.0,24000.0,2,30000.0,2,1
22171.5,112000.0,1,140000.0,1,0
22173.0,144000.0,2,180000.0,2,0
22174.5,56000.0,2,70000.0,2,0
22176.0,256000.0,2,320000.0,2,1
22177.5,120000.0,1,150000.0,1,0
22179.0,16000.0,1,20000.0,1,1
22180.5,24000.0,1,30000.0,1,1
22182.0,400000.0,1,500000.0,1,0
22183.5,24000.0,2,30000.0,2,0
22185.0,40000.0,1,50000.0,1,0
22186.5,16000.0,1,20000.0,1,0
22188.0,8000.0,2,10000.0,2,1
22189.5,400000.0,2,500000.0,2,0
22191.0,16000.0,1,20000.0,1,1
22192.5,160000.0,2,200000.0,2,0
22194.0,8000.0,1,10000.0,1,0
22195.5,40000.0,2,50000.0,2,1
22197.0,256000.0,2,320000.0,2,0
22198.5,40000.0,1,50000.0,1,0
22200.0,24000.0,2,30000.0,2,0
22201.5,88000.0,1,110000.0,1,1
22203.0,40000.0,2,50000.0,2,0
22204.5,112000.0,2,140000.0,2,0
22206.0,72000.0,2,90000.0,2,0
22207.5,48000.0,1,60000.0,1,1
22209.0,16000.0,1,20000.0,1,0
22210.5,272000.0,2,340000.0,2,0
22212.0,24000.0,1,30000.0,1,0
22213.5,136000.0,1,170000.0,1,1
22215.0,104000.0,1,130000.0,1,1
22216.5,200000.0,2,250000.0,2,0
22218.0,160000.0,2,200000.0,2,0
22219.5,8000.0,2,10000.0,2,1
22221.0,144000.0,2,180000.0,2,0
22222.5,184000.0,2,230000.0,2,0
22224.0,160000.0,2,200000.0,2,0
22225.5,72000.0,2,90000.0,2,0
22227.0,104000.0,1,130000.0,1,0
22228.5,184000.0,1,230000.0,1,0
22230.0,256000.0,1,320000.0,1,0
22231.5,24000.0,1,30000.0,1,1
22233.0,64000.0,2,80000.0,2,0
22234.5,64000.0,2,80000.0,2,1
22236.0,208000.0,2,260000.0,2,0
22237.5,16000.0,1,20000.0,1,1
22239.0,160000.0,2,200000.0,2,1
22240.5,64000.0,2,80000.0,2,0
22242.0,80000.0,2,100000.0,2,0
22243.5,120000.0,2,150000.0,2,0
22245.0,64000.0,2,80000.0,2,0
22246.5,16000.0,2,20000.0,2,0
22248.0,160000.0,2,200000.0,2,0
22249.5,96000.0,2,120000.0,2,1
22251.0,24000.0,1,30000.0,1,1
22252.5,160000.0,1,200000.0,1,0
22254.0,64000.0,2,80000.0,2,0
22255.5,224000.0,2,280000.0,2,1
22257.0,400000.0,1,500000.0,1,0
22258.5,96000.0,2,120000.0,2,0
22260.0,176000.0,2,220000.0,2,0
22261.5,288000.0,1,360000.0,1,0
22263.0,168000.0,2,210000.0,2,0
22264.5,128000.0,2,160000.0,2,1
22266.0,80000.0,2,100000.0,2,1
22267.5,320000.0,2,400000.0,2,0
22269.0,88000.0,2,110000.0,2,0
22270.5,288000.0,1,360000.0,1,1
22272.0,400000.0,2,500000.0,2,0
22273.5,104000.0,1,130000.0,1,0
22275.0,48000.0,2,60000.0,2,0
22276.5,192000.0,1,240000.0,1,0
22278.0,80000.0,2,100000.0,2,0
22279.5,120000.0,2,150000.0,2,0
22281.0,232000.0,1,290000.0,1,0
22282.5,40000.0,1,50000.0,1,0
22284.0,24000.0,2,30000.0,2,0
22285.5,168000.0,2,210000.0,2,0
22287.0,80000.0,2,100000.0,2,0
22288.5,24000.0,2,30000.0,2,0
22290.0,24000.0,2,30000.0,2,0
22291.5,64000.0,2,80000.0,2,0
22293.0,24000.0,2,30000.0,2,1
22294.5,56000.0,2,70000.0,2,0
22296.0,376000.0,2,470000.0,2,0
22297.5,144000.0,2,180000.0,2,1
22299.0,16000.0,1,20000.0,1,1
22300.5,336000.0,1,420000.0,1,0
22302.0,80000.0,2,100000.0,2,1
22303.5,104000.0,2,130000.0,2,0
22305.0,160000.0,1,200000.0,1,0
22306.5,120000.0,1,150000.0,1,0
22308.0,328000.0,2,410000.0,2,0
22309.5,24000.0,1,30000.0,1,1
22311.0,16000.0,1,20000.0,1,1
22312.5,104000.0,2,130000.0,2,0
22314.0,144000.0,2,180000.0,2,0
22315.5,96000.0,1,120000.0,1,0
22317.0,152000.0,2,190000.0,2,0
22318.5,24000.0,2,30000.0,2,0
22320.0,136000.0,1,170000.0,1,0
22321.5,96000.0,1,120000.0,1,0
22323.0,40000.0,1,50000.0,1,0
22324.5,80000.0,1,100000.0,1,0
22326.0,16000.0,2,20000.0,2,1
22327.5,32000.0,1,40000.0,1,1
22329.0,240000.0,1,300000.0,1,0
22330.5,184000.0,2,230000.0,2,0
22332.0,224000.0,2,280000.0,2,1
22333.5,360000.0,2,450000.0,2,0
22335.0,208000.0,1,260000.0,1,0
22336.5,40000.0,2,50000.0,2,0
22338.0,40000.0,2,50000.0,2,1
22339.5,192000.0,2,240000.0,2,0
22341.0,56000.0,2,70000.0,2,0
22342.5,48000.0,2,60000.0,2,0
22344.0,184000.0,2,230000.0,2,0
22345.5,24000.0,1,30000.0,1,0
22347.0,64000.0,2,80000.0,2,1
22348.5,288000.0,2,360000.0,2,0
22350.0,160000.0,2,200000.0,2,0
22351.5,120000.0,2,150000.0,2,0
22353.0,208000.0,2,260000.0,2,0
22354.5,144000.0,2,180000.0,2,0
22356.0,176000.0,2,220000.0,2,0
22357.5,144000.0,2,180000.0,2,0
22359.0,72000.0,2,90000.0,2,0
22360.5,16000.0,1,20000.0,1,0
22362.0,232000.0,2,290000.0,2,0
22363.5,168000.0,1,210000.0,1,0
22365.0,16000.0,1,20000.0,1,0
22366.5,248000.0,2,310000.0,2,0
22368.0,192000.0,1,240000.0,1,0
22369.5,264000.0,2,330000.0,2,1
22371.0,248000.0,2,310000.0,2,1
22372.5,24000.0,1,30000.0,1,1
22374.0,376000.0,1,470000.0,1,0
22375.5,224000.0,2,280000.0,2,0
22377.0,96000.0,2,120000.0,2,0
22378.5,192000.0,1,240000.0,1,1
22380.0,640000.0,1,800000.0,1,0
22381.5,256000.0,2,320000.0,2,1
22383.0,112000.0,2,140000.0,2,0
22384.5,16000.0,1,20000.0,1,0
22386.0,128000.0,2,160000.0,2,0
22387.5,224000.0,2,280000.0,2,0
22389.0,264000.0,2,330000.0,2,0
22390.5,184000.0,2,230000.0,2,0
22392.0,40000.0,1,50000.0,1,1
22393.5,168000.0,2,210000.0,2,0
22395.0,136000.0,1,170000.0,1,0
22396.5,176000.0,1,220000.0,1,0
22398.0,72000.0,1,90000.0,1,0
22399.5,16000.0,1,20000.0,1,0
22401.0,384000.0,2,480000.0,2,0
22402.5,112000.0,1,140000.0,1,0
22404.0,128000.0,1,160000.0,1,0
22405.5,64000.0,2,80000.0,2,1
22407.0,80000.0,2,100000.0,2,0
22408.5,248000.0,2,310000.0,2,0
22410.0,160000.0,2,200000.0,2,0
22411.5,40000.0,1,50000.0,1,0
22413.0,80000.0,2,100000.0,2,1
22414.5,192000.0,2,240000.0,2,0
22416.0,24000.0,1,30000.0,1,0
22417.5,144000.0,1,180000.0,1,0
22419.0,32000.0,2,40000.0,2,1
22420.5,56000.0,2,70000.0,2,0
22422.0,40000.0,2,50000.0,2,0
22423.5,400000.0,1,500000.0,1,0
22425.0,160000.0,2,200000.0,2,0
22426.5,200000.0,1,250000.0,1,1
22428.0,40000.0,1,50000.0,1,0
22429.5,144000.0,1,180000.0,1,0
22431.0,128000.0,2,160000.0,2,0
22432.5,16000.0,1,20000.0,1,0
22434.0,40000.0,2,50000.0,2,0
22435.5,16000.0,2,20000.0,2,0
22437.0,120000.0,2,150000.0,2,0
22438.5,288000.0,1,360000.0,1,0
22440.0,16000.0,1,20000.0,1,0
22441.5,136000.0,2,170000.0,2,0
22443.0,24000.0,1,30000.0,1,0
22444.5,64000.0,2,80000.0,2,0
22446.0,88000.0,2,110000.0,2,0
22447.5,112000.0,1,140000.0,1,0
22449.0,40000.0,1,50000.0,1,0
22450.5,96000.0,2,120000.0,2,0
22452.0,8000.0,1,10000.0,1,0
22453.5,16000.0,2,20000.0,2,0
22455.0,144000.0,2,180000.0,2,1
22456.5,192000.0,2,240000.0,2,0
22458.0,96000.0,1,120000.0,1,1
22459.5,120000.0,2,150000.0,2,0
22461.0,24000.0,1,30000.0,1,1
22462.5,64000.0,1,80000.0,1,0
22464.0,40000.0,1,50000.0,1,1
22465.5,24000.0,2,30000.0,2,1
22467.0,160000.0,1,200000.0,1,0
22468.5,384000.0,2,480000.0,2,1
22470.0,40000.0,1,50000.0,1,1
22471.5,24000.0,1,30000.0,1,1
22473.0,240000.0,2,300000.0,2,1
22474.5,400000.0,2,500000.0,2,0
22476.0,280000.0,1,350000.0,1,0
22477.5,120000.0,1,150000.0,1,0
22479.0,24000.0,1,30000.0,1,0
22480.5,16000.0,2,20000.0,2,0
22482.0,304000.0,2,380000.0,2,0
22483.5,56000.0,2,70000.0,2,1
22485.0,240000.0,2,300000.0,2,0
22486.5,128000.0,1,160000.0,1,1
22488.0,184000.0,2,230000.0,2,0
22489.5,208000.0,1,260000.0,1,0
22491.0,288000.0,1,360000.0,1,0
22492.5,40000.0,2,50000.0,2,0
22494.0,16000.0,1,20000.0,1,0
22495.5,112000.0,2,140000.0,2,0
22497.0,40000.0,1,50000.0,1,0
22498.5,40000.0,1,50000.0,1,0
22500.0,40000.0,1,50000.0,1,0
22501.5,40000.0,2,50000.0,2,1
22503.0,64000.0,2,80000.0,2,0
22504.5,72000.0,2,90000.0,2,0
22506.0,40000.0,2,50000.0,2,0
22507.5,216000.0,2,270000.0,2,0
22509.0,48000.0,2,60000.0,2,0
22510.5,192000.0,2,240000.0,2,0
22512.0,192000.0,1,240000.0,1,0
22513.5,24000.0,1,30000.0,1,1
22515.0,40000.0,1,50000.0,1,0
22516.5,296000.0,1,370000.0,1,0
22518.0,40000.0,1,50000.0,1,0
22519.5,104000.0,1,130000.0,1,0
22521.0,16000.0,1,20000.0,1,0
22522.5,328000.0,1,410000.0,1,0
22524.0,40000.0,1,50000.0,1,0
22525.5,24000.0,1,30000.0,1,0
22527.0,16000.0,1,20000.0,1,0
22528.5,40000.0,1,50000.0,1,0
22530.0,288000.0,1,360000.0,1,0
22531.5,56000.0,1,70000.0,1,0
22533.0,128000.0,1,160000.0,1,0
22534.5,16000.0,1,20000.0,1,0
22536.0,88000.0,1,110000.0,1,0
22537.5,40000.0,1,50000.0,1,0
22539.0,64000.0,1,80000.0,1,0
22540.5,120000.0,1,150000.0,1,0
22542.0,232000.0,1,290000.0,1,0
22543.5,272000.0,1,340000.0,1,0
22545.0,88000.0,1,110000.0,1,0
22546.5,120000.0,1,150000.0,1,1
22548.0,224000.0,1,280000.0,1,0
22549.5,16000.0,1,20000.0,1,1
22551.0,144000.0,1,180000.0,1,1
22552.5,40000.0,1,50000.0,1,1
22554.0,160000.0,1,200000.0,1,1
22555.5,224000.0,1,280000.0,1,0
22557.0,80000.0,1,100000.0,1,0
22558.5,40000.0,1,50000.0,1,0
22560.0,168000.0,1,210000.0,1,0
22561.5,224000.0,1,280000.0,1,0
22563.0,280000.0,1,350000.0,1,0
22564.5,184000.0,1,230000.0,1,0
22566.0,80000.0,1,100000.0,1,0
22567.5,312000.0,1,390000.0,1,0
22569.0,168000.0,1,210000.0,1,0
22570.5,40000.0,1,50000.0,1,0
22572.0,40000.0,1,50000.0,1,0
22573.5,272000.0,1,340000.0,1,0
22575.0,240000.0,1,300000.0,1,0
22576.5,120000.0,1,150000.0,1,0
22578.0,160000.0,1,200000.0,1,0
22579.5,280000.0,1,350000.0,1,1
22581.0,16000.0,1,20000.0,1,0
22582.5,376000.0,1,470000.0,1,1
22584.0,160000.0,1,200000.0,1,1
22585.5,16000.0,1,20000.0,1,0
22587.0,184000.0,1,230000.0,1,0
22588.5,160000.0,1,200000.0,1,1
22590.0,56000.0,1,70000.0,1,0
22591.5,16000.0,1,20000.0,1,1
22593.0,8000.0,1,10000.0,1,0
22594.5,80000.0,1,100000.0,1,1
22596.0,104000.0,1,130000.0,1,0
22597.5,192000.0,1,240000.0,1,0
22599.0,472000.0,1,590000.0,1,0
22600.5,336000.0,1,420000.0,1,0
22602.0,288000.0,1,360000.0,1,0
22603.5,224000.0,1,280000.0,1,0
22605.0,320000.0,1,400000.0,1,0
22606.5,8000.0,1,10000.0,1,0
22608.0,88000.0,1,110000.0,1,1
22609.5,176000.0,1,220000.0,1,0
22611.0,104000.0,1,130000.0,1,0
22612.5,40000.0,1,50000.0,1,0
22614.0,416000.0,1,520000.0,1,0
22615.5,24000.0,1,30000.0,1,1
22617.0,40000.0,1,50000.0,1,0
22618.5,208000.0,1,260000.0,1,0
22620.0,168000.0,1,210000.0,1,0
22621.5,400000.0,1,500000.0,1,0
22623.0,96000.0,1,120000.0,1,0
22624.5,88000.0,1,110000.0,1,0
22626.0,336000.0,1,420000.0,1,0
22627.5,64000.0,1,80000.0,1,1
22629.0,240000.0,1,300000.0,1,0
22630.5,208000.0,1,260000.0,1,1
22632.0,400000.0,1,500000.0,1,0
22633.5,16000.0,1,20000.0,1,0
22635.0,128000.0,1,160000.0,1,0
22636.5,232000.0,1,290000.0,1,0
22638.0,288000.0,1,360000.0,1,0
22639.5,160000.0,1,200000.0,1,0
22641.0,144000.0,1,180000.0,1,0
22642.5,80000.0,1,100000.0,1,1
22644.0,400000.0,1,500000.0,1,1
22645.5,40000.0,1,50000.0,1,0
22647.0,232000.0,1,290000.0,1,0
22648.5,216000.0,1,270000.0,1,0
22650.0,200000.0,1,250000.0,1,0
22651.5,64000.0,1,80000.0,1,1
22653.0,288000.0,1,360000.0,1,0
22654.5,40000.0,1,50000.0,1,0
22656.0,336000.0,1,420000.0,1,0
22657.5,144000.0,1,180000.0,1,0
22659.0,144000.0,1,180000.0,1,0
22660.5,176000.0,1,220000.0,1,0
22662.0,168000.0,1,210000.0,1,0
22663.5,144000.0,1,180000.0,1,0
22665.0,168000.0,1,210000.0,1,0
22666.5,16000.0,1,20000.0,1,0
22668.0,40000.0,1,50000.0,1,1
22669.5,200000.0,1,250000.0,1,0
22671.0,40000.0,1,50000.0,1,0
22672.5,40000.0,1,50000.0,1,0
22674.0,40000.0,1,50000.0,1,1
22675.5,40000.0,1,50000.0,1,0
22677.0,40000.0,1,50000.0,1,0
22678.5,296000.0,1,370000.0,1,0
22680.0,16000.0,1,20000.0,1,1
22681.5,240000.0,1,300000.0,1,0
22683.0,40000.0,1,50000.0,1,0
22684.5,160000.0,1,200000.0,1,0
22686.0,144000.0,1,180000.0,1,1
22687.5,392000.0,1,490000.0,1,0
22689.0,264000.0,1,330000.0,1,0
22690.5,128000.0,1,160000.0,1,1
22692.0,64000.0,1,80000.0,1,0
22693.5,24000.0,1,30000.0,1,0
22695.0,120000.0,1,150000.0,1,0
22696.5,40000.0,1,50000.0,1,0
22698.0,40000.0,1,50000.0,1,0
22699.5,160000.0,1,200000.0,1,0
22701.0,192000.0,1,240000.0,1,0
22702.5,40000.0,1,50000.0,1,0
22704.0,120000.0,1,150000.0,1,0
22705.5,152000.0,1,190000.0,1,0
22707.0,360000.0,1,450000.0,1,0
22708.5,24000.0,1,30000.0,1,1
22710.0,328000.0,1,410000.0,1,1
22711.5,40000.0,1,50000.0,1,1
22713.0,192000.0,1,240000.0,1,0
22714.5,16000.0,2,20000.0,2,0
22716.0,232000.0,2,290000.0,2,0
22717.5,264000.0,2,330000.0,2,0
22719.0,136000.0,2,170000.0,2,0
22720.5,56000.0,2,70000.0,2,1
22722.0,96000.0,2,120000.0,2,0
22723.5,200000.0,1,250000.0,1,1
22725.0,232000.0,2,290000.0,2,0
22726.5,16000.0,2,20000.0,2,0
22728.0,64000.0,2,80000.0,2,1
22729.5,24000.0,2,30000.0,2,0
22731.0,40000.0,2,50000.0,2,1
22732.5,24000.0,2,30000.0,2,1
22734.0,160000.0,2,200000.0,2,1
22735.5,56000.0,2,70000.0,2,0
22737.0,40000.0,2,50000.0,2,0
22738.5,24000.0,2,30000.0,2,0
22740.0,56000.0,2,70000.0,2,0
22741.5,64000.0,2,80000.0,2,1
22743.0,40000.0,2,50000.0,2,0
22744.5,240000.0,2,300000.0,2,0
22746.0,24000.0,2,30000.0,2,0
22747.5,40000.0,2,50000.0,2,0
22749.0,40000.0,2,50000.0,2,0
22750.5,64000.0,2,80000.0,2,0
22752.0,40000.0,2,50000.0,2,0
22753.5,40000.0,2,50000.0,2,0
22755.0,32000.0,2,40000.0,2,1
22756.5,128000.0,2,160000.0,2,0
22758.0,48000.0,2,60000.0,2,0
22759.5,24000.0,2,30000.0,2,1
22761.0,24000.0,2,30000.0,2,0
22762.5,24000.0,2,30000.0,2,0
22764.0,72000.0,2,90000.0,2,0
22765.5,80000.0,2,100000.0,2,0
22767.0,40000.0,2,50000.0,2,0
22768.5,72000.0,2,90000.0,2,0
22770.0,72000.0,2,90000.0,2,1
22771.5,40000.0,2,50000.0,2,1
22773.0,64000.0,2,80000.0,2,0
22774.5,48000.0,2,60000.0,2,0
22776.0,64000.0,2,80000.0,2,0
22777.5,16000.0,2,20000.0,2,0
22779.0,24000.0,2,30000.0,2,0
22780.5,64000.0,2,80000.0,2,0
22782.0,128000.0,2,160000.0,2,0
22783.5,368000.0,2,460000.0,2,0
22785.0,72000.0,2,90000.0,2,1
22786.5,24000.0,2,30000.0,2,0
22788.0,176000.0,2,220000.0,2,0
22789.5,56000.0,2,70000.0,2,0
22791.0,88000.0,2,110000.0,2,1
22792.5,40000.0,2,50000.0,2,0
22794.0,96000.0,2,120000.0,2,0
22795.5,120000.0,2,150000.0,2,0
22797.0,112000.0,2,140000.0,2,0
22798.5,96000.0,2,120000.0,2,0
22800.0,32000.0,2,40000.0,2,0
22801.5,72000.0,2,90000.0,2,1
22803.0,40000.0,2,50000.0,2,1
22804.5,104000.0,2,130000.0,2,0
22806.0,144000.0,2,180000.0,2,0
22807.5,176000.0,2,220000.0,2,0
22809.0,128000.0,2,160000.0,2,0
22810.5,56000.0,2,70000.0,2,0
22812.0,48000.0,2,60000.0,2,1
22813.5,112000.0,2,140000.0,2,0
22815.0,56000.0,2,70000.0,2,0
22816.5,256000.0,2,320000.0,2,0
22818.0,48000.0,2,60000.0,2,0
22819.5,288000.0,2,360000.0,2,1
22821.0,400000.0,2,500000.0,2,0
22822.5,160000.0,2,200000.0,2,0
22824.0,128000.0,2,160000.0,2,0
22825.5,64000.0,2,80000.0,2,0
22827.0,16000.0,2,20000.0,2,0
22828.5,88000.0,2,110000.0,2,0
22830.0,24000.0,2,30000.0,2,0
22831.5,112000.0,2,140000.0,2,0
22833.0,120000.0,2,150000.0,2,0
22834.5,112000.0,2,140000.0,2,0
22836.0,368000.0,2,460000.0,2,1
22837.5,48000.0,2,60000.0,2,0
22839.0,72000.0,2,90000.0,2,1
22840.5,104000.0,2,130000.0,2,1
22842.0,240000.0,2,300000.0,2,0
22843.5,104000.0,2,130000.0,2,0
22845.0,128000.0,2,160000.0,2,0
22846.5,16000.0,2,20000.0,2,0
22848.0,16000.0,2,20000.0,2,1
22849.5,168000.0,2,210000.0,2,0
22851.0,80000.0,2,100000.0,2,0
22852.5,96000.0,2,120000.0,2,1
22854.0,48000.0,2,60000.0,2,0
22855.5,24000.0,2,30000.0,2,1
22857.0,232000.0,2,290000.0,2,0
22858.5,208000.0,2,260000.0,2,0
22860.0,104000.0,2,130000.0,2,0
22861.5,144000.0,2,180000.0,2,0
22863.0,64000.0,2,80000.0,2,0
22864.5,56000.0,2,70000.0,2,0
22866.0,232000.0,2,290000.0,2,0
22867.5,64000.0,2,80000.0,2,0
22869.0,240000.0,2,300000.0,2,0
22870.5,160000.0,2,200000.0,2,0
22872.0,24000.0,2,30000.0,2,0
22873.5,192000.0,2,240000.0,2,0
22875.0,400000.0,2,500000.0,2,0
22876.5,24000.0,2,30000.0,2,0
22878.0,144000.0,2,180000.0,2,0
22879.5,144000.0,2,180000.0,2,1
22881.0,144000.0,2,180000.0,2,0
22882.5,208000.0,2,260000.0,2,0
22884.0,64000.0,2,80000.0,2,0
22885.5,320000.0,2,400000.0,2,0
22887.0,288000.0,2,360000.0,2,0
22888.5,104000.0,2,130000.0,2,0
22890.0,40000.0,2,50000.0,2,0
22891.5,232000.0,2,290000.0,2,0
22893.0,288000.0,2,360000.0,2,0
22894.5,192000.0,2,240000.0,2,0
22896.0,64000.0,2,80000.0,2,0
22897.5,184000.0,2,230000.0,2,1
22899.0,184000.0,2,230000.0,2,0
22900.5,264000.0,2,330000.0,2,0
22902.0,24000.0,2,30000.0,2,0
22903.5,96000.0,2,120000.0,2,0
22905.0,48000.0,2,60000.0,2,0
22906.5,184000.0,2,230000.0,2,1
22908.0,264000.0,2,330000.0,2,0
22909.5,304000.0,2,380000.0,2,0
22911.0,120000.0,2,150000.0,2,0
22912.5,136000.0,2,170000.0,2,1
22914.0,160000.0,2,200000.0,2,0
22915.5,160000.0,2,200000.0,2,0
22917.0,208000.0,2,260000.0,2,0
22918.5,344000.0,2,430000.0,2,0
22920.0,16000.0,2,20000.0,2,1
22921.5,160000.0,2,200000.0,2,0
22923.0,232000.0,2,290000.0,2,0
22924.5,192000.0,2,240000.0,2,0
22926.0,232000.0,2,290000.0,2,0
22927.5,392000.0,2,490000.0,2,0
22929.0,184000.0,2,230000.0,2,0
22930.5,232000.0,2,290000.0,2,0
22932.0,16000.0,2,20000.0,2,0
22933.5,240000.0,2,300000.0,2,0
22935.0,104000.0,2,130000.0,2,1
22936.5,120000.0,2,150000.0,2,0
22938.0,40000.0,2,50000.0,2,0
22939.5,160000.0,2,200000.0,2,0
22941.0,144000.0,2,180000.0,2,0
22942.5,240000.0,2,300000.0,2,0
22944.0,24000.0,2,30000.0,2,1
22945.5,336000.0,2,420000.0,2,0
22947.0,256000.0,2,320000.0,2,0
22948.5,304000.0,2,380000.0,2,0
22950.0,216000.0,2,270000.0,2,0
22951.5,120000.0,2,150000.0,2,0
22953.0,144000.0,2,180000.0,2,0
22954.5,144000.0,2,180000.0,2,1
22956.0,112000.0,2,140000.0,2,1
22957.5,72000.0,2,90000.0,2,0
22959.0,80000.0,2,100000.0,2,0
22960.5,48000.0,2,60000.0,2,1
22962.0,112000.0,2,140000.0,2,0
22963.5,40000.0,2,50000.0,2,0
22965.0,112000.0,2,140000.0,2,0
22966.5,184000.0,2,230000.0,2,0
22968.0,192000.0,2,240000.0,2,0
22969.5,144000.0,2,180000.0,2,0
22971.0,64000.0,2,80000.0,2,0
22972.5,120000.0,2,150000.0,2,0
22974.0,240000.0,2,300000.0,2,0
22975.5,336000.0,2,420000.0,2,1
22977.0,48000.0,2,60000.0,2,0
22978.5,24000.0,2,30000.0,2,0
22980.0,168000.0,2,210000.0,2,0
22981.5,136000.0,2,170000.0,2,1
22983.0,216000.0,2,270000.0,2,0
22984.5,96000.0,2,120000.0,2,0
22986.0,120000.0,2,150000.0,2,0
22987.5,120000.0,2,150000.0,2,1
22989.0,192000.0,2,240000.0,2,0
22990.5,104000.0,2,130000.0,2,0
22992.0,120000.0,2,150000.0,2,0
22993.5,16000.0,2,20000.0,2,0
22995.0,312000.0,2,390000.0,2,0
22996.5,216000.0,2,270000.0,2,0
22998.0,144000.0,2,180000.0,2,1
22999.5,160000.0,2,200000.0,2,0
23001.0,144000.0,2,180000.0,2,0
23002.5,264000.0,2,330000.0,2,0
23004.0,112000.0,2,140000.0,2,0
23005.5,176000.0,2,220000.0,2,0
23007.0,320000.0,2,400000.0,2,0
23008.5,120000.0,2,150000.0,2,0
23010.0,160000.0,2,200000.0,2,1
23011.5,24000.0,2,30000.0,2,0
23013.0,136000.0,2,170000.0,2,0
23014.5,144000.0,2,180000.0,2,0
23016.0,240000.0,2,300000.0,2,0
23017.5,80000.0,2,100000.0,2,0
23019.0,400000.0,2,500000.0,2,0
23020.5,64000.0,2,80000.0,2,0
23022.0,48000.0,2,60000.0,2,0
23023.5,40000.0,2,50000.0,2,0
23025.0,400000.0,2,500000.0,2,0
23026.5,40000.0,2,50000.0,2,1
23028.0,128000.0,2,160000.0,2,0
23029.5,144000.0,2,180000.0,2,0
23031.0,416000.0,2,520000.0,2,0
23032.5,128000.0,2,160000.0,2,0
23034.0,304000.0,2,380000.0,2,0
23035.5,352000.0,2,440000.0,2,0
23037.0,224000.0,2,280000.0,2,0
23038.5,104000.0,2,130000.0,2,0
23040.0,200000.0,2,250000.0,2,0
23041.5,288000.0,2,360000.0,2,0
23043.0,376000.0,2,470000.0,2,0
23044.5,264000.0,2,330000.0,2,0
23046.0,192000.0,2,240000.0,2,0
23047.5,288000.0,2,360000.0,2,0
23049.0,64000.0,2,80000.0,2,1
23050.5,224000.0,2,280000.0,2,0
23052.0,48000.0,2,60000.0,2,0
23053.5,176000.0,2,220000.0,2,1
23055.0,112000.0,2,140000.0,2,0
23056.5,184000.0,2,230000.0,2,0
23058.0,288000.0,2,360000.0,2,0
23059.5,312000.0,2,390000.0,2,0
23061.0,224000.0,2,280000.0,2,0
23062.5,248000.0,2,310000.0,2,0
23064.0,400000.0,2,500000.0,2,0
23065.5,184000.0,2,230000.0,2,0
23067.0,24000.0,2,30000.0,2,0
23068.5,96000.0,2,120000.0,2,0
23070.0,160000.0,2,200000.0,2,0
23071.5,312000.0,2,390000.0,2,0
23073.0,160000.0,2,200000.0,2,0
23074.5,480000.0,2,600000.0,2,0
23076.0,16000.0,2,20000.0,2,1
23077.5,112000.0,2,140000.0,2,0
23079.0,72000.0,2,90000.0,2,1
23080.5,16000.0,2,20000.0,2,0
23082.0,24000.0,2,30000.0,2,0
23083.5,200000.0,2,250000.0,2,0
23085.0,280000.0,2,350000.0,2,0
23086.5,120000.0,2,150000.0,2,0
23088.0,240000.0,2,300000.0,2,0
23089.5,40000.0,2,50000.0,2,1
23091.0,312000.0,2,390000.0,2,0
23092.5,96000.0,2,120000.0,2,0
23094.0,112000.0,2,140000.0,2,0
23095.5,64000.0,2,80000.0,2,0
23097.0,40000.0,2,50000.0,2,0
23098.5,112000.0,2,140000.0,2,1
23100.0,264000.0,2,330000.0,2,0
23101.5,224000.0,2,280000.0,2,0
23103.0,376000.0,2,470000.0,2,1
23104.5,80000.0,2,100000.0,2,0
23106.0,128000.0,2,160000.0,2,0
23107.5,256000.0,2,320000.0,2,0
23109.0,104000.0,2,130000.0,2,0
23110.5,40000.0,2,50000.0,2,0
23112.0,432000.0,2,540000.0,2,0
23113.5,40000.0,2,50000.0,2,0
23115.0,112000.0,2,140000.0,2,0
23116.5,40000.0,2,50000.0,2,0
23118.0,288000.0,2,360000.0,2,0
23119.5,336000.0,2,420000.0,2,0
23121.0,288000.0,2,360000.0,2,0
23122.5,88000.0,2,110000.0,2,1
23124.0,136000.0,2,170000.0,2,0
23125.5,280000.0,2,350000.0,2,0
23127.0,192000.0,2,240000.0,2,0
23128.5,192000.0,2,240000.0,2,0
23130.0,64000.0,2,80000.0,2,0
23131.5,48000.0,2,60000.0,2,0
23133.0,176000.0,2,220000.0,2,1
23134.5,400000.0,2,500000.0,2,0
23136.0,16000.0,1,20000.0,1,0
23137.5,288000.0,1,360000.0,1,1
23139.0,240000.0,2,300000.0,2,0
23140.5,48000.0,1,60000.0,1,1
23142.0,288000.0,1,360000.0,1,1
23143.5,40000.0,1,50000.0,1,0
23145.0,104000.0,1,130000.0,1,0
23146.5,40000.0,1,50000.0,1,0
23148.0,120000.0,1,150000.0,1,0
23149.5,24000.0,1,30000.0,1,0
23151.0,280000.0,1,350000.0,1,0
23152.5,40000.0,1,50000.0,1,0
23154.0,16000.0,1,20000.0,1,0
23155.5,16000.0,1,20000.0,1,0
23157.0,144000.0,1,180000.0,1,0
23158.5,40000.0,1,50000.0,1,0
23160.0,120000.0,1,150000.0,1,1
23161.5,96000.0,1,120000.0,1,0
23163.0,16000.0,1,20000.0,1,1
23164.5,48000.0,1,60000.0,1,0
23166.0,64000.0,1,80000.0,1,1
23167.5,40000.0,1,50000.0,1,0
23169.0,40000.0,1,50000.0,1,0
23170.5,24000.0,1,30000.0,1,0
23172.0,16000.0,1,20000.0,1,1
23173.5,40000.0,1,50000.0,1,0
23175.0,120000.0,1,150000.0,1,0
23176.5,40000.0,1,50000.0,1,0
23178.0,400000.0,1,500000.0,1,0
23179.5,96000.0,1,120000.0,1,0
23181.0,208000.0,1,260000.0,1,0
23182.5,16000.0,1,20000.0,1,1
23184.0,16000.0,1,20000.0,1,0
23185.5,160000.0,1,200000.0,1,0
23187.0,64000.0,1,80000.0,1,0
23188.5,128000.0,1,160000.0,1,0
23190.0,160000.0,1,200000.0,1,0
23191.5,72000.0,1,90000.0,1,0
23193.0,16000.0,1,20000.0,1,0
23194.5,96000.0,1,120000.0,1,0
23196.0,392000.0,1,490000.0,1,0
23197.5,232000.0,1,290000.0,1,0
23199.0,128000.0,1,160000.0,1,0
23200.5,176000.0,1,220000.0,1,0
23202.0,232000.0,1,290000.0,1,0
23203.5,288000.0,1,360000.0,1,1
23205.0,96000.0,1,120000.0,1,1
23206.5,288000.0,1,360000.0,1,0
23208.0,64000.0,1,80000.0,1,1
23209.5,336000.0,1,420000.0,1,0
23211.0,288000.0,1,360000.0,1,0
23212.5,184000.0,1,230000.0,1,0
23214.0,40000.0,1,50000.0,1,1
23215.5,48000.0,1,60000.0,1,0
23217.0,160000.0,1,200000.0,1,0
23218.5,384000.0,1,480000.0,1,0
23220.0,288000.0,1,360000.0,1,0
23221.5,80000.0,1,100000.0,1,1
23223.0,120000.0,1,150000.0,1,1
23224.5,16000.0,1,20000.0,1,0
23226.0,400000.0,1,500000.0,1,0
23227.5,144000.0,1,180000.0,1,0
23229.0,184000.0,1,230000.0,1,0
23230.5,144000.0,1,180000.0,1,0
23232.0,48000.0,1,60000.0,1,1
23233.5,160000.0,1,200000.0,1,1
23235.0,24000.0,1,30000.0,1,0
23236.5,16000.0,1,20000.0,1,1
23238.0,88000.0,1,110000.0,1,0
23239.5,64000.0,1,80000.0,1,1
23241.0,128000.0,1,160000.0,1,0
23242.5,16000.0,1,20000.0,1,1
23244.0,24000.0,1,30000.0,1,0
23245.5,24000.0,1,30000.0,1,0
23247.0,120000.0,1,150000.0,1,1
23248.5,224000.0,1,280000.0,1,0
23250.0,40000.0,1,50000.0,1,0
23251.5,40000.0,1,50000.0,1,1
23253.0,224000.0,1,280000.0,1,0
23254.5,160000.0,1,200000.0,1,0
23256.0,168000.0,1,210000.0,1,1
23257.5,288000.0,1,360000.0,1,0
23259.0,40000.0,1,50000.0,1,0
23260.5,72000.0,1,90000.0,1,0
23262.0,216000.0,1,270000.0,1,0
23263.5,40000.0,1,50000.0,1,0
23265.0,64000.0,1,80000.0,1,0
23266.5,128000.0,1,160000.0,1,0
23268.0,160000.0,1,200000.0,1,0
23269.5,24000.0,1,30000.0,1,1
23271.0,208000.0,1,260000.0,1,1
23272.5,416000.0,1,520000.0,1,0
23274.0,112000.0,1,140000.0,1,1
23275.5,16000.0,1,20000.0,1,1
23277.0,40000.0,1,50000.0,1,1
23278.5,40000.0,1,50000.0,1,0
23280.0,136000.0,1,170000.0,1,0
23281.5,144000.0,1,180000.0,1,0
23283.0,288000.0,1,360000.0,1,0
23284.5,176000.0,1,220000.0,1,0
23286.0,400000.0,1,500000.0,1,0
23287.5,64000.0,1,80000.0,1,0
23289.0,120000.0,1,150000.0,1,0
23290.5,112000.0,1,140000.0,1,1
23292.0,152000.0,1,190000.0,1,0
23293.5,160000.0,1,200000.0,1,0
23295.0,208000.0,1,260000.0,1,0
23296.5,168000.0,1,210000.0,1,0
23298.0,192000.0,1,240000.0,1,1
23299.5,112000.0,1,140000.0,1,1
23301.0,160000.0,1,200000.0,1,0
23302.5,160000.0,1,200000.0,1,0
23304.0,400000.0,1,500000.0,1,0
23305.5,40000.0,1,50000.0,1,1
23307.0,104000.0,1,130000.0,1,0
23308.5,184000.0,1,230000.0,1,0
23310.0,208000.0,1,260000.0,1,0
23311.5,208000.0,1,260000.0,1,0
23313.0,128000.0,1,160000.0,1,0
23314.5,200000.0,1,250000.0,1,1
23316.0,144000.0,1,180000.0,1,0
23317.5,16000.0,1,20000.0,1,1
23319.0,216000.0,1,270000.0,1,1
23320.5,224000.0,1,280000.0,1,0
23322.0,24000.0,1,30000.0,1,0
23323.5,360000.0,1,450000.0,1,1
23325.0,288000.0,1,360000.0,1,0
23326.5,16000.0,1,20000.0,1,0
23328.0,160000.0,1,200000.0,1,1
23329.5,400000.0,1,500000.0,1,0
23331.0,160000.0,1,200000.0,1,0
23332.5,360000.0,1,450000.0,1,0
23334.0,16000.0,1,20000.0,1,1
23335.5,400000.0,1,500000.0,1,0
23337.0,208000.0,1,260000.0,1,0
23338.5,48000.0,1,60000.0,1,1
23340.0,8000.0,1,10000.0,1,0
23341.5,192000.0,1,240000.0,1,0
23343.0,384000.0,1,480000.0,1,0
23344.5,416000.0,1,520000.0,1,0
23346.0,16000.0,1,20000.0,1,1
23347.5,144000.0,1,180000.0,1,0
23349.0,232000.0,1,290000.0,1,0
23350.5,40000.0,1,50000.0,1,1
23352.0,400000.0,1,500000.0,1,0
23353.5,80000.0,1,100000.0,1,0
23355.0,240000.0,1,300000.0,1,0
23356.5,104000.0,1,130000.0,1,0
23358.0,400000.0,1,500000.0,1,0
23359.5,176000.0,1,220000.0,1,0
23361.0,208000.0,1,260000.0,1,0
23362.5,40000.0,1,50000.0,1,1
23364.0,88000.0,1,110000.0,1,1
23365.5,280000.0,1,350000.0,1,0
23367.0,144000.0,1,180000.0,1,0
23368.5,96000.0,1,120000.0,1,0
23370.0,368000.0,1,460000.0,1,1
23371.5,200000.0,1,250000.0,1,1
23373.0,40000.0,1,50000.0,1,0
23374.5,280000.0,1,350000.0,1,0
23376.0,16000.0,1,20000.0,1,1
23377.5,232000.0,1,290000.0,1,0
23379.0,400000.0,1,500000.0,1,1
23380.5,192000.0,1,240000.0,1,0
23382.0,40000.0,1,50000.0,1,0
23383.5,144000.0,1,180000.0,1,0
23385.0,400000.0,1,500000.0,1,0
23386.5,88000.0,1,110000.0,1,0
23388.0,400000.0,1,500000.0,1,0
23389.5,24000.0,1,30000.0,1,0
23391.0,480000.0,1,600000.0,1,1
23392.5,64000.0,1,80000.0,1,0
23394.0,216000.0,1,270000.0,1,0
23395.5,24000.0,1,30000.0,1,0
23397.0,16000.0,2,20000.0,2,1
23398.5,16000.0,2,20000.0,2,0
23400.0,72000.0,1,90000.0,1,1
23401.5,128000.0,1,160000.0,1,0
23403.0,72000.0,2,90000.0,2,0
23404.5,48000.0,2,60000.0,2,1
23406.0,16000.0,2,20000.0,2,0
23407.5,96000.0,2,120000.0,2,0
23409.0,16000.0,2,20000.0,2,0
23410.5,104000.0,2,130000.0,2,1
23412.0,72000.0,2,90000.0,2,0
23413.5,344000.0,2,430000.0,2,0
23415.0,288000.0,2,360000.0,2,0
23416.5,8000.0,2,10000.0,2,0
23418.0,168000.0,2,210000.0,2,0
23419.5,96000.0,2,120000.0,2,0
23421.0,96000.0,2,120000.0,2,0
23422.5,80000.0,2,100000.0,2,0
23424.0,48000.0,2,60000.0,2,1
23425.5,16000.0,2,20000.0,2,0
23427.0,160000.0,2,200000.0,2,0
23428.5,72000.0,2,90000.0,2,1
23430.0,176000.0,2,220000.0,2,0
23431.5,144000.0,2,180000.0,2,0
23433.0,256000.0,2,320000.0,2,0
23434.5,224000.0,2,280000.0,2,0
23436.0,104000.0,2,130000.0,2,0
23437.5,224000.0,2,280000.0,2,1
23439.0,40000.0,2,50000.0,2,0
23440.5,160000.0,2,200000.0,2,0
23442.0,256000.0,2,320000.0,2,0
23443.5,72000.0,2,90000.0,2,0
23445.0,144000.0,2,180000.0,2,0
23446.5,112000.0,2,140000.0,2,0
23448.0,264000.0,2,330000.0,2,0
23449.5,72000.0,2,90000.0,2,1
23451.0,144000.0,2,180000.0,2,0
23452.5,160000.0,2,200000.0,2,0
23454.0,216000.0,2,270000.0,2,0
23455.5,48000.0,2,60000.0,2,0
23457.0,64000.0,2,80000.0,2,0
23458.5,200000.0,2,250000.0,2,1
23460.0,216000.0,2,270000.0,2,0
23461.5,136000.0,2,170000.0,2,0
23463.0,200000.0,2,250000.0,2,0
23464.5,288000.0,2,360000.0,2,0
23466.0,248000.0,2,310000.0,2,0
23467.5,160000.0,2,200000.0,2,0
23469.0,104000.0,2,130000.0,2,0
23470.5,248000.0,2,310000.0,2,0
23472.0,160000.0,2,200000.0,2,0
23473.5,152000.0,2,190000.0,2,0
23475.0,168000.0,2,210000.0,2,0
23476.5,80000.0,2,100000.0,2,0
23478.0,72000.0,2,90000.0,2,0
23479.5,232000.0,2,290000.0,2,0
23481.0,160000.0,2,200000.0,2,0
23482.5,96000.0,2,120000.0,2,0
23484.0,104000.0,2,130000.0,2,1
23485.5,120000.0,2,150000.0,2,0
23487.0,176000.0,2,220000.0,2,0
23488.5,160000.0,2,200000.0,2,0
23490.0,96000.0,2,120000.0,2,0
23491.5,160000.0,2,200000.0,2,0
23493.0,80000.0,2,100000.0,2,0
23494.5,104000.0,2,130000.0,2,0
23496.0,8000.0,2,10000.0,2,1
23497.5,120000.0,2,150000.0,2,0
23499.0,48000.0,2,60000.0,2,0
23500.5,104000.0,1,130000.0,1,0
23502.0,40000.0,1,50000.0,1,0
23503.5,328000.0,1,410000.0,1,0
23505.0,168000.0,1,210000.0,1,0
23506.5,112000.0,1,140000.0,1,0
23508.0,64000.0,1,80000.0,1,1
23509.5,24000.0,1,30000.0,1,1
23511.0,160000.0,1,200000.0,1,0
23512.5,440000.0,1,550000.0,1,0
23514.0,64000.0,1,80000.0,1,1
23515.5,40000.0,1,50000.0,1,0
23517.0,24000.0,1,30000.0,1,0
23518.5,80000.0,1,100000.0,1,0
23520.0,56000.0,1,70000.0,1,0
23521.5,176000.0,1,220000.0,1,0
23523.0,24000.0,1,30000.0,1,1
23524.5,200000.0,1,250000.0,1,0
23526.0,16000.0,1,20000.0,1,0
23527.5,168000.0,1,210000.0,1,0
23529.0,288000.0,1,360000.0,1,0
23530.5,136000.0,1,170000.0,1,0
23532.0,8000.0,1,10000.0,1,0
23533.5,224000.0,1,280000.0,1,1
23535.0,24000.0,1,30000.0,1,1
23536.5,16000.0,1,20000.0,1,0
23538.0,8000.0,1,10000.0,1,1
23539.5,64000.0,1,80000.0,1,0
23541.0,288000.0,1,360000.0,1,0
23542.5,200000.0,1,250000.0,1,0
23544.0,136000.0,1,170000.0,1,0
23545.5,64000.0,1,80000.0,1,1
23547.0,104000.0,1,130000.0,1,0
23548.5,208000.0,1,260000.0,1,0
23550.0,16000.0,1,20000.0,1,0
23551.5,320000.0,1,400000.0,1,1
23553.0,176000.0,1,220000.0,1,0
23554.5,144000.0,1,180000.0,1,0
23556.0,8000.0,1,10000.0,1,0
23557.5,400000.0,1,500000.0,1,0
23559.0,40000.0,1,50000.0,1,0
23560.5,144000.0,1,180000.0,1,0
23562.0,296000.0,1,370000.0,1,0
23563.5,288000.0,1,360000.0,1,0
23565.0,184000.0,1,230000.0,1,0
23566.5,216000.0,1,270000.0,1,0
23568.0,120000.0,1,150000.0,1,0
23569.5,136000.0,1,170000.0,1,0
23571.0,8000.0,1,10000.0,1,0
23572.5,168000.0,1,210000.0,1,0
23574.0,216000.0,1,270000.0,1,0
23575.5,40000.0,1,50000.0,1,0
23577.0,200000.0,1,250000.0,1,0
23578.5,40000.0,1,50000.0,1,1
23580.0,224000.0,1,280000.0,1,0
23581.5,168000.0,1,210000.0,1,0
23583.0,288000.0,1,360000.0,1,0
23584.5,200000.0,1,250000.0,1,0
23586.0,136000.0,1,170000.0,1,0
23587.5,112000.0,1,140000.0,1,0
23589.0,24000.0,2,30000.0,2,0
23590.5,16000.0,2,20000.0,2,1
23592.0,40000.0,2,50000.0,2,0
23593.5,40000.0,2,50000.0,2,0
23595.0,48000.0,2,60000.0,2,1
23596.5,136000.0,1,170000.0,1,0
23598.0,176000.0,1,220000.0,1,0
23599.5,40000.0,2,50000.0,2,0
23601.0,16000.0,2,20000.0,2,0
23602.5,16000.0,2,20000.0,2,0
23604.0,40000.0,2,50000.0,2,1
23605.5,128000.0,2,160000.0,2,0
23607.0,320000.0,2,400000.0,2,0
23608.5,112000.0,2,140000.0,2,0
23610.0,64000.0,2,80000.0,2,0
23611.5,112000.0,2,140000.0,2,0
23613.0,272000.0,2,340000.0,2,0
23614.5,56000.0,2,70000.0,2,0
23616.0,104000.0,2,130000.0,2,0
23617.5,24000.0,2,30000.0,2,1
23619.0,72000.0,2,90000.0,2,0
23620.5,24000.0,2,30000.0,2,0
23622.0,80000.0,2,100000.0,2,0
23623.5,16000.0,2,20000.0,2,0
23625.0,24000.0,2,30000.0,2,0
23626.5,72000.0,2,90000.0,2,0
23628.0,16000.0,2,20000.0,2,1
23629.5,24000.0,2,30000.0,2,0
23631.0,64000.0,2,80000.0,2,0
23632.5,160000.0,2,200000.0,2,0
23634.0,48000.0,2,60000.0,2,0
23635.5,48000.0,2,60000.0,2,0
23637.0,64000.0,2,80000.0,2,1
23638.5,16000.0,2,20000.0,2,1
23640.0,104000.0,2,130000.0,2,0
23641.5,16000.0,2,20000.0,2,1
23643.0,40000.0,2,50000.0,2,0
23644.5,48000.0,2,60000.0,2,1
23646.0,80000.0,2,100000.0,2,0
23647.5,56000.0,2,70000.0,2,0
23649.0,24000.0,2,30000.0,2,1
23650.5,8000.0,2,10000.0,2,0
23652.0,8000.0,2,10000.0,2,0
23653.5,40000.0,2,50000.0,2,1
23655.0,24000.0,2,30000.0,2,0
23656.5,24000.0,2,30000.0,2,1
23658.0,80000.0,2,100000.0,2,0
23659.5,24000.0,2,30000.0,2,1
23661.0,72000.0,2,90000.0,2,0
23662.5,112000.0,2,140000.0,2,1
23664.0,40000.0,2,50000.0,2,0
23665.5,56000.0,2,70000.0,2,0
23667.0,8000.0,2,10000.0,2,1
23668.5,16000.0,2,20000.0,2,1
23670.0,80000.0,2,100000.0,2,0
23671.5,104000.0,2,130000.0,2,0
23673.0,104000.0,2,130000.0,2,0
23674.5,64000.0,2,80000.0,2,0
23676.0,40000.0,2,50000.0,2,0
23677.5,40000.0,2,50000.0,2,1
23679.0,120000.0,2,150000.0,2,0
23680.5,40000.0,2,50000.0,2,0
23682.0,56000.0,2,70000.0,2,0
23683.5,24000.0,2,30000.0,2,1
23685.0,312000.0,2,390000.0,2,0
23686.5,64000.0,2,80000.0,2,0
23688.0,56000.0,2,70000.0,2,0
23689.5,24000.0,2,30000.0,2,1
23691.0,48000.0,2,60000.0,2,0
23692.5,16000.0,2,20000.0,2,0
23694.0,56000.0,2,70000.0,2,1
23695.5,160000.0,2,200000.0,2,0
23697.0,40000.0,2,50000.0,2,0
23698.5,40000.0,2,50000.0,2,0
23700.0,16000.0,2,20000.0,2,0
23701.5,40000.0,2,50000.0,2,0
23703.0,72000.0,2,90000.0,2,0
23704.5,80000.0,2,100000.0,2,0
23706.0,56000.0,2,70000.0,2,0
23707.5,72000.0,2,90000.0,2,0
23709.0,24000.0,2,30000.0,2,0
23710.5,80000.0,2,100000.0,2,0
23712.0,224000.0,2,280000.0,2,0
23713.5,80000.0,2,100000.0,2,0
23715.0,112000.0,2,140000.0,2,0
23716.5,8000.0,2,10000.0,2,1
23718.0,40000.0,2,50000.0,2,0
23719.5,96000.0,2,120000.0,2,0
23721.0,16000.0,2,20000.0,2,1
23722.5,24000.0,2,30000.0,2,0
23724.0,104000.0,2,130000.0,2,0
23725.5,120000.0,2,150000.0,2,0
23727.0,144000.0,2,180000.0,2,0
23728.5,320000.0,2,400000.0,2,0
23730.0,240000.0,2,300000.0,2,0
23731.5,24000.0,2,30000.0,2,0
23733.0,104000.0,2,130000.0,2,0
23734.5,16000.0,2,20000.0,2,1
23736.0,40000.0,2,50000.0,2,0
23737.5,64000.0,2,80000.0,2,0
23739.0,16000.0,2,20000.0,2,0
23740.5,40000.0,2,50000.0,2,1
23742.0,64000.0,2,80000.0,2,0
23743.5,272000.0,2,340000.0,2,0
23745.0,24000.0,2,30000.0,2,0
23746.5,96000.0,2,120000.0,2,0
23748.0,40000.0,2,50000.0,2,1
23749.5,40000.0,2,50000.0,2,0
23751.0,400000.0,2,500000.0,2,0
23752.5,288000.0,2,360000.0,2,1
23754.0,48000.0,2,60000.0,2,0
23755.5,40000.0,2,50000.0,2,0
23757.0,104000.0,2,130000.0,2,0
23758.5,288000.0,2,360000.0,2,0
23760.0,128000.0,2,160000.0,2,0
23761.5,288000.0,2,360000.0,2,0
23763.0,168000.0,2,210000.0,2,0
23764.5,184000.0,2,230000.0,2,1
23766.0,56000.0,2,70000.0,2,1
23767.5,40000.0,2,50000.0,2,0
23769.0,64000.0,2,80000.0,2,0
23770.5,80000.0,2,100000.0,2,1
23772.0,160000.0,2,200000.0,2,0
23773.5,56000.0,2,70000.0,2,0
23775.0,88000.0,2,110000.0,2,0
23776.5,40000.0,2,50000.0,2,1
23778.0,40000.0,2,50000.0,2,0
23779.5,56000.0,2,70000.0,2,0
23781.0,48000.0,2,60000.0,2,1
23782.5,104000.0,2,130000.0,2,0
23784.0,120000.0,2,150000.0,2,1
23785.5,24000.0,2,30000.0,2,0
23787.0,160000.0,2,200000.0,2,0
23788.5,40000.0,2,50000.0,2,0
23790.0,208000.0,2,260000.0,2,0
23791.5,288000.0,2,360000.0,2,0
23793.0,24000.0,2,30000.0,2,1
23794.5,80000.0,2,100000.0,2,1
23796.0,64000.0,2,80000.0,2,0
23797.5,24000.0,2,30000.0,2,0
23799.0,320000.0,2,400000.0,2,0
23800.5,192000.0,2,240000.0,2,0
23802.0,88000.0,2,110000.0,2,1
23803.5,176000.0,2,220000.0,2,0
23805.0,160000.0,2,200000.0,2,0
23806.5,288000.0,2,360000.0,2,0
23808.0,24000.0,2,30000.0,2,0
23809.5,88000.0,2,110000.0,2,0
23811.0,64000.0,2,80000.0,2,0
23812.5,40000.0,2,50000.0,2,0
23814.0,80000.0,2,100000.0,2,1
23815.5,40000.0,2,50000.0,2,0
23817.0,280000.0,2,350000.0,2,1
23818.5,64000.0,2,80000.0,2,1
23820.0,72000.0,2,90000.0,2,0
23821.5,96000.0,2,120000.0,2,0
23823.0,40000.0,2,50000.0,2,0
23824.5,40000.0,2,50000.0,2,0
23826.0,72000.0,2,90000.0,2,0
23827.5,56000.0,2,70000.0,2,0
23829.0,8000.0,2,10000.0,2,0
23830.5,104000.0,2,130000.0,2,0
23832.0,288000.0,2,360000.0,2,0
23833.5,64000.0,2,80000.0,2,0
23835.0,56000.0,2,70000.0,2,0
23836.5,24000.0,2,30000.0,2,1
23838.0,64000.0,2,80000.0,2,0
23839.5,64000.0,2,80000.0,2,0
23841.0,120000.0,2,150000.0,2,0
23842.5,208000.0,2,260000.0,2,0
23844.0,16000.0,2,20000.0,2,0
23845.5,16000.0,2,20000.0,2,1
23847.0,160000.0,2,200000.0,2,0
23848.5,88000.0,2,110000.0,2,1
23850.0,128000.0,2,160000.0,2,0
23851.5,16000.0,2,20000.0,2,0
23853.0,88000.0,2,110000.0,2,0
23854.5,160000.0,2,200000.0,2,1
23856.0,40000.0,2,50000.0,2,1
23857.5,272000.0,2,340000.0,2,0
23859.0,176000.0,2,220000.0,2,0
23860.5,144000.0,2,180000.0,2,0
23862.0,88000.0,2,110000.0,2,0
23863.5,40000.0,2,50000.0,2,0
23865.0,40000.0,2,50000.0,2,0
23866.5,192000.0,2,240000.0,2,0
23868.0,160000.0,2,200000.0,2,0
23869.5,72000.0,2,90000.0,2,0
23871.0,16000.0,2,20000.0,2,1
23872.5,240000.0,2,300000.0,2,1
23874.0,232000.0,2,290000.0,2,0
23875.5,16000.0,2,20000.0,2,1
23877.0,160000.0,2,200000.0,2,0
23878.5,104000.0,2,130000.0,2,0
23880.0,8000.0,2,10000.0,2,0
23881.5,168000.0,2,210000.0,2,0
23883.0,104000.0,2,130000.0,2,0
23884.5,64000.0,2,80000.0,2,1
23886.0,328000.0,2,410000.0,2,0
23887.5,48000.0,2,60000.0,2,1
23889.0,24000.0,2,30000.0,2,0
23890.5,256000.0,2,320000.0,2,0
23892.0,64000.0,2,80000.0,2,0
23893.5,168000.0,2,210000.0,2,0
23895.0,48000.0,2,60000.0,2,1
23896.5,248000.0,2,310000.0,2,0
23898.0,104000.0,2,130000.0,2,0
23899.5,48000.0,2,60000.0,2,0
23901.0,24000.0,2,30000.0,2,0
23902.5,120000.0,2,150000.0,2,0
23904.0,24000.0,2,30000.0,2,1
23905.5,104000.0,2,130000.0,2,0
23907.0,40000.0,2,50000.0,2,0
23908.5,136000.0,2,170000.0,2,0
23910.0,24000.0,2,30000.0,2,1
23911.5,200000.0,2,250000.0,2,0
23913.0,88000.0,2,110000.0,2,0
23914.5,128000.0,2,160000.0,2,0
23916.0,272000.0,2,340000.0,2,0
23917.5,80000.0,2,100000.0,2,0
23919.0,184000.0,2,230000.0,2,0
23920.5,160000.0,2,200000.0,2,0
23922.0,24000.0,2,30000.0,2,1
23923.5,96000.0,2,120000.0,2,0
23925.0,96000.0,2,120000.0,2,0
23926.5,40000.0,2,50000.0,2,1
23928.0,16000.0,2,20000.0,2,0
23929.5,400000.0,2,500000.0,2,0
23931.0,80000.0,2,100000.0,2,0
23932.5,40000.0,2,50000.0,2,1
23934.0,168000.0,2,210000.0,2,0
23935.5,40000.0,2,50000.0,2,0
23937.0,160000.0,2,200000.0,2,1
23938.5,120000.0,2,150000.0,2,0
23940.0,40000.0,2,50000.0,2,1
23941.5,240000.0,2,300000.0,2,0
23943.0,96000.0,2,120000.0,2,0
23944.5,152000.0,2,190000.0,2,0
23946.0,56000.0,2,70000.0,2,0
23947.5,40000.0,2,50000.0,2,1
23949.0,40000.0,2,50000.0,2,0
23950.5,64000.0,2,80000.0,2,0
23952.0,24000.0,2,30000.0,2,1
23953.5,112000.0,2,140000.0,2,0
23955.0,16000.0,2,20000.0,2,1
23956.5,24000.0,2,30000.0,2,1
23958.0,208000.0,2,260000.0,2,0
23959.5,24000.0,2,30000.0,2,1
23961.0,40000.0,2,50000.0,2,1
23962.5,40000.0,2,50000.0,2,0
23964.0,48000.0,2,60000.0,2,1
23965.5,40000.0,2,50000.0,2,1
23967.0,64000.0,2,80000.0,2,0
23968.5,64000.0,2,80000.0,2,1
23970.0,80000.0,2,100000.0,2,0
23971.5,24000.0,2,30000.0,2,0
23973.0,24000.0,2,30000.0,2,0
23974.5,24000.0,2,30000.0,2,0
23976.0,40000.0,2,50000.0,2,1
23977.5,192000.0,2,240000.0,2,1
23979.0,24000.0,2,30000.0,2,0
23980.5,192000.0,2,240000.0,2,0
23982.0,40000.0,2,50000.0,2,1
23983.5,56000.0,2,70000.0,2,1
23985.0,64000.0,2,80000.0,2,0
23986.5,96000.0,2,120000.0,2,0
23988.0,80000.0,2,100000.0,2,0
23989.5,40000.0,2,50000.0,2,0
23991.0,256000.0,2,320000.0,2,0
23992.5,176000.0,2,220000.0,2,0
23994.0,112000.0,2,140000.0,2,0
23995.5,112000.0,2,140000.0,2,1
23997.0,40000.0,2,50000.0,2,0
23998.5,48000.0,2,60000.0,2,1
24000.0,72000.0,2,90000.0,2,0
24001.5,16000.0,2,20000.0,2,1
24003.0,104000.0,2,130000.0,2,0
24004.5,64000.0,2,80000.0,2,1
24006.0,184000.0,2,230000.0,2,0
24007.5,144000.0,2,180000.0,2,0
24009.0,16000.0,2,20000.0,2,0
24010.5,168000.0,2,210000.0,2,0
24012.0,56000.0,2,70000.0,2,0
24013.5,40000.0,2,50000.0,2,0
24015.0,112000.0,2,140000.0,2,0
24016.5,80000.0,2,100000.0,2,0
24018.0,64000.0,2,80000.0,2,0
24019.5,240000.0,2,300000.0,2,0
24021.0,160000.0,2,200000.0,2,0
24022.5,80000.0,2,100000.0,2,0
24024.0,40000.0,2,50000.0,2,0
24025.5,112000.0,2,140000.0,2,0
24027.0,40000.0,2,50000.0,2,0
24028.5,400000.0,2,500000.0,2,0
24030.0,288000.0,2,360000.0,2,0
24031.5,192000.0,2,240000.0,2,0
24033.0,160000.0,2,200000.0,2,0
24034.5,224000.0,2,280000.0,2,0
24036.0,264000.0,2,330000.0,2,0
24037.5,80000.0,2,100000.0,2,0
24039.0,24000.0,2,30000.0,2,1
24040.5,104000.0,2,130000.0,2,1
24042.0,24000.0,2,30000.0,2,0
24043.5,40000.0,2,50000.0,2,1
24045.0,64000.0,2,80000.0,2,1
24046.5,456000.0,2,570000.0,2,0
24048.0,16000.0,2,20000.0,2,0
24049.5,72000.0,2,90000.0,2,0
24051.0,120000.0,2,150000.0,2,1
24052.5,88000.0,2,110000.0,2,0
24054.0,136000.0,2,170000.0,2,0
24055.5,72000.0,2,90000.0,2,0
24057.0,88000.0,2,110000.0,2,0
24058.5,16000.0,2,20000.0,2,0
24060.0,160000.0,2,200000.0,2,1
24061.5,40000.0,2,50000.0,2,0
24063.0,40000.0,2,50000.0,2,0
24064.5,24000.0,2,30000.0,2,0
24066.0,40000.0,2,50000.0,2,1
24067.5,64000.0,2,80000.0,2,0
24069.0,128000.0,2,160000.0,2,0
24070.5,8000.0,2,10000.0,2,1
24072.0,16000.0,2,20000.0,2,0
24073.5,56000.0,2,70000.0,2,0
24075.0,88000.0,2,110000.0,2,0
24076.5,120000.0,2,150000.0,2,0
24078.0,400000.0,2,500000.0,2,0
24079.5,24000.0,2,30000.0,2,1
24081.0,128000.0,2,160000.0,2,0
24082.5,240000.0,2,300000.0,2,0
24084.0,160000.0,2,200000.0,2,0
24085.5,40000.0,2,50000.0,2,0
24087.0,64000.0,2,80000.0,2,0
24088.5,112000.0,2,140000.0,2,0
24090.0,48000.0,2,60000.0,2,1
24091.5,40000.0,2,50000.0,2,0
24093.0,24000.0,2,30000.0,2,0
24094.5,64000.0,2,80000.0,2,0
24096.0,40000.0,2,50000.0,2,0
24097.5,72000.0,2,90000.0,2,0
24099.0,96000.0,2,120000.0,2,0
24100.5,40000.0,2,50000.0,2,1
24102.0,64000.0,2,80000.0,2,0
24103.5,128000.0,2,160000.0,2,0
24105.0,112000.0,2,140000.0,2,0
24106.5,40000.0,2,50000.0,2,0
24108.0,40000.0,2,50000.0,2,0
24109.5,40000.0,2,50000.0,2,0
24111.0,288000.0,2,360000.0,2,0
24112.5,96000.0,2,120000.0,2,0
24114.0,128000.0,2,160000.0,2,1
24115.5,80000.0,2,100000.0,2,0
24117.0,88000.0,2,110000.0,2,0
24118.5,240000.0,2,300000.0,2,1
24120.0,88000.0,2,110000.0,2,0
24121.5,176000.0,2,220000.0,2,0
24123.0,80000.0,2,100000.0,2,0
24124.5,40000.0,2,50000.0,2,0
24126.0,112000.0,2,140000.0,2,0
24127.5,40000.0,2,50000.0,2,0
24129.0,24000.0,2,30000.0,2,1
24130.5,136000.0,2,170000.0,2,0
24132.0,208000.0,2,260000.0,2,1
24133.5,232000.0,2,290000.0,2,1
24135.0,64000.0,2,80000.0,2,1
24136.5,128000.0,2,160000.0,2,0
24138.0,80000.0,2,100000.0,2,1
24139.5,32000.0,2,40000.0,2,1
24141.0,232000.0,2,290000.0,2,0
24142.5,128000.0,2,160000.0,2,1
24144.0,112000.0,2,140000.0,2,0
24145.5,64000.0,2,80000.0,2,0
24147.0,24000.0,2,30000.0,2,1
24148.5,56000.0,2,70000.0,2,1
24150.0,24000.0,2,30000.0,2,1
24151.5,40000.0,2,50000.0,2,1
24153.0,456000.0,2,570000.0,2,0
24154.5,160000.0,2,200000.0,2,0
24156.0,8000.0,2,10000.0,2,0
24157.5,48000.0,2,60000.0,2,1
24159.0,176000.0,2,220000.0,2,1
24160.5,48000.0,2,60000.0,2,1
24162.0,224000.0,2,280000.0,2,1
24163.5,8000.0,2,10000.0,2,0
24165.0,160000.0,2,200000.0,2,0
24166.5,160000.0,2,200000.0,2,1
24168.0,176000.0,2,220000.0,2,0
24169.5,296000.0,2,370000.0,2,0
24171.0,80000.0,2,100000.0,2,0
24172.5,232000.0,2,290000.0,2,0
24174.0,16000.0,2,20000.0,2,1
24175.5,160000.0,2,200000.0,2,1
24177.0,88000.0,2,110000.0,2,0
24178.5,64000.0,2,80000.0,2,0
24180.0,80000.0,2,100000.0,2,0
24181.5,40000.0,2,50000.0,2,0
24183.0,16000.0,2,20000.0,2,1
24184.5,240000.0,2,300000.0,2,0
24186.0,128000.0,2,160000.0,2,0
24187.5,64000.0,2,80000.0,2,1
24189.0,24000.0,2,30000.0,2,1
24190.5,24000.0,2,30000.0,2,0
24192.0,48000.0,2,60000.0,2,0
24193.5,160000.0,2,200000.0,2,1
24195.0,40000.0,2,50000.0,2,0
24196.5,40000.0,2,50000.0,2,0
24198.0,216000.0,2,270000.0,2,0
24199.5,24000.0,2,30000.0,2,1
24201.0,48000.0,2,60000.0,2,1
24202.5,48000.0,2,60000.0,2,1
24204.0,40000.0,2,50000.0,2,1
24205.5,176000.0,2,220000.0,2,0
24207.0,40000.0,2,50000.0,2,1
24208.5,24000.0,2,30000.0,2,1
24210.0,224000.0,2,280000.0,2,0
24211.5,96000.0,2,120000.0,2,0
24213.0,96000.0,2,120000.0,2,0
24214.5,56000.0,2,70000.0,2,0
24216.0,440000.0,2,550000.0,2,0
24217.5,176000.0,2,220000.0,2,0
24219.0,272000.0,2,340000.0,2,0
24220.5,88000.0,2,110000.0,2,0
24222.0,112000.0,2,140000.0,2,0
24223.5,288000.0,2,360000.0,2,1
24225.0,232000.0,2,290000.0,2,0
24226.5,160000.0,2,200000.0,2,0
24228.0,48000.0,2,60000.0,2,0
24229.5,32000.0,2,40000.0,2,0
24231.0,96000.0,2,120000.0,2,0
24232.5,64000.0,2,80000.0,2,1
24234.0,240000.0,2,300000.0,2,1
24235.5,16000.0,2,20000.0,2,1
24237.0,24000.0,2,30000.0,2,1
24238.5,144000.0,2,180000.0,2,0
24240.0,88000.0,2,110000.0,2,0
24241.5,200000.0,2,250000.0,2,0
24243.0,112000.0,2,140000.0,2,0
24244.5,64000.0,2,80000.0,2,1
24246.0,16000.0,2,20000.0,2,0
24247.5,40000.0,2,50000.0,2,0
24249.0,72000.0,2,90000.0,2,0
24250.5,16000.0,2,20000.0,2,0
24252.0,120000.0,2,150000.0,2,0
24253.5,120000.0,2,150000.0,2,0
24255.0,40000.0,2,50000.0,2,1
24256.5,72000.0,2,90000.0,2,0
24258.0,280000.0,2,350000.0,2,0
24259.5,24000.0,2,30000.0,2,0
24261.0,120000.0,2,150000.0,2,0
24262.5,152000.0,2,190000.0,2,1
24264.0,272000.0,2,340000.0,2,0
24265.5,40000.0,2,50000.0,2,0
24267.0,40000.0,2,50000.0,2,1
24268.5,224000.0,2,280000.0,2,0
24270.0,184000.0,2,230000.0,2,1
24271.5,320000.0,2,400000.0,2,0
24273.0,152000.0,2,190000.0,2,1
24274.5,136000.0,2,170000.0,2,0
24276.0,120000.0,2,150000.0,2,1
24277.5,112000.0,2,140000.0,2,1
24279.0,88000.0,2,110000.0,2,0
24280.5,208000.0,2,260000.0,2,0
24282.0,24000.0,2,30000.0,2,0
24283.5,104000.0,2,130000.0,2,1
24285.0,152000.0,2,190000.0,2,0
24286.5,8000.0,2,10000.0,2,1
24288.0,24000.0,2,30000.0,2,1
24289.5,240000.0,2,300000.0,2,0
24291.0,160000.0,2,200000.0,2,0
24292.5,104000.0,2,130000.0,2,0
24294.0,320000.0,2,400000.0,2,1
24295.5,176000.0,2,220000.0,2,0
24297.0,80000.0,2,100000.0,2,0
24298.5,64000.0,2,80000.0,2,0
24300.0,40000.0,2,50000.0,2,0
24301.5,160000.0,2,200000.0,2,0
24303.0,320000.0,2,400000.0,2,0
24304.5,40000.0,2,50000.0,2,0
24306.0,112000.0,2,140000.0,2,0
24307.5,8000.0,2,10000.0,2,0
24309.0,64000.0,2,80000.0,2,0
24310.5,176000.0,2,220000.0,2,0
24312.0,64000.0,2,80000.0,2,0
24313.5,288000.0,2,360000.0,2,1
24315.0,16000.0,2,20000.0,2,1
24316.5,16000.0,2,20000.0,2,0
24318.0,16000.0,2,20000.0,2,0
24319.5,56000.0,2,70000.0,2,0
24321.0,168000.0,2,210000.0,2,0
24322.5,192000.0,2,240000.0,2,0
24324.0,40000.0,2,50000.0,2,0
24325.5,40000.0,2,50000.0,2,0
24327.0,184000.0,2,230000.0,2,0
24328.5,96000.0,2,120000.0,2,0
24330.0,144000.0,2,180000.0,2,1
24331.5,232000.0,2,290000.0,2,0
24333.0,128000.0,2,160000.0,2,0
24334.5,64000.0,2,80000.0,2,1
24336.0,40000.0,2,50000.0,2,1
24337.5,16000.0,2,20000.0,2,1
24339.0,40000.0,2,50000.0,2,1
24340.5,64000.0,2,80000.0,2,1
24342.0,24000.0,2,30000.0,2,0
24343.5,8000.0,2,10000.0,2,1
24345.0,160000.0,2,200000.0,2,0
24346.5,40000.0,2,50000.0,2,0
24348.0,384000.0,2,480000.0,2,1
24349.5,208000.0,2,260000.0,2,0
24351.0,160000.0,2,200000.0,2,0
24352.5,168000.0,2,210000.0,2,0
24354.0,56000.0,2,70000.0,2,1
24355.5,40000.0,2,50000.0,2,0
24357.0,16000.0,2,20000.0,2,1
24358.5,64000.0,2,80000.0,2,0
24360.0,160000.0,2,200000.0,2,0
24361.5,168000.0,2,210000.0,2,0
24363.0,168000.0,2,210000.0,2,0
24364.5,288000.0,2,360000.0,2,0
24366.0,64000.0,2,80000.0,2,1
24367.5,40000.0,2,50000.0,2,0
24369.0,16000.0,2,20000.0,2,0
24370.5,32000.0,2,40000.0,2,1
24372.0,40000.0,2,50000.0,2,1
24373.5,136000.0,2,170000.0,2,0
24375.0,248000.0,2,310000.0,2,0
24376.5,40000.0,2,50000.0,2,0
24378.0,24000.0,2,30000.0,2,0
24379.5,160000.0,2,200000.0,2,0
24381.0,208000.0,2,260000.0,2,0
24382.5,64000.0,2,80000.0,2,1
24384.0,144000.0,2,180000.0,2,0
24385.5,104000.0,2,130000.0,2,0
24387.0,152000.0,2,190000.0,2,1
24388.5,88000.0,2,110000.0,2,0
24390.0,48000.0,2,60000.0,2,1
24391.5,32000.0,2,40000.0,2,0
24393.0,64000.0,2,80000.0,2,0
24394.5,80000.0,2,100000.0,2,0
24396.0,320000.0,2,400000.0,2,0
24397.5,56000.0,2,70000.0,2,1
24399.0,400000.0,2,500000.0,2,0
24400.5,152000.0,2,190000.0,2,0
24402.0,160000.0,2,200000.0,2,0
24403.5,168000.0,2,210000.0,2,0
24405.0,272000.0,2,340000.0,2,0
24406.5,144000.0,2,180000.0,2,0
24408.0,88000.0,2,110000.0,2,0
24409.5,64000.0,2,80000.0,2,0
24411.0,24000.0,2,30000.0,2,0
24412.5,160000.0,2,200000.0,2,0
24414.0,64000.0,2,80000.0,2,0
24415.5,240000.0,2,300000.0,2,1
24417.0,224000.0,2,280000.0,2,0
24418.5,88000.0,2,110000.0,2,0
24420.0,104000.0,2,130000.0,2,0
24421.5,400000.0,2,500000.0,2,0
24423.0,120000.0,2,150000.0,2,0
24424.5,360000.0,2,450000.0,2,0
24426.0,184000.0,2,230000.0,2,0
24427.5,64000.0,2,80000.0,2,0
24429.0,208000.0,2,260000.0,2,0
24430.5,120000.0,2,150000.0,2,0
24432.0,40000.0,2,50000.0,2,0
24433.5,24000.0,2,30000.0,2,1
24435.0,80000.0,2,100000.0,2,1
24436.5,152000.0,2,190000.0,2,1
24438.0,104000.0,2,130000.0,2,0
24439.5,24000.0,2,30000.0,2,1
24441.0,24000.0,2,30000.0,2,0
24442.5,88000.0,2,110000.0,2,1
24444.0,96000.0,2,120000.0,2,0
24445.5,24000.0,2,30000.0,2,0
24447.0,24000.0,2,30000.0,2,1
24448.5,24000.0,2,30000.0,2,0
24450.0,8000.0,2,10000.0,2,1
24451.5,320000.0,2,400000.0,2,0
24453.0,16000.0,2,20000.0,2,0
24454.5,16000.0,2,20000.0,2,1
24456.0,400000.0,2,500000.0,2,0
24457.5,24000.0,2,30000.0,2,1
24459.0,40000.0,2,50000.0,2,1
24460.5,24000.0,2,30000.0,2,0
24462.0,24000.0,2,30000.0,2,1
24463.5,88000.0,2,110000.0,2,0
24465.0,80000.0,2,100000.0,2,0
24466.5,160000.0,2,200000.0,2,0
24468.0,88000.0,2,110000.0,2,0
24469.5,112000.0,2,140000.0,2,0
24471.0,56000.0,2,70000.0,2,0
24472.5,104000.0,2,130000.0,2,0
24474.0,24000.0,2,30000.0,2,0
24475.5,128000.0,2,160000.0,2,0
24477.0,40000.0,2,50000.0,2,0
24478.5,64000.0,2,80000.0,2,0
24480.0,40000.0,2,50000.0,2,0
24481.5,40000.0,2,50000.0,2,0
24483.0,144000.0,2,180000.0,2,0
24484.5,104000.0,2,130000.0,2,1
24486.0,336000.0,2,420000.0,2,0
24487.5,112000.0,2,140000.0,2,1
24489.0,16000.0,2,20000.0,2,0
24490.5,160000.0,2,200000.0,2,1
24492.0,144000.0,2,180000.0,2,0
24493.5,96000.0,2,120000.0,2,0
24495.0,168000.0,2,210000.0,2,0
24496.5,24000.0,2,30000.0,2,1
24498.0,64000.0,2,80000.0,2,0
24499.5,88000.0,2,110000.0,2,0
24501.0,48000.0,2,60000.0,2,1
24502.5,48000.0,2,60000.0,2,0
24504.0,112000.0,2,140000.0,2,0
24505.5,48000.0,2,60000.0,2,0
24507.0,400000.0,2,500000.0,2,1
24508.5,336000.0,2,420000.0,2,1
24510.0,24000.0,2,30000.0,2,1
24511.5,136000.0,2,170000.0,2,0
24513.0,160000.0,2,200000.0,2,0
24514.5,128000.0,2,160000.0,2,0
24516.0,160000.0,2,200000.0,2,1
24517.5,16000.0,2,20000.0,2,0
24519.0,152000.0,2,190000.0,2,0
24520.5,56000.0,2,70000.0,2,1
24522.0,176000.0,2,220000.0,2,0
24523.5,400000.0,2,500000.0,2,0
24525.0,168000.0,2,210000.0,2,1
24526.5,40000.0,2,50000.0,2,0
24528.0,128000.0,2,160000.0,2,0
24529.5,16000.0,2,20000.0,2,1
24531.0,56000.0,2,70000.0,2,1
24532.5,176000.0,2,220000.0,2,0
24534.0,160000.0,2,200000.0,2,0
24535.5,104000.0,2,130000.0,2,0
24537.0,24000.0,2,30000.0,2,0
24538.5,208000.0,2,260000.0,2,0
24540.0,184000.0,2,230000.0,2,0
24541.5,192000.0,2,240000.0,2,0
24543.0,208000.0,2,260000.0,2,0
24544.5,288000.0,2,360000.0,2,0
24546.0,208000.0,2,260000.0,2,0
24547.5,184000.0,2,230000.0,2,0
24549.0,240000.0,2,300000.0,2,0
24550.5,112000.0,2,140000.0,2,0
24552.0,304000.0,2,380000.0,2,1
24553.5,152000.0,2,190000.0,2,0
24555.0,400000.0,2,500000.0,2,0
24556.5,160000.0,2,200000.0,2,0
24558.0,248000.0,2,310000.0,2,0
24559.5,24000.0,2,30000.0,2,0
24561.0,224000.0,2,280000.0,2,0
24562.5,64000.0,2,80000.0,2,1
24564.0,120000.0,2,150000.0,2,1
24565.5,24000.0,2,30000.0,2,1
24567.0,136000.0,2,170000.0,2,0
24568.5,88000.0,2,110000.0,2,0
24570.0,24000.0,2,30000.0,2,1
24571.5,72000.0,2,90000.0,2,1
24573.0,40000.0,2,50000.0,2,1
24574.5,96000.0,2,120000.0,2,1
24576.0,16000.0,2,20000.0,2,0
24577.5,176000.0,2,220000.0,2,0
24579.0,184000.0,2,230000.0,2,0
24580.5,128000.0,2,160000.0,2,1
24582.0,360000.0,2,450000.0,2,0
24583.5,312000.0,2,390000.0,2,0
24585.0,72000.0,2,90000.0,2,0
24586.5,48000.0,2,60000.0,2,1
24588.0,144000.0,2,180000.0,2,1
24589.5,64000.0,2,80000.0,2,0
24591.0,144000.0,2,180000.0,2,0
24592.5,256000.0,2,320000.0,2,0
24594.0,256000.0,2,320000.0,2,0
24595.5,80000.0,2,100000.0,2,0
24597.0,16000.0,2,20000.0,2,0
24598.5,112000.0,2,140000.0,2,0
24600.0,80000.0,2,100000.0,2,0
24601.5,8000.0,2,10000.0,2,1
24603.0,24000.0,2,30000.0,2,0
24604.5,40000.0,2,50000.0,2,0
24606.0,16000.0,2,20000.0,2,0
24607.5,160000.0,2,200000.0,2,0
24609.0,256000.0,2,320000.0,2,1
24610.5,288000.0,2,360000.0,2,1
24612.0,160000.0,2,200000.0,2,0
24613.5,112000.0,2,140000.0,2,0
24615.0,336000.0,2,420000.0,2,0
24616.5,120000.0,2,150000.0,2,0
24618.0,160000.0,2,200000.0,2,0
24619.5,184000.0,2,230000.0,2,0
24621.0,24000.0,2,30000.0,2,0
24622.5,24000.0,2,30000.0,2,0
24624.0,40000.0,2,50000.0,2,0
24625.5,328000.0,2,410000.0,2,0
24627.0,224000.0,2,280000.0,2,0
24628.5,160000.0,2,200000.0,2,0
24630.0,216000.0,2,270000.0,2,0
24631.5,256000.0,2,320000.0,2,0
24633.0,48000.0,2,60000.0,2,0
24634.5,104000.0,2,130000.0,2,0
24636.0,24000.0,2,30000.0,2,1
24637.5,160000.0,2,200000.0,2,0
24639.0,136000.0,2,170000.0,2,0
24640.5,64000.0,2,80000.0,2,0
24642.0,400000.0,2,500000.0,2,0
24643.5,40000.0,2,50000.0,2,0
24645.0,72000.0,2,90000.0,2,0
24646.5,280000.0,2,350000.0,2,0
24648.0,88000.0,2,110000.0,2,0
24649.5,96000.0,2,120000.0,2,1
24651.0,24000.0,2,30000.0,2,1
24652.5,24000.0,2,30000.0,2,1
24654.0,200000.0,2,250000.0,2,0
24655.5,40000.0,2,50000.0,2,0
24657.0,128000.0,2,160000.0,2,0
24658.5,112000.0,2,140000.0,2,1
24660.0,64000.0,2,80000.0,2,1
24661.5,8000.0,2,10000.0,2,1
24663.0,240000.0,2,300000.0,2,0
24664.5,72000.0,2,90000.0,2,0
24666.0,16000.0,2,20000.0,2,0
24667.5,24000.0,2,30000.0,2,0
24669.0,64000.0,2,80000.0,2,0
24670.5,16000.0,2,20000.0,2,1
24672.0,16000.0,2,20000.0,2,0
24673.5,40000.0,2,50000.0,2,1
24675.0,96000.0,2,120000.0,2,0
24676.5,24000.0,2,30000.0,2,0
24678.0,24000.0,2,30000.0,2,1
24679.5,64000.0,2,80000.0,2,0
24681.0,40000.0,2,50000.0,2,0
24682.5,64000.0,2,80000.0,2,1
24684.0,80000.0,2,100000.0,2,0
24685.5,24000.0,2,30000.0,2,1
24687.0,104000.0,2,130000.0,2,0
24688.5,16000.0,2,20000.0,2,0
24690.0,64000.0,2,80000.0,2,1
24691.5,80000.0,2,100000.0,2,0
24693.0,16000.0,2,20000.0,2,1
24694.5,96000.0,2,120000.0,2,0
24696.0,40000.0,2,50000.0,2,1
24697.5,64000.0,2,80000.0,2,0
24699.0,72000.0,2,90000.0,2,0
24700.5,48000.0,2,60000.0,2,0
24702.0,80000.0,2,100000.0,2,1
24703.5,40000.0,2,50000.0,2,0
24705.0,24000.0,2,30000.0,2,1
24706.5,192000.0,2,240000.0,2,0
24708.0,160000.0,2,200000.0,2,0
24709.5,104000.0,2,130000.0,2,0
24711.0,88000.0,2,110000.0,2,0
24712.5,40000.0,2,50000.0,2,0
24714.0,16000.0,2,20000.0,2,1
24715.5,40000.0,2,50000.0,2,0
24717.0,64000.0,2,80000.0,2,1
24718.5,16000.0,2,20000.0,2,1
24720.0,16000.0,2,20000.0,2,1
24721.5,24000.0,2,30000.0,2,1
24723.0,192000.0,2,240000.0,2,0
24724.5,40000.0,2,50000.0,2,1
24726.0,64000.0,2,80000.0,2,0
24727.5,144000.0,2,180000.0,2,1
24729.0,192000.0,2,240000.0,2,0
24730.5,96000.0,2,120000.0,2,0
24732.0,16000.0,1,20000.0,1,1
24733.5,80000.0,1,100000.0,1,0
24735.0,24000.0,1,30000.0,1,1
24736.5,24000.0,1,30000.0,1,1
24738.0,40000.0,1,50000.0,1,0
24739.5,80000.0,1,100000.0,1,0
24741.0,64000.0,1,80000.0,1,0
24742.5,48000.0,2,60000.0,2,0
24744.0,96000.0,1,120000.0,1,1
24745.5,16000.0,1,20000.0,1,0
24747.0,16000.0,1,20000.0,1,0
24748.5,40000.0,1,50000.0,1,0
24750.0,40000.0,1,50000.0,1,0
24751.5,40000.0,1,50000.0,1,1
24753.0,8000.0,1,10000.0,1,0
24754.5,16000.0,1,20000.0,1,1
24756.0,24000.0,1,30000.0,1,0
24757.5,8000.0,1,10000.0,1,0
24759.0,8000.0,1,10000.0,1,1
24760.5,120000.0,1,150000.0,1,1
24762.0,64000.0,1,80000.0,1,1
24763.5,16000.0,1,20000.0,1,0
24765.0,96000.0,1,120000.0,1,1
24766.5,32000.0,1,40000.0,1,0
24768.0,16000.0,1,20000.0,1,1
24769.5,80000.0,1,100000.0,1,1
24771.0,128000.0,1,160000.0,1,0
24772.5,16000.0,1,20000.0,1,1
24774.0,48000.0,1,60000.0,1,1
24775.5,120000.0,1,150000.0,1,0
24777.0,32000.0,1,40000.0,1,1
24778.5,24000.0,1,30000.0,1,0
24780.0,336000.0,1,420000.0,1,1
24781.5,16000.0,1,20000.0,1,0
24783.0,40000.0,1,50000.0,1,1
24784.5,16000.0,1,20000.0,1,0
24786.0,16000.0,1,20000.0,1,0
24787.5,16000.0,1,20000.0,1,0
24789.0,240000.0,1,300000.0,1,0
24790.5,24000.0,1,30000.0,1,0
24792.0,112000.0,1,140000.0,1,0
24793.5,16000.0,1,20000.0,1,0
24795.0,312000.0,1,390000.0,1,0
24796.5,40000.0,1,50000.0,1,0
24798.0,40000.0,1,50000.0,1,0
24799.5,40000.0,1,50000.0,1,0
24801.0,256000.0,1,320000.0,1,0
24802.5,224000.0,1,280000.0,1,0
24804.0,40000.0,1,50000.0,1,1
24805.5,400000.0,1,500000.0,1,0
24807.0,160000.0,1,200000.0,1,0
24808.5,40000.0,1,50000.0,1,0
24810.0,240000.0,1,300000.0,1,0
24811.5,24000.0,1,30000.0,1,0
24813.0,40000.0,1,50000.0,1,1
24814.5,8000.0,1,10000.0,1,1
24816.0,16000.0,1,20000.0,1,1
24817.5,40000.0,1,50000.0,1,0
24819.0,24000.0,1,30000.0,1,0
24820.5,80000.0,1,100000.0,1,1
24822.0,104000.0,1,130000.0,1,0
24823.5,16000.0,1,20000.0,1,0
24825.0,120000.0,1,150000.0,1,0
24826.5,176000.0,1,220000.0,1,0
24828.0,80000.0,1,100000.0,1,0
24829.5,104000.0,1,130000.0,1,1
24831.0,32000.0,1,40000.0,1,0
24832.5,8000.0,1,10000.0,1,1
24834.0,232000.0,1,290000.0,1,0
24835.5,144000.0,1,180000.0,1,0
24837.0,224000.0,1,280000.0,1,0
24838.5,24000.0,1,30000.0,1,1
24840.0,248000.0,1,310000.0,1,1
24841.5,56000.0,1,70000.0,1,0
24843.0,96000.0,1,120000.0,1,1
24844.5,192000.0,1,240000.0,1,0
24846.0,40000.0,1,50000.0,1,0
24847.5,256000.0,1,320000.0,1,0
24849.0,64000.0,1,80000.0,1,0
24850.5,16000.0,1,20000.0,1,1
24852.0,64000.0,1,80000.0,1,0
24853.5,288000.0,1,360000.0,1,0
24855.0,40000.0,1,50000.0,1,0
24856.5,16000.0,1,20000.0,1,1
24858.0,8000.0,1,10000.0,1,0
24859.5,80000.0,1,100000.0,1,0
24861.0,40000.0,1,50000.0,1,0
24862.5,24000.0,1,30000.0,1,0
24864.0,16000.0,1,20000.0,1,0
24865.5,56000.0,1,70000.0,1,0
24867.0,392000.0,1,490000.0,1,0
24868.5,24000.0,1,30000.0,1,1
24870.0,16000.0,1,20000.0,1,0
24871.5,232000.0,1,290000.0,1,0
24873.0,16000.0,1,20000.0,1,0
24874.5,144000.0,1,180000.0,1,1
24876.0,80000.0,1,100000.0,1,0
24877.5,24000.0,1,30000.0,1,1
24879.0,376000.0,1,470000.0,1,0
24880.5,160000.0,1,200000.0,1,0
24882.0,320000.0,1,400000.0,1,0
24883.5,320000.0,1,400000.0,1,0
24885.0,40000.0,1,50000.0,1,0
24886.5,56000.0,1,70000.0,1,0
24888.0,64000.0,1,80000.0,1,0
24889.5,56000.0,1,70000.0,1,1
24891.0,16000.0,1,20000.0,1,0
24892.5,8000.0,1,10000.0,1,1
24894.0,344000.0,1,430000.0,1,1
24895.5,32000.0,1,40000.0,1,0
24897.0,360000.0,1,450000.0,1,0
24898.5,8000.0,1,10000.0,1,1
24900.0,8000.0,1,10000.0,1,0
24901.5,8000.0,1,10000.0,1,0
24903.0,64000.0,1,80000.0,1,0
24904.5,64000.0,1,80000.0,1,1
24906.0,192000.0,1,240000.0,1,0
24907.5,224000.0,1,280000.0,1,0
24909.0,40000.0,1,50000.0,1,0
24910.5,64000.0,1,80000.0,1,0
24912.0,16000.0,1,20000.0,1,0
24913.5,72000.0,1,90000.0,1,1
24915.0,160000.0,1,200000.0,1,0
24916.5,288000.0,1,360000.0,1,0
24918.0,40000.0,1,50000.0,1,0
24919.5,104000.0,1,130000.0,1,1
24921.0,64000.0,1,80000.0,1,0
24922.5,160000.0,1,200000.0,1,1
24924.0,120000.0,1,150000.0,1,0
24925.5,296000.0,1,370000.0,1,0
24927.0,248000.0,1,310000.0,1,0
24928.5,192000.0,1,240000.0,1,0
24930.0,256000.0,1,320000.0,1,0
24931.5,40000.0,1,50000.0,1,0
24933.0,40000.0,1,50000.0,1,0
24934.5,40000.0,1,50000.0,1,1
24936.0,64000.0,1,80000.0,1,0
24937.5,336000.0,1,420000.0,1,0
24939.0,40000.0,1,50000.0,1,1
24940.5,120000.0,1,150000.0,1,1
24942.0,104000.0,1,130000.0,1,1
24943.5,136000.0,1,170000.0,1,0
24945.0,136000.0,1,170000.0,1,0
24946.5,96000.0,1,120000.0,1,0
24948.0,24000.0,1,30000.0,1,1
24949.5,176000.0,1,220000.0,1,0
24951.0,40000.0,1,50000.0,1,1
24952.5,24000.0,1,30000.0,1,1
24954.0,200000.0,1,250000.0,1,0
24955.5,16000.0,1,20000.0,1,1
24957.0,8000.0,1,10000.0,1,1
24958.5,40000.0,1,50000.0,1,0
24960.0,24000.0,1,30000.0,1,1
24961.5,16000.0,1,20000.0,1,1
24963.0,160000.0,1,200000.0,1,0
24964.5,40000.0,1,50000.0,1,0
24966.0,96000.0,1,120000.0,1,0
24967.5,168000.0,1,210000.0,1,1
24969.0,144000.0,1,180000.0,1,0
24970.5,40000.0,1,50000.0,1,0
24972.0,56000.0,1,70000.0,1,0
24973.5,160000.0,1,200000.0,1,0
24975.0,40000.0,1,50000.0,1,1
24976.5,184000.0,1,230000.0,1,0
24978.0,24000.0,1,30000.0,1,1
24979.5,24000.0,1,30000.0,1,0
24981.0,120000.0,1,150000.0,1,0
24982.5,8000.0,1,10000.0,1,1
24984.0,120000.0,1,150000.0,1,0
24985.5,288000.0,1,360000.0,1,0
24987.0,272000.0,1,340000.0,1,0
24988.5,40000.0,1,50000.0,1,0
24990.0,24000.0,1,30000.0,1,0
24991.5,288000.0,1,360000.0,1,0
24993.0,120000.0,1,150000.0,1,0
24994.5,128000.0,1,160000.0,1,1
24996.0,24000.0,1,30000.0,1,0
24997.5,384000.0,1,480000.0,1,0
24999.0,160000.0,1,200000.0,1,0
25000.5,40000.0,1,50000.0,1,1
25002.0,16000.0,1,20000.0,1,1
25003.5,48000.0,1,60000.0,1,0
25005.0,160000.0,1,200000.0,1,0
25006.5,16000.0,1,20000.0,1,0
25008.0,352000.0,1,440000.0,1,0
25009.5,80000.0,1,100000.0,1,0
25011.0,80000.0,1,100000.0,1,0
25012.5,80000.0,1,100000.0,1,0
25014.0,184000.0,1,230000.0,1,0
25015.5,40000.0,1,50000.0,1,0
25017.0,40000.0,1,50000.0,1,0
25018.5,24000.0,1,30000.0,1,0
25020.0,112000.0,1,140000.0,1,1
25021.5,48000.0,1,60000.0,1,0
25023.0,40000.0,1,50000.0,1,0
25024.5,280000.0,1,350000.0,1,0
25026.0,16000.0,1,20000.0,1,1
25027.5,16000.0,1,20000.0,1,0
25029.0,40000.0,1,50000.0,1,0
25030.5,16000.0,1,20000.0,1,1
25032.0,88000.0,1,110000.0,1,0
25033.5,160000.0,1,200000.0,1,1
25035.0,208000.0,1,260000.0,1,1
25036.5,120000.0,1,150000.0,1,1
25038.0,40000.0,1,50000.0,1,0
25039.5,120000.0,1,150000.0,1,0
25041.0,200000.0,1,250000.0,1,1
25042.5,40000.0,1,50000.0,1,0
25044.0,40000.0,1,50000.0,1,0
25045.5,40000.0,1,50000.0,1,0
25047.0,64000.0,1,80000.0,1,0
25048.5,16000.0,1,20000.0,1,0
25050.0,176000.0,1,220000.0,1,1
25051.5,96000.0,1,120000.0,1,1
25053.0,160000.0,1,200000.0,1,0
25054.5,24000.0,1,30000.0,1,0
25056.0,40000.0,1,50000.0,1,0
25057.5,40000.0,1,50000.0,1,0
25059.0,184000.0,1,230000.0,1,0
25060.5,224000.0,1,280000.0,1,0
25062.0,56000.0,1,70000.0,1,0
25063.5,96000.0,1,120000.0,1,0
25065.0,136000.0,1,170000.0,1,0
25066.5,24000.0,1,30000.0,1,0
25068.0,16000.0,1,20000.0,1,1
25069.5,16000.0,1,20000.0,1,0
25071.0,176000.0,1,220000.0,1,1
25072.5,40000.0,1,50000.0,1,0
25074.0,240000.0,1,300000.0,1,0
25075.5,344000.0,1,430000.0,1,0
25077.0,24000.0,1,30000.0,1,1
25078.5,16000.0,1,20000.0,1,0
25080.0,168000.0,1,210000.0,1,0
25081.5,64000.0,1,80000.0,1,1
25083.0,24000.0,1,30000.0,1,0
25084.5,176000.0,1,220000.0,1,1
25086.0,64000.0,1,80000.0,1,0
25087.5,384000.0,1,480000.0,1,0
25089.0,120000.0,1,150000.0,1,0
25090.5,48000.0,1,60000.0,1,0
25092.0,64000.0,1,80000.0,1,1
25093.5,40000.0,1,50000.0,1,0
25095.0,40000.0,1,50000.0,1,1
25096.5,144000.0,1,180000.0,1,0
25098.0,80000.0,1,100000.0,1,1
25099.5,192000.0,1,240000.0,1,0
25101.0,40000.0,1,50000.0,1,1
25102.5,16000.0,1,20000.0,1,0
25104.0,40000.0,1,50000.0,1,0
25105.5,160000.0,1,200000.0,1,0
25107.0,144000.0,1,180000.0,1,0
25108.5,256000.0,1,320000.0,1,1
25110.0,160000.0,1,200000.0,1,0
25111.5,16000.0,1,20000.0,1,1
25113.0,160000.0,1,200000.0,1,0
25114.5,16000.0,1,20000.0,1,0
25116.0,40000.0,1,50000.0,1,0
25117.5,40000.0,1,50000.0,1,1
25119.0,64000.0,1,80000.0,1,0
25120.5,144000.0,1,180000.0,1,0
25122.0,64000.0,1,80000.0,1,0
25123.5,120000.0,1,150000.0,1,0
25125.0,16000.0,1,20000.0,1,0
25126.5,240000.0,1,300000.0,1,0
25128.0,24000.0,1,30000.0,1,0
25129.5,112000.0,1,140000.0,1,0
25131.0,64000.0,1,80000.0,1,1
25132.5,16000.0,1,20000.0,1,0
25134.0,56000.0,1,70000.0,1,1
25135.5,256000.0,1,320000.0,1,0
25137.0,64000.0,1,80000.0,1,0
25138.5,40000.0,1,50000.0,1,0
25140.0,64000.0,1,80000.0,1,0
25141.5,88000.0,1,110000.0,1,0
25143.0,40000.0,1,50000.0,1,0
25144.5,40000.0,1,50000.0,1,1
25146.0,16000.0,1,20000.0,1,0
25147.5,96000.0,1,120000.0,1,0
25149.0,24000.0,1,30000.0,1,0
25150.5,40000.0,1,50000.0,1,0
25152.0,80000.0,1,100000.0,1,1
25153.5,40000.0,1,50000.0,1,0
25155.0,24000.0,1,30000.0,1,0
25156.5,32000.0,1,40000.0,1,1
25158.0,152000.0,1,190000.0,1,1
25159.5,8000.0,1,10000.0,1,1
25161.0,40000.0,1,50000.0,1,0
25162.5,16000.0,1,20000.0,1,0
25164.0,96000.0,1,120000.0,1,0
25165.5,40000.0,1,50000.0,1,0
25167.0,248000.0,1,310000.0,1,0
25168.5,192000.0,1,240000.0,1,0
25170.0,40000.0,1,50000.0,1,1
25171.5,168000.0,1,210000.0,1,1
25173.0,48000.0,1,60000.0,1,0
25174.5,16000.0,1,20000.0,1,1
25176.0,40000.0,1,50000.0,1,1
25177.5,24000.0,1,30000.0,1,1
25179.0,48000.0,1,60000.0,1,1
25180.5,72000.0,1,90000.0,1,0
25182.0,24000.0,1,30000.0,1,1
25183.5,24000.0,1,30000.0,1,1
25185.0,176000.0,1,220000.0,1,1
25186.5,200000.0,1,250000.0,1,0
25188.0,360000.0,1,450000.0,1,0
25189.5,24000.0,1,30000.0,1,0
25191.0,176000.0,1,220000.0,1,0
25192.5,240000.0,1,300000.0,1,0
25194.0,400000.0,1,500000.0,1,0
25195.5,16000.0,1,20000.0,1,0
25197.0,88000.0,1,110000.0,1,0
25198.5,8000.0,1,10000.0,1,0
25200.0,16000.0,1,20000.0,1,1
25201.5,184000.0,1,230000.0,1,0
25203.0,16000.0,1,20000.0,1,1
25204.5,40000.0,1,50000.0,1,0
25206.0,160000.0,1,200000.0,1,0
25207.5,64000.0,1,80000.0,1,0
25209.0,40000.0,1,50000.0,1,0
25210.5,40000.0,1,50000.0,1,1
25212.0,88000.0,1,110000.0,1,1
25213.5,88000.0,1,110000.0,1,0
25215.0,176000.0,1,220000.0,1,0
25216.5,112000.0,1,140000.0,1,0
25218.0,40000.0,1,50000.0,1,0
25219.5,80000.0,1,100000.0,1,1
25221.0,16000.0,1,20000.0,1,1
25222.5,40000.0,1,50000.0,1,1
25224.0,32000.0,1,40000.0,1,0
25225.5,144000.0,1,180000.0,1,0
25227.0,64000.0,1,80000.0,1,0
25228.5,24000.0,1,30000.0,1,0
25230.0,184000.0,1,230000.0,1,0
25231.5,16000.0,1,20000.0,1,0
25233.0,280000.0,1,350000.0,1,0
25234.5,16000.0,1,20000.0,1,0
25236.0,104000.0,1,130000.0,1,0
25237.5,40000.0,1,50000.0,1,1
25239.0,80000.0,1,100000.0,1,1
25240.5,16000.0,1,20000.0,1,1
25242.0,120000.0,1,150000.0,1,0
25243.5,184000.0,1,230000.0,1,0
25245.0,376000.0,1,470000.0,1,1
25246.5,40000.0,1,50000.0,1,0
25248.0,96000.0,1,120000.0,1,1
25249.5,16000.0,1,20000.0,1,1
25251.0,8000.0,1,10000.0,1,0
25252.5,40000.0,1,50000.0,1,1
25254.0,288000.0,1,360000.0,1,0
25255.5,80000.0,1,100000.0,1,0
25257.0,136000.0,1,170000.0,1,0
25258.5,24000.0,1,30000.0,1,1
25260.0,184000.0,1,230000.0,1,1
25261.5,120000.0,1,150000.0,1,0
25263.0,208000.0,1,260000.0,1,0
25264.5,64000.0,1,80000.0,1,0
25266.0,16000.0,1,20000.0,1,0
25267.5,192000.0,1,240000.0,1,1
25269.0,40000.0,1,50000.0,1,1
25270.5,40000.0,1,50000.0,1,0
25272.0,80000.0,1,100000.0,1,1
25273.5,16000.0,1,20000.0,1,0
25275.0,120000.0,1,150000.0,1,1
25276.5,184000.0,1,230000.0,1,0
25278.0,16000.0,1,20000.0,1,0
25279.5,312000.0,1,390000.0,1,0
25281.0,64000.0,1,80000.0,1,1
25282.5,216000.0,1,270000.0,1,0
25284.0,16000.0,1,20000.0,1,0
25285.5,120000.0,1,150000.0,1,0
25287.0,40000.0,1,50000.0,1,0
25288.5,128000.0,1,160000.0,1,1
25290.0,288000.0,1,360000.0,1,0
25291.5,120000.0,1,150000.0,1,0
25293.0,400000.0,1,500000.0,1,0
25294.5,176000.0,1,220000.0,1,1
25296.0,224000.0,1,280000.0,1,1
25297.5,24000.0,1,30000.0,1,0
25299.0,400000.0,1,500000.0,1,0
25300.5,288000.0,1,360000.0,1,0
25302.0,320000.0,1,400000.0,1,0
25303.5,280000.0,1,350000.0,1,0
25305.0,16000.0,1,20000.0,1,1
25306.5,88000.0,1,110000.0,1,0
25308.0,24000.0,1,30000.0,1,1
25309.5,16000.0,1,20000.0,1,1
25311.0,144000.0,1,180000.0,1,0
25312.5,112000.0,1,140000.0,1,0
25314.0,240000.0,1,300000.0,1,0
25315.5,192000.0,1,240000.0,1,0
25317.0,128000.0,1,160000.0,1,1
25318.5,400000.0,1,500000.0,1,0
25320.0,40000.0,1,50000.0,1,0
25321.5,40000.0,1,50000.0,1,0
25323.0,80000.0,1,100000.0,1,0
25324.5,120000.0,1,150000.0,1,0
25326.0,232000.0,1,290000.0,1,0
25327.5,16000.0,1,20000.0,1,1
25329.0,40000.0,1,50000.0,1,0
25330.5,64000.0,1,80000.0,1,0
25332.0,112000.0,1,140000.0,1,0
25333.5,208000.0,1,260000.0,1,0
25335.0,120000.0,1,150000.0,1,1
25336.5,240000.0,1,300000.0,1,0
25338.0,96000.0,1,120000.0,1,0
25339.5,72000.0,1,90000.0,1,0
25341.0,160000.0,1,200000.0,1,0
25342.5,112000.0,1,140000.0,1,1
25344.0,40000.0,1,50000.0,1,1
25345.5,160000.0,1,200000.0,1,0
25347.0,224000.0,1,280000.0,1,0
25348.5,344000.0,1,430000.0,1,0
25350.0,152000.0,1,190000.0,1,0
25351.5,40000.0,1,50000.0,1,0
25353.0,88000.0,1,110000.0,1,0
25354.5,16000.0,1,20000.0,1,0
25356.0,80000.0,1,100000.0,1,0
25357.5,296000.0,1,370000.0,1,0
25359.0,256000.0,1,320000.0,1,0
25360.5,64000.0,1,80000.0,1,0
25362.0,80000.0,1,100000.0,1,1
25363.5,144000.0,1,180000.0,1,1
25365.0,72000.0,1,90000.0,1,0
25366.5,136000.0,1,170000.0,1,0
25368.0,64000.0,1,80000.0,1,0
25369.5,16000.0,1,20000.0,1,0
25371.0,40000.0,1,50000.0,1,0
25372.5,16000.0,1,20000.0,1,1
25374.0,312000.0,1,390000.0,1,0
25375.5,64000.0,1,80000.0,1,0
25377.0,280000.0,1,350000.0,1,0
25378.5,256000.0,1,320000.0,1,0
25380.0,40000.0,1,50000.0,1,0
25381.5,208000.0,1,260000.0,1,0
25383.0,160000.0,1,200000.0,1,0
25384.5,24000.0,1,30000.0,1,1
25386.0,16000.0,1,20000.0,1,0
25387.5,256000.0,1,320000.0,1,0
25389.0,24000.0,1,30000.0,1,1
25390.5,72000.0,1,90000.0,1,0
25392.0,144000.0,1,180000.0,1,0
25393.5,40000.0,1,50000.0,1,0
25395.0,48000.0,1,60000.0,1,0
25396.5,40000.0,1,50000.0,1,0
25398.0,40000.0,1,50000.0,1,0
25399.5,16000.0,1,20000.0,1,1
25401.0,64000.0,1,80000.0,1,0
25402.5,280000.0,1,350000.0,1,0
25404.0,160000.0,1,200000.0,1,0
25405.5,288000.0,1,360000.0,1,0
25407.0,16000.0,1,20000.0,1,1
25408.5,72000.0,1,90000.0,1,0
25410.0,296000.0,1,370000.0,1,0
25411.5,144000.0,1,180000.0,1,1
25413.0,16000.0,1,20000.0,1,1
25414.5,24000.0,1,30000.0,1,1
25416.0,48000.0,1,60000.0,1,0
25417.5,264000.0,1,330000.0,1,0
25419.0,184000.0,1,230000.0,1,0
25420.5,40000.0,1,50000.0,1,0
25422.0,24000.0,1,30000.0,1,0
25423.5,64000.0,1,80000.0,1,0
25425.0,40000.0,1,50000.0,1,1
25426.5,8000.0,1,10000.0,1,0
25428.0,136000.0,1,170000.0,1,0
25429.5,40000.0,1,50000.0,1,1
25431.0,16000.0,1,20000.0,1,0
25432.5,16000.0,1,20000.0,1,0
25434.0,152000.0,1,190000.0,1,0
25435.5,216000.0,1,270000.0,1,0
25437.0,384000.0,1,480000.0,1,0
25438.5,304000.0,1,380000.0,1,0
25440.0,16000.0,1,20000.0,1,1
25441.5,40000.0,1,50000.0,1,1
25443.0,224000.0,1,280000.0,1,1
25444.5,192000.0,1,240000.0,1,0
25446.0,88000.0,1,110000.0,1,1
25447.5,160000.0,1,200000.0,1,0
25449.0,112000.0,1,140000.0,1,0
25450.5,208000.0,1,260000.0,1,0
25452.0,104000.0,1,130000.0,1,0
25453.5,40000.0,1,50000.0,1,0
25455.0,240000.0,1,300000.0,1,1
25456.5,24000.0,1,30000.0,1,1
25458.0,40000.0,1,50000.0,1,0
25459.5,360000.0,1,450000.0,1,1
25461.0,136000.0,2,170000.0,2,0
25462.5,48000.0,2,60000.0,2,1
25464.0,24000.0,2,30000.0,2,0
25465.5,160000.0,2,200000.0,2,0
25467.0,24000.0,2,30000.0,2,0
25468.5,80000.0,2,100000.0,2,1
25470.0,24000.0,2,30000.0,2,0
25471.5,120000.0,2,150000.0,2,0
25473.0,168000.0,2,210000.0,2,0
25474.5,240000.0,2,300000.0,2,0
25476.0,40000.0,2,50000.0,2,0
25477.5,288000.0,2,360000.0,2,0
25479.0,192000.0,2,240000.0,2,0
25480.5,208000.0,2,260000.0,2,1
25482.0,112000.0,2,140000.0,2,1
25483.5,8000.0,2,10000.0,2,0
25485.0,40000.0,2,50000.0,2,0
25486.5,40000.0,2,50000.0,2,0
25488.0,40000.0,2,50000.0,2,1
25489.5,112000.0,2,140000.0,2,1
25491.0,16000.0,2,20000.0,2,0
25492.5,40000.0,2,50000.0,2,1
25494.0,24000.0,2,30000.0,2,0
25495.5,40000.0,2,50000.0,2,0
25497.0,104000.0,2,130000.0,2,0
25498.5,64000.0,2,80000.0,2,0
25500.0,24000.0,2,30000.0,2,0
25501.5,40000.0,2,50000.0,2,0
25503.0,16000.0,2,20000.0,2,1
25504.5,72000.0,2,90000.0,2,0
25506.0,24000.0,2,30000.0,2,0
25507.5,40000.0,2,50000.0,2,0
25509.0,120000.0,2,150000.0,2,0
25510.5,16000.0,2,20000.0,2,1
25512.0,24000.0,2,30000.0,2,1
25513.5,40000.0,2,50000.0,2,0
25515.0,320000.0,2,400000.0,2,0
25516.5,16000.0,2,20000.0,2,0
25518.0,56000.0,2,70000.0,2,0
25519.5,16000.0,2,20000.0,2,0
25521.0,24000.0,2,30000.0,2,0
25522.5,24000.0,2,30000.0,2,0
25524.0,64000.0,2,80000.0,2,1
25525.5,64000.0,2,80000.0,2,0
25527.0,32000.0,2,40000.0,2,1
25528.5,56000.0,2,70000.0,2,0
25530.0,8000.0,2,10000.0,2,1
25531.5,48000.0,2,60000.0,2,1
25533.0,40000.0,2,50000.0,2,0
25534.5,64000.0,2,80000.0,2,0
25536.0,56000.0,2,70000.0,2,1
25537.5,24000.0,2,30000.0,2,0
25539.0,24000.0,2,30000.0,2,1
25540.5,16000.0,2,20000.0,2,1
25542.0,40000.0,2,50000.0,2,1
25543.5,24000.0,2,30000.0,2,0
25545.0,40000.0,2,50000.0,2,0
25546.5,40000.0,2,50000.0,2,0
25548.0,40000.0,2,50000.0,2,1
25549.5,40000.0,2,50000.0,2,0
25551.0,8000.0,2,10000.0,2,1
25552.5,8000.0,2,10000.0,2,1
25554.0,88000.0,2,110000.0,2,0
25555.5,112000.0,2,140000.0,2,0
25557.0,16000.0,2,20000.0,2,0
25558.5,24000.0,2,30000.0,2,0
25560.0,80000.0,2,100000.0,2,1
25561.5,16000.0,2,20000.0,2,0
25563.0,152000.0,2,190000.0,2,0
25564.5,240000.0,2,300000.0,2,0
25566.0,40000.0,2,50000.0,2,1
25567.5,24000.0,2,30000.0,2,0
25569.0,16000.0,2,20000.0,2,1
25570.5,48000.0,2,60000.0,2,1
25572.0,56000.0,2,70000.0,2,0
25573.5,48000.0,2,60000.0,2,1
25575.0,48000.0,2,60000.0,2,1
25576.5,24000.0,2,30000.0,2,1
25578.0,80000.0,2,100000.0,2,1
25579.5,56000.0,2,70000.0,2,1
25581.0,16000.0,2,20000.0,2,1
25582.5,40000.0,2,50000.0,2,0
25584.0,40000.0,2,50000.0,2,0
25585.5,24000.0,2,30000.0,2,0
25587.0,24000.0,2,30000.0,2,1
25588.5,24000.0,2,30000.0,2,1
25590.0,48000.0,2,60000.0,2,1
25591.5,16000.0,2,20000.0,2,1
25593.0,40000.0,2,50000.0,2,0
25594.5,24000.0,2,30000.0,2,0
25596.0,24000.0,2,30000.0,2,1
25597.5,56000.0,2,70000.0,2,0
25599.0,80000.0,2,100000.0,2,0
25600.5,80000.0,2,100000.0,2,0
25602.0,200000.0,2,250000.0,2,0
25603.5,104000.0,2,130000.0,2,0
25605.0,40000.0,2,50000.0,2,1
25606.5,200000.0,2,250000.0,2,0
25608.0,40000.0,2,50000.0,2,1
25609.5,40000.0,2,50000.0,2,0
25611.0,184000.0,2,230000.0,2,0
25612.5,160000.0,2,200000.0,2,0
25614.0,40000.0,2,50000.0,2,0
25615.5,80000.0,2,100000.0,2,1
25617.0,112000.0,2,140000.0,2,0
25618.5,16000.0,2,20000.0,2,0
25620.0,80000.0,2,100000.0,2,0
25621.5,192000.0,2,240000.0,2,0
25623.0,16000.0,2,20000.0,2,0
25624.5,40000.0,2,50000.0,2,0
25626.0,40000.0,2,50000.0,2,0
25627.5,48000.0,2,60000.0,2,0
25629.0,8000.0,2,10000.0,2,1
25630.5,24000.0,2,30000.0,2,0
25632.0,24000.0,2,30000.0,2,1
25633.5,48000.0,2,60000.0,2,0
25635.0,64000.0,2,80000.0,2,0
25636.5,104000.0,2,130000.0,2,0
25638.0,24000.0,2,30000.0,2,0
25639.5,48000.0,2,60000.0,2,1
25641.0,64000.0,2,80000.0,2,0
25642.5,184000.0,2,230000.0,2,0
25644.0,64000.0,2,80000.0,2,0
25645.5,56000.0,2,70000.0,2,0
25647.0,176000.0,2,220000.0,2,0
25648.5,40000.0,2,50000.0,2,0
25650.0,168000.0,2,210000.0,2,0
25651.5,48000.0,2,60000.0,2,1
25653.0,24000.0,2,30000.0,2,1
25654.5,40000.0,2,50000.0,2,0
25656.0,40000.0,2,50000.0,2,0
25657.5,64000.0,2,80000.0,2,0
25659.0,48000.0,2,60000.0,2,1
25660.5,16000.0,2,20000.0,2,1
25662.0,40000.0,2,50000.0,2,0
25663.5,208000.0,2,260000.0,2,0
25665.0,136000.0,2,170000.0,2,1
25666.5,16000.0,2,20000.0,2,0
25668.0,16000.0,2,20000.0,2,0
25669.5,104000.0,2,130000.0,2,0
25671.0,56000.0,2,70000.0,2,0
25672.5,96000.0,2,120000.0,2,0
25674.0,168000.0,2,210000.0,2,0
25675.5,40000.0,2,50000.0,2,0
25677.0,24000.0,2,30000.0,2,0
25678.5,120000.0,2,150000.0,2,0
25680.0,240000.0,2,300000.0,2,0
25681.5,120000.0,2,150000.0,2,0
25683.0,24000.0,2,30000.0,2,1
25684.5,40000.0,2,50000.0,2,0
25686.0,64000.0,2,80000.0,2,0
25687.5,64000.0,2,80000.0,2,0
25689.0,48000.0,2,60000.0,2,0
25690.5,160000.0,2,200000.0,2,0
25692.0,224000.0,2,280000.0,2,0
25693.5,40000.0,2,50000.0,2,0
25695.0,64000.0,2,80000.0,2,1
25696.5,40000.0,2,50000.0,2,0
25698.0,16000.0,2,20000.0,2,0
25699.5,64000.0,2,80000.0,2,1
25701.0,16000.0,2,20000.0,2,1
25702.5,88000.0,2,110000.0,2,0
25704.0,40000.0,2,50000.0,2,0
25705.5,104000.0,2,130000.0,2,1
25707.0,16000.0,2,20000.0,2,1
25708.5,104000.0,2,130000.0,2,1
25710.0,40000.0,2,50000.0,2,1
25711.5,40000.0,2,50000.0,2,1
25713.0,104000.0,2,130000.0,2,0
25714.5,64000.0,2,80000.0,2,1
25716.0,184000.0,2,230000.0,2,0
25717.5,400000.0,2,500000.0,2,0
25719.0,128000.0,2,160000.0,2,0
25720.5,120000.0,2,150000.0,2,1
25722.0,48000.0,2,60000.0,2,0
25723.5,40000.0,2,50000.0,2,0
25725.0,8000.0,2,10000.0,2,0
25726.5,112000.0,2,140000.0,2,0
25728.0,144000.0,2,180000.0,2,0
25729.5,208000.0,2,260000.0,2,0
25731.0,72000.0,2,90000.0,2,1
25732.5,16000.0,2,20000.0,2,1
25734.0,24000.0,2,30000.0,2,1
25735.5,336000.0,2,420000.0,2,0
25737.0,184000.0,2,230000.0,2,0
25738.5,72000.0,2,90000.0,2,0
25740.0,168000.0,2,210000.0,2,1
25741.5,184000.0,2,230000.0,2,0
25743.0,80000.0,2,100000.0,2,0
25744.5,16000.0,2,20000.0,2,0
25746.0,16000.0,2,20000.0,2,0
25747.5,120000.0,2,150000.0,2,0
25749.0,144000.0,2,180000.0,2,0
25750.5,16000.0,2,20000.0,2,0
25752.0,224000.0,2,280000.0,2,0
25753.5,40000.0,2,50000.0,2,0
25755.0,40000.0,2,50000.0,2,0
25756.5,80000.0,2,100000.0,2,0
25758.0,8000.0,2,10000.0,2,0
25759.5,72000.0,2,90000.0,2,0
25761.0,96000.0,2,120000.0,2,0
25762.5,200000.0,2,250000.0,2,1
25764.0,144000.0,2,180000.0,2,0
25765.5,280000.0,2,350000.0,2,0
25767.0,200000.0,2,250000.0,2,0
25768.5,112000.0,2,140000.0,2,0
25770.0,40000.0,2,50000.0,2,1
25771.5,120000.0,2,150000.0,2,1
25773.0,128000.0,2,160000.0,2,0
25774.5,104000.0,2,130000.0,2,0
25776.0,272000.0,2,340000.0,2,0
25777.5,208000.0,2,260000.0,2,0
25779.0,88000.0,2,110000.0,2,0
25780.5,320000.0,2,400000.0,2,0
25782.0,56000.0,2,70000.0,2,0
25783.5,16000.0,2,20000.0,2,1
25785.0,48000.0,2,60000.0,2,1
25786.5,64000.0,2,80000.0,2,0
25788.0,120000.0,2,150000.0,2,0
25789.5,160000.0,2,200000.0,2,0
25791.0,88000.0,2,110000.0,2,1
25792.5,360000.0,2,450000.0,2,0
25794.0,128000.0,2,160000.0,2,0
25795.5,120000.0,2,150000.0,2,0
25797.0,24000.0,2,30000.0,2,0
25798.5,128000.0,2,160000.0,2,0
25800.0,112000.0,2,140000.0,2,0
25801.5,40000.0,2,50000.0,2,0
25803.0,312000.0,2,390000.0,2,1
25804.5,240000.0,2,300000.0,2,0
25806.0,40000.0,2,50000.0,2,1
25807.5,56000.0,1,70000.0,1,0
25809.0,136000.0,2,170000.0,2,0
25810.5,128000.0,2,160000.0,2,0
25812.0,40000.0,2,50000.0,2,1
25813.5,40000.0,2,50000.0,2,0
25815.0,72000.0,2,90000.0,2,0
25816.5,160000.0,2,200000.0,2,0
25818.0,16000.0,2,20000.0,2,0
25819.5,40000.0,2,50000.0,2,0
25821.0,40000.0,2,50000.0,2,1
25822.5,48000.0,2,60000.0,2,0
25824.0,24000.0,2,30000.0,2,0
25825.5,288000.0,2,360000.0,2,0
25827.0,16000.0,2,20000.0,2,0
25828.5,24000.0,2,30000.0,2,0
25830.0,64000.0,2,80000.0,2,1
25831.5,16000.0,2,20000.0,2,0
25833.0,56000.0,2,70000.0,2,0
25834.5,96000.0,2,120000.0,2,0
25836.0,16000.0,2,20000.0,2,0
25837.5,16000.0,2,20000.0,2,0
25839.0,136000.0,2,170000.0,2,0
25840.5,104000.0,2,130000.0,2,0
25842.0,144000.0,2,180000.0,2,0
25843.5,192000.0,2,240000.0,2,0
25845.0,40000.0,2,50000.0,2,0
25846.5,80000.0,2,100000.0,2,1
25848.0,64000.0,2,80000.0,2,0
25849.5,8000.0,2,10000.0,2,1
25851.0,40000.0,2,50000.0,2,0
25852.5,64000.0,2,80000.0,2,1
25854.0,32000.0,2,40000.0,2,1
25855.5,72000.0,2,90000.0,2,1
25857.0,136000.0,2,170000.0,2,0
25858.5,40000.0,2,50000.0,2,0
25860.0,8000.0,2,10000.0,2,1
25861.5,56000.0,2,70000.0,2,0
25863.0,16000.0,2,20000.0,2,0
25864.5,96000.0,2,120000.0,2,0
25866.0,88000.0,2,110000.0,2,0
25867.5,40000.0,2,50000.0,2,1
25869.0,88000.0,2,110000.0,2,0
25870.5,40000.0,2,50000.0,2,0
25872.0,288000.0,2,360000.0,2,1
25873.5,16000.0,2,20000.0,2,1
25875.0,144000.0,2,180000.0,2,1
25876.5,80000.0,2,100000.0,2,0
25878.0,16000.0,2,20000.0,2,1
25879.5,120000.0,2,150000.0,2,0
25881.0,48000.0,2,60000.0,2,0
25882.5,64000.0,2,80000.0,2,1
25884.0,48000.0,2,60000.0,2,1
25885.5,16000.0,2,20000.0,2,1
25887.0,88000.0,2,110000.0,2,1
25888.5,80000.0,2,100000.0,2,0
25890.0,224000.0,2,280000.0,2,0
25891.5,104000.0,2,130000.0,2,0
25893.0,40000.0,2,50000.0,2,0
25894.5,48000.0,2,60000.0,2,0
25896.0,56000.0,2,70000.0,2,0
25897.5,192000.0,2,240000.0,2,1
25899.0,248000.0,2,310000.0,2,1
25900.5,16000.0,2,20000.0,2,0
25902.0,40000.0,2,50000.0,2,0
25903.5,40000.0,2,50000.0,2,0
25905.0,104000.0,2,130000.0,2,0
25906.5,184000.0,2,230000.0,2,0
25908.0,304000.0,2,380000.0,2,0
25909.5,128000.0,2,160000.0,2,0
25911.0,16000.0,2,20000.0,2,0
25912.5,120000.0,2,150000.0,2,1
25914.0,72000.0,2,90000.0,2,0
25915.5,320000.0,2,400000.0,2,0
25917.0,56000.0,2,70000.0,2,0
25918.5,40000.0,2,50000.0,2,0
25920.0,24000.0,2,30000.0,2,0
25921.5,16000.0,2,20000.0,2,0
25923.0,16000.0,2,20000.0,2,1
25924.5,104000.0,2,130000.0,2,1
25926.0,64000.0,2,80000.0,2,0
25927.5,288000.0,2,360000.0,2,1
25929.0,96000.0,2,120000.0,2,0
25930.5,160000.0,2,200000.0,2,0
25932.0,120000.0,2,150000.0,2,0
25933.5,40000.0,2,50000.0,2,0
25935.0,136000.0,2,170000.0,2,1
25936.5,184000.0,2,230000.0,2,0
25938.0,40000.0,2,50000.0,2,1
25939.5,224000.0,2,280000.0,2,0
25941.0,40000.0,2,50000.0,2,0
25942.5,24000.0,2,30000.0,2,0
25944.0,288000.0,2,360000.0,2,0
25945.5,320000.0,2,400000.0,2,1
25947.0,64000.0,2,80000.0,2,0
25948.5,120000.0,2,150000.0,2,0
25950.0,208000.0,2,260000.0,2,0
25951.5,88000.0,2,110000.0,2,0
25953.0,40000.0,2,50000.0,2,0
25954.5,240000.0,2,300000.0,2,0
25956.0,16000.0,2,20000.0,2,1
25957.5,232000.0,2,290000.0,2,1
25959.0,96000.0,2,120000.0,2,0
25960.5,16000.0,2,20000.0,2,0
25962.0,288000.0,2,360000.0,2,1
25963.5,120000.0,2,150000.0,2,0
25965.0,80000.0,2,100000.0,2,1
25966.5,136000.0,2,170000.0,2,0
25968.0,160000.0,2,200000.0,2,1
25969.5,48000.0,2,60000.0,2,1
25971.0,64000.0,2,80000.0,2,0
25972.5,32000.0,2,40000.0,2,0
25974.0,40000.0,2,50000.0,2,1
25975.5,40000.0,2,50000.0,2,1
25977.0,32000.0,2,40000.0,2,0
25978.5,96000.0,2,120000.0,2,0
25980.0,160000.0,2,200000.0,2,1
25981.5,24000.0,2,30000.0,2,0
25983.0,208000.0,2,260000.0,2,0
25984.5,312000.0,2,390000.0,2,0
25986.0,112000.0,2,140000.0,2,1
25987.5,120000.0,2,150000.0,2,0
25989.0,24000.0,2,30000.0,2,0
25990.5,72000.0,2,90000.0,2,0
25992.0,120000.0,2,150000.0,2,0
25993.5,24000.0,2,30000.0,2,0
25995.0,160000.0,2,200000.0,2,0
25996.5,24000.0,2,30000.0,2,0
25998.0,24000.0,2,30000.0,2,1
25999.5,40000.0,2,50000.0,2,0
26001.0,248000.0,2,310000.0,2,0
26002.5,400000.0,2,500000.0,2,0
26004.0,400000.0,2,500000.0,2,0
26005.5,240000.0,2,300000.0,2,0
26007.0,344000.0,2,430000.0,2,0
26008.5,24000.0,2,30000.0,2,0
26010.0,24000.0,2,30000.0,2,0
26011.5,160000.0,2,200000.0,2,0
26013.0,104000.0,2,130000.0,2,0
26014.5,96000.0,2,120000.0,2,0
26016.0,136000.0,2,170000.0,2,0
26017.5,168000.0,2,210000.0,2,0
26019.0,104000.0,2,130000.0,2,0
26020.5,336000.0,2,420000.0,2,0
26022.0,144000.0,2,180000.0,2,0
26023.5,192000.0,2,240000.0,2,0
26025.0,80000.0,2,100000.0,2,1
26026.5,104000.0,2,130000.0,2,0
26028.0,16000.0,2,20000.0,2,1
26029.5,40000.0,2,50000.0,2,0
26031.0,56000.0,2,70000.0,2,0
26032.5,24000.0,2,30000.0,2,0
26034.0,40000.0,2,50000.0,2,1
26035.5,400000.0,2,500000.0,2,0
26037.0,160000.0,2,200000.0,2,0
26038.5,96000.0,2,120000.0,2,1
26040.0,160000.0,2,200000.0,2,0
26041.5,120000.0,2,150000.0,2,1
26043.0,80000.0,2,100000.0,2,0
26044.5,40000.0,2,50000.0,2,0
26046.0,40000.0,2,50000.0,2,1
26047.5,40000.0,2,50000.0,2,1
26049.0,440000.0,2,550000.0,2,0
26050.5,24000.0,2,30000.0,2,0
26052.0,120000.0,2,150000.0,2,0
26053.5,112000.0,2,140000.0,2,0
26055.0,40000.0,2,50000.0,2,0
26056.5,128000.0,2,160000.0,2,0
26058.0,40000.0,2,50000.0,2,0
26059.5,40000.0,2,50000.0,2,0
26061.0,88000.0,2,110000.0,2,0
26062.5,40000.0,2,50000.0,2,1
26064.0,280000.0,2,350000.0,2,0
26065.5,56000.0,2,70000.0,2,0
26067.0,168000.0,2,210000.0,2,0
26068.5,144000.0,2,180000.0,2,0
26070.0,24000.0,2,30000.0,2,0
26071.5,504000.0,2,630000.0,2,0
26073.0,176000.0,2,220000.0,2,0
26074.5,224000.0,2,280000.0,2,0
26076.0,272000.0,2,340000.0,2,0
26077.5,144000.0,2,180000.0,2,1
26079.0,200000.0,2,250000.0,2,0
26080.5,16000.0,2,20000.0,2,1
26082.0,112000.0,2,140000.0,2,0
26083.5,104000.0,2,130000.0,2,1
26085.0,96000.0,2,120000.0,2,0
26086.5,288000.0,2,360000.0,2,0
26088.0,192000.0,2,240000.0,2,0
26089.5,248000.0,2,310000.0,2,0
26091.0,80000.0,2,100000.0,2,1
26092.5,160000.0,2,200000.0,2,0
26094.0,64000.0,2,80000.0,2,0
26095.5,168000.0,2,210000.0,2,0
26097.0,144000.0,2,180000.0,2,0
26098.5,56000.0,2,70000.0,2,0
26100.0,48000.0,2,60000.0,2,0
26101.5,160000.0,2,200000.0,2,0
26103.0,40000.0,2,50000.0,2,0
26104.5,40000.0,2,50000.0,2,1
26106.0,56000.0,2,70000.0,2,0
26107.5,104000.0,2,130000.0,2,0
26109.0,112000.0,2,140000.0,2,0
26110.5,280000.0,2,350000.0,2,0
26112.0,120000.0,2,150000.0,2,0
26113.5,40000.0,2,50000.0,2,0
26115.0,40000.0,2,50000.0,2,0
26116.5,24000.0,2,30000.0,2,0
26118.0,16000.0,2,20000.0,2,0
26119.5,40000.0,2,50000.0,2,0
26121.0,24000.0,2,30000.0,2,1
26122.5,184000.0,2,230000.0,2,0
26124.0,56000.0,2,70000.0,2,1
26125.5,24000.0,2,30000.0,2,0
26127.0,120000.0,2,150000.0,2,0
26128.5,32000.0,2,40000.0,2,0
26130.0,200000.0,2,250000.0,2,0
26131.5,160000.0,2,200000.0,2,0
26133.0,152000.0,2,190000.0,2,0
26134.5,312000.0,2,390000.0,2,0
26136.0,16000.0,2,20000.0,2,1
26137.5,160000.0,2,200000.0,2,0
26139.0,48000.0,2,60000.0,2,0
26140.5,24000.0,2,30000.0,2,0
26142.0,184000.0,2,230000.0,2,0
26143.5,104000.0,2,130000.0,2,0
26145.0,112000.0,2,140000.0,2,1
26146.5,288000.0,2,360000.0,2,0
26148.0,16000.0,2,20000.0,2,1
26149.5,80000.0,2,100000.0,2,0
26151.0,168000.0,2,210000.0,2,0
26152.5,40000.0,2,50000.0,2,0
26154.0,304000.0,2,380000.0,2,0
26155.5,40000.0,2,50000.0,2,0
26157.0,160000.0,2,200000.0,2,0
26158.5,40000.0,2,50000.0,2,0
26160.0,120000.0,2,150000.0,2,0
26161.5,24000.0,2,30000.0,2,1
26163.0,24000.0,2,30000.0,2,1
26164.5,88000.0,2,110000.0,2,0
26166.0,24000.0,2,30000.0,2,0
26167.5,104000.0,2,130000.0,2,0
26169.0,208000.0,2,260000.0,2,1
26170.5,24000.0,2,30000.0,2,1
26172.0,176000.0,2,220000.0,2,0
26173.5,96000.0,2,120000.0,2,1
26175.0,80000.0,2,100000.0,2,0
26176.5,80000.0,2,100000.0,2,1
26178.0,56000.0,2,70000.0,2,1
26179.5,16000.0,2,20000.0,2,1
26181.0,256000.0,2,320000.0,2,0
26182.5,168000.0,2,210000.0,2,0
26184.0,72000.0,2,90000.0,2,0
26185.5,96000.0,2,120000.0,2,0
26187.0,288000.0,2,360000.0,2,0
26188.5,112000.0,2,140000.0,2,0
26190.0,240000.0,2,300000.0,2,0
26191.5,72000.0,2,90000.0,2,1
26193.0,136000.0,2,170000.0,2,1
26194.5,152000.0,2,190000.0,2,0
26196.0,112000.0,2,140000.0,2,1
26197.5,160000.0,2,200000.0,2,0
26199.0,400000.0,2,500000.0,2,0
26200.5,240000.0,2,300000.0,2,0
26202.0,144000.0,2,180000.0,2,0
26203.5,288000.0,2,360000.0,2,0
26205.0,72000.0,2,90000.0,2,0
26206.5,120000.0,2,150000.0,2,0
26208.0,400000.0,2,500000.0,2,0
26209.5,64000.0,2,80000.0,2,0
26211.0,8000.0,2,10000.0,2,1
26212.5,144000.0,2,180000.0,2,0
26214.0,120000.0,2,150000.0,2,0
26215.5,64000.0,2,80000.0,2,0
26217.0,48000.0,2,60000.0,2,1
26218.5,192000.0,2,240000.0,2,0
26220.0,40000.0,2,50000.0,2,0
26221.5,184000.0,2,230000.0,2,0
26223.0,32000.0,2,40000.0,2,0
26224.5,200000.0,2,250000.0,2,1
26226.0,40000.0,2,50000.0,2,0
26227.5,96000.0,2,120000.0,2,1
26229.0,40000.0,2,50000.0,2,1
26230.5,48000.0,2,60000.0,2,0
26232.0,128000.0,2,160000.0,2,0
26233.5,40000.0,2,50000.0,2,1
26235.0,320000.0,2,400000.0,2,0
26236.5,40000.0,2,50000.0,2,0
26238.0,80000.0,2,100000.0,2,0
26239.5,80000.0,2,100000.0,2,0
26241.0,288000.0,2,360000.0,2,0
26242.5,24000.0,2,30000.0,2,0
26244.0,40000.0,2,50000.0,2,0
26245.5,64000.0,2,80000.0,2,1
26247.0,120000.0,2,150000.0,2,0
26248.5,8000.0,2,10000.0,2,0
26250.0,160000.0,2,200000.0,2,0
26251.5,24000.0,2,30000.0,2,0
26253.0,176000.0,2,220000.0,2,0
26254.5,144000.0,2,180000.0,2,0
26256.0,176000.0,2,220000.0,2,0
26257.5,176000.0,2,220000.0,2,0
26259.0,312000.0,2,390000.0,2,0
26260.5,280000.0,2,350000.0,2,0
26262.0,448000.0,2,560000.0,2,1
26263.5,192000.0,2,240000.0,2,1
26265.0,328000.0,2,410000.0,2,0
26266.5,72000.0,2,90000.0,2,1
26268.0,24000.0,2,30000.0,2,0
26269.5,32000.0,2,40000.0,2,1
26271.0,48000.0,2,60000.0,2,0
26272.5,312000.0,2,390000.0,2,0
26274.0,104000.0,2,130000.0,2,0
26275.5,72000.0,2,90000.0,2,1
26277.0,240000.0,2,300000.0,2,0
26278.5,176000.0,2,220000.0,2,0
26280.0,16000.0,2,20000.0,2,0
26281.5,112000.0,2,140000.0,2,0
26283.0,120000.0,2,150000.0,2,0
26284.5,96000.0,2,120000.0,2,0
26286.0,160000.0,2,200000.0,2,0
26287.5,16000.0,2,20000.0,2,1
26289.0,88000.0,2,110000.0,2,1
26290.5,232000.0,2,290000.0,2,0
26292.0,168000.0,2,210000.0,2,0
26293.5,296000.0,2,370000.0,2,0
26295.0,64000.0,2,80000.0,2,0
26296.5,160000.0,2,200000.0,2,0
26298.0,144000.0,2,180000.0,2,0
26299.5,208000.0,2,260000.0,2,0
26301.0,40000.0,2,50000.0,2,1
26302.5,120000.0,2,150000.0,2,0
26304.0,152000.0,2,190000.0,2,0
26305.5,128000.0,2,160000.0,2,0
26307.0,144000.0,2,180000.0,2,0
26308.5,104000.0,2,130000.0,2,0
26310.0,24000.0,2,30000.0,2,0
26311.5,80000.0,2,100000.0,2,1
26313.0,16000.0,2,20000.0,2,1
26314.5,80000.0,2,100000.0,2,0
26316.0,16000.0,2,20000.0,2,0
26317.5,16000.0,2,20000.0,2,1
26319.0,16000.0,2,20000.0,2,0
26320.5,40000.0,2,50000.0,2,1
26322.0,88000.0,2,110000.0,2,1
26323.5,48000.0,2,60000.0,2,1
26325.0,40000.0,2,50000.0,2,0
26326.5,160000.0,2,200000.0,2,1
26328.0,288000.0,2,360000.0,2,0
26329.5,88000.0,2,110000.0,2,0
26331.0,184000.0,2,230000.0,2,0
26332.5,144000.0,2,180000.0,2,0
26334.0,144000.0,2,180000.0,2,0
26335.5,40000.0,2,50000.0,2,0
26337.0,456000.0,2,570000.0,2,0
26338.5,24000.0,2,30000.0,2,0
26340.0,112000.0,2,140000.0,2,0
26341.5,40000.0,2,50000.0,2,1
26343.0,40000.0,2,50000.0,2,1
26344.5,96000.0,2,120000.0,2,1
26346.0,96000.0,2,120000.0,2,1
26347.5,40000.0,2,50000.0,2,0
26349.0,144000.0,2,180000.0,2,0
26350.5,64000.0,2,80000.0,2,0
26352.0,240000.0,2,300000.0,2,0
26353.5,64000.0,2,80000.0,2,0
26355.0,56000.0,2,70000.0,2,1
26356.5,256000.0,2,320000.0,2,0
26358.0,400000.0,2,500000.0,2,0
26359.5,200000.0,2,250000.0,2,0
26361.0,184000.0,2,230000.0,2,0
26362.5,64000.0,2,80000.0,2,0
26364.0,136000.0,2,170000.0,2,1
26365.5,88000.0,2,110000.0,2,0
26367.0,192000.0,2,240000.0,2,0
26368.5,120000.0,2,150000.0,2,0
26370.0,72000.0,2,90000.0,2,0
26371.5,80000.0,2,100000.0,2,1
26373.0,24000.0,2,30000.0,2,1
26374.5,64000.0,2,80000.0,2,1
26376.0,208000.0,2,260000.0,2,1
26377.5,160000.0,2,200000.0,2,0
26379.0,16000.0,2,20000.0,2,1
26380.5,128000.0,2,160000.0,2,1
26382.0,56000.0,2,70000.0,2,0
26383.5,16000.0,2,20000.0,2,0
26385.0,160000.0,2,200000.0,2,0
26386.5,352000.0,2,440000.0,2,0
26388.0,16000.0,2,20000.0,2,0
26389.5,88000.0,2,110000.0,2,0
26391.0,104000.0,2,130000.0,2,0
26392.5,40000.0,2,50000.0,2,0
26394.0,232000.0,2,290000.0,2,1
26395.5,384000.0,2,480000.0,2,0
26397.0,248000.0,2,310000.0,2,0
26398.5,24000.0,2,30000.0,2,1
26400.0,400000.0,2,500000.0,2,0
26401.5,64000.0,2,80000.0,2,0
26403.0,80000.0,2,100000.0,2,0
26404.5,56000.0,2,70000.0,2,0
26406.0,168000.0,2,210000.0,2,0
26407.5,144000.0,2,180000.0,2,0
26409.0,40000.0,2,50000.0,2,0
26410.5,48000.0,2,60000.0,2,0
26412.0,40000.0,2,50000.0,2,0
26413.5,56000.0,2,70000.0,2,0
26415.0,40000.0,2,50000.0,2,0
26416.5,280000.0,2,350000.0,2,0
26418.0,136000.0,2,170000.0,2,0
26419.5,144000.0,2,180000.0,2,0
26421.0,176000.0,2,220000.0,2,0
26422.5,64000.0,2,80000.0,2,1
26424.0,288000.0,2,360000.0,2,0
26425.5,400000.0,2,500000.0,2,0
26427.0,328000.0,2,410000.0,2,0
26428.5,64000.0,2,80000.0,2,1
26430.0,144000.0,2,180000.0,2,1
26431.5,224000.0,2,280000.0,2,0
26433.0,16000.0,2,20000.0,2,0
26434.5,24000.0,2,30000.0,2,1
26436.0,160000.0,2,200000.0,2,0
26437.5,144000.0,2,180000.0,2,1
26439.0,112000.0,2,140000.0,2,0
26440.5,104000.0,2,130000.0,2,0
26442.0,16000.0,2,20000.0,2,0
26443.5,96000.0,2,120000.0,2,1
26445.0,40000.0,2,50000.0,2,0
26446.5,248000.0,2,310000.0,2,0
26448.0,336000.0,2,420000.0,2,0
26449.5,48000.0,2,60000.0,2,0
26451.0,112000.0,2,140000.0,2,0
26452.5,64000.0,2,80000.0,2,1
26454.0,176000.0,2,220000.0,2,0
26455.5,288000.0,2,360000.0,2,0
26457.0,232000.0,2,290000.0,2,0
26458.5,208000.0,2,260000.0,2,0
26460.0,136000.0,2,170000.0,2,0
26461.5,160000.0,2,200000.0,2,1
26463.0,112000.0,2,140000.0,2,0
26464.5,136000.0,2,170000.0,2,0
26466.0,176000.0,2,220000.0,2,0
26467.5,184000.0,2,230000.0,2,1
26469.0,288000.0,2,360000.0,2,0
26470.5,272000.0,2,340000.0,2,0
26472.0,288000.0,2,360000.0,2,1
26473.5,72000.0,2,90000.0,2,0
26475.0,104000.0,2,130000.0,2,1
26476.5,64000.0,2,80000.0,2,1
26478.0,320000.0,2,400000.0,2,0
26479.5,192000.0,2,240000.0,2,0
26481.0,8000.0,2,10000.0,2,1
26482.5,192000.0,2,240000.0,2,0
26484.0,104000.0,2,130000.0,2,0
26485.5,16000.0,2,20000.0,2,0
26487.0,64000.0,2,80000.0,2,0
26488.5,200000.0,2,250000.0,2,0
26490.0,24000.0,2,30000.0,2,0
26491.5,224000.0,2,280000.0,2,0
26493.0,232000.0,2,290000.0,2,0
26494.5,400000.0,2,500000.0,2,0
26496.0,64000.0,2,80000.0,2,0
26497.5,96000.0,2,120000.0,2,0
26499.0,64000.0,2,80000.0,2,0
26500.5,168000.0,2,210000.0,2,0
26502.0,80000.0,2,100000.0,2,1
26503.5,168000.0,2,210000.0,2,0
26505.0,400000.0,2,500000.0,2,0
26506.5,184000.0,2,230000.0,2,0
26508.0,88000.0,2,110000.0,2,0
26509.5,168000.0,2,210000.0,2,0
26511.0,256000.0,2,320000.0,2,0
26512.5,112000.0,2,140000.0,2,0
26514.0,32000.0,2,40000.0,2,0
26515.5,224000.0,2,280000.0,2,0
26517.0,176000.0,2,220000.0,2,0
26518.5,200000.0,2,250000.0,2,0
26520.0,56000.0,2,70000.0,2,0
26521.5,56000.0,2,70000.0,2,0
26523.0,240000.0,2,300000.0,2,1
26524.5,40000.0,2,50000.0,2,0
26526.0,56000.0,2,70000.0,2,0
26527.5,40000.0,2,50000.0,2,0
26529.0,200000.0,2,250000.0,2,1
26530.5,96000.0,2,120000.0,2,0
26532.0,56000.0,2,70000.0,2,1
26533.5,352000.0,2,440000.0,2,0
26535.0,224000.0,2,280000.0,2,0
26536.5,288000.0,2,360000.0,2,0
26538.0,120000.0,2,150000.0,2,0
26539.5,240000.0,2,300000.0,2,1
26541.0,16000.0,2,20000.0,2,0
26542.5,304000.0,2,380000.0,2,0
26544.0,272000.0,2,340000.0,2,0
26545.5,168000.0,2,210000.0,2,0
26547.0,48000.0,2,60000.0,2,1
26548.5,104000.0,2,130000.0,2,0
26550.0,272000.0,2,340000.0,2,0
26551.5,136000.0,2,170000.0,2,0
26553.0,288000.0,2,360000.0,2,0
26554.5,48000.0,2,60000.0,2,0
26556.0,288000.0,2,360000.0,2,0
26557.5,224000.0,2,280000.0,2,0
26559.0,192000.0,2,240000.0,2,0
26560.5,96000.0,2,120000.0,2,0
26562.0,72000.0,2,90000.0,2,0
26563.5,80000.0,2,100000.0,2,0
26565.0,328000.0,2,410000.0,2,0
26566.5,152000.0,2,190000.0,2,0
26568.0,176000.0,2,220000.0,2,0
26569.5,72000.0,2,90000.0,2,1
26571.0,96000.0,2,120000.0,2,0
26572.5,8000.0,2,10000.0,2,1
26574.0,400000.0,2,500000.0,2,0
26575.5,96000.0,2,120000.0,2,0
26577.0,96000.0,2,120000.0,2,0
26578.5,176000.0,2,220000.0,2,1
26580.0,192000.0,2,240000.0,2,0
26581.5,120000.0,2,150000.0,2,0
26583.0,400000.0,2,500000.0,2,0
26584.5,120000.0,2,150000.0,2,0
26586.0,48000.0,2,60000.0,2,0
26587.5,24000.0,2,30000.0,2,1
26589.0,256000.0,2,320000.0,2,0
26590.5,376000.0,2,470000.0,2,0
26592.0,352000.0,2,440000.0,2,0
26593.5,40000.0,2,50000.0,2,0
26595.0,176000.0,2,220000.0,2,0
26596.5,288000.0,2,360000.0,2,0
26598.0,72000.0,2,90000.0,2,0
26599.5,40000.0,2,50000.0,2,1
26601.0,40000.0,2,50000.0,2,0
26602.5,232000.0,2,290000.0,2,0
26604.0,280000.0,2,350000.0,2,1
26605.5,88000.0,2,110000.0,2,0
26607.0,32000.0,2,40000.0,2,1
26608.5,40000.0,2,50000.0,2,1
26610.0,88000.0,2,110000.0,2,0
26611.5,288000.0,2,360000.0,2,0
26613.0,160000.0,2,200000.0,2,1
26614.5,112000.0,2,140000.0,2,0
26616.0,64000.0,2,80000.0,2,1
26617.5,208000.0,2,260000.0,2,0
26619.0,272000.0,2,340000.0,2,1
26620.5,24000.0,2,30000.0,2,1
26622.0,24000.0,2,30000.0,2,0
26623.5,352000.0,2,440000.0,2,0
26625.0,8000.0,2,10000.0,2,0
26626.5,184000.0,2,230000.0,2,0
26628.0,40000.0,2,50000.0,2,0
26629.5,120000.0,2,150000.0,2,0
26631.0,264000.0,2,330000.0,2,0
26632.5,296000.0,2,370000.0,2,0
26634.0,104000.0,2,130000.0,2,0
26635.5,8000.0,2,10000.0,2,1
26637.0,288000.0,2,360000.0,2,0
26638.5,16000.0,2,20000.0,2,1
26640.0,144000.0,2,180000.0,2,0
26641.5,64000.0,2,80000.0,2,0
26643.0,40000.0,2,50000.0,2,1
26644.5,120000.0,2,150000.0,2,0
26646.0,24000.0,2,30000.0,2,0
26647.5,40000.0,2,50000.0,2,0
26649.0,16000.0,2,20000.0,2,0
26650.5,104000.0,2,130000.0,2,0
26652.0,256000.0,2,320000.0,2,0
26653.5,240000.0,2,300000.0,2,0
26655.0,264000.0,2,330000.0,2,0
26656.5,40000.0,2,50000.0,2,0
26658.0,56000.0,2,70000.0,2,0
26659.5,56000.0,2,70000.0,2,0
26661.0,80000.0,2,100000.0,2,0
26662.5,88000.0,2,110000.0,2,1
26664.0,80000.0,2,100000.0,2,1
26665.5,128000.0,2,160000.0,2,0
26667.0,56000.0,2,70000.0,2,0
26668.5,48000.0,2,60000.0,2,0
26670.0,64000.0,2,80000.0,2,0
26671.5,80000.0,2,100000.0,2,0
26673.0,184000.0,2,230000.0,2,1
26674.5,48000.0,2,60000.0,2,0
26676.0,128000.0,2,160000.0,2,0
26677.5,24000.0,2,30000.0,2,1
26679.0,248000.0,2,310000.0,2,0
26680.5,48000.0,1,60000.0,1,0
26682.0,40000.0,1,50000.0,1,0
26683.5,112000.0,1,140000.0,1,0
26685.0,16000.0,1,20000.0,1,0
26686.5,8000.0,1,10000.0,1,0
26688.0,64000.0,1,80000.0,1,0
26689.5,40000.0,1,50000.0,1,0
26691.0,128000.0,2,160000.0,2,1
26692.5,400000.0,2,500000.0,2,0
26694.0,376000.0,2,470000.0,2,0
26695.5,168000.0,2,210000.0,2,0
26697.0,40000.0,1,50000.0,1,1
26698.5,24000.0,1,30000.0,1,1
26700.0,40000.0,1,50000.0,1,0
26701.5,64000.0,1,80000.0,1,0
26703.0,24000.0,1,30000.0,1,1
26704.5,64000.0,1,80000.0,1,0
26706.0,120000.0,1,150000.0,1,0
26707.5,136000.0,1,170000.0,1,0
26709.0,176000.0,1,220000.0,1,0
26710.5,24000.0,1,30000.0,1,1
26712.0,80000.0,1,100000.0,1,0
26713.5,8000.0,1,10000.0,1,1
26715.0,112000.0,1,140000.0,1,1
26716.5,40000.0,1,50000.0,1,0
26718.0,16000.0,1,20000.0,1,0
26719.5,8000.0,1,10000.0,1,1
26721.0,40000.0,1,50000.0,1,0
26722.5,8000.0,1,10000.0,1,0
26724.0,24000.0,1,30000.0,1,0
26725.5,40000.0,1,50000.0,1,0
26727.0,80000.0,1,100000.0,1,1
26728.5,16000.0,1,20000.0,1,0
26730.0,16000.0,1,20000.0,1,0
26731.5,80000.0,1,100000.0,1,0
26733.0,40000.0,1,50000.0,1,1
26734.5,80000.0,1,100000.0,1,0
26736.0,24000.0,1,30000.0,1,1
26737.5,40000.0,1,50000.0,1,1
26739.0,40000.0,1,50000.0,1,1
26740.5,40000.0,1,50000.0,1,0
26742.0,40000.0,1,50000.0,1,0
26743.5,40000.0,1,50000.0,1,0
26745.0,40000.0,1,50000.0,1,0
26746.5,304000.0,1,380000.0,1,0
26748.0,40000.0,1,50000.0,1,1
26749.5,24000.0,1,30000.0,1,0
26751.0,120000.0,1,150000.0,1,0
26752.5,144000.0,1,180000.0,1,0
26754.0,64000.0,1,80000.0,1,1
26755.5,88000.0,1,110000.0,1,1
26757.0,24000.0,1,30000.0,1,0
26758.5,88000.0,1,110000.0,1,1
26760.0,224000.0,1,280000.0,1,0
26761.5,8000.0,1,10000.0,1,1
26763.0,8000.0,1,10000.0,1,0
26764.5,16000.0,1,20000.0,1,0
26766.0,136000.0,1,170000.0,1,0
26767.5,16000.0,1,20000.0,1,1
26769.0,104000.0,1,130000.0,1,0
26770.5,160000.0,1,200000.0,1,1
26772.0,200000.0,1,250000.0,1,0
26773.5,64000.0,1,80000.0,1,0
26775.0,144000.0,1,180000.0,1,0
26776.5,96000.0,1,120000.0,1,0
26778.0,16000.0,1,20000.0,1,0
26779.5,120000.0,1,150000.0,1,0
26781.0,152000.0,1,190000.0,1,0
26782.5,168000.0,1,210000.0,1,0
26784.0,144000.0,1,180000.0,1,0
26785.5,40000.0,1,50000.0,1,0
26787.0,112000.0,1,140000.0,1,0
26788.5,64000.0,1,80000.0,1,0
26790.0,64000.0,1,80000.0,1,1
26791.5,64000.0,1,80000.0,1,0
26793.0,16000.0,1,20000.0,1,0
26794.5,8000.0,1,10000.0,1,1
26796.0,24000.0,1,30000.0,1,1
26797.5,192000.0,1,240000.0,1,0
26799.0,40000.0,1,50000.0,1,0
26800.5,72000.0,1,90000.0,1,1
26802.0,48000.0,1,60000.0,1,0
26803.5,80000.0,1,100000.0,1,1
26805.0,96000.0,1,120000.0,1,0
26806.5,8000.0,1,10000.0,1,0
26808.0,56000.0,1,70000.0,1,1
26809.5,48000.0,1,60000.0,1,0
26811.0,104000.0,1,130000.0,1,0
26812.5,24000.0,1,30000.0,1,1
26814.0,288000.0,1,360000.0,1,0
26815.5,64000.0,1,80000.0,1,0
26817.0,16000.0,1,20000.0,1,0
26818.5,40000.0,1,50000.0,1,0
26820.0,64000.0,1,80000.0,1,1
26821.5,120000.0,1,150000.0,1,0
26823.0,48000.0,1,60000.0,1,0
26824.5,176000.0,1,220000.0,1,0
26826.0,8000.0,1,10000.0,1,0
26827.5,40000.0,1,50000.0,1,0
26829.0,40000.0,1,50000.0,1,0
26830.5,176000.0,1,220000.0,1,0
26832.0,360000.0,1,450000.0,1,0
26833.5,192000.0,1,240000.0,1,0
26835.0,400000.0,1,500000.0,1,0
26836.5,136000.0,1,170000.0,1,0
26838.0,80000.0,1,100000.0,1,1
26839.5,48000.0,1,60000.0,1,0
26841.0,160000.0,1,200000.0,1,0
26842.5,160000.0,1,200000.0,1,1
26844.0,16000.0,1,20000.0,1,0
26845.5,32000.0,1,40000.0,1,1
26847.0,88000.0,1,110000.0,1,0
26848.5,8000.0,1,10000.0,1,0
26850.0,80000.0,1,100000.0,1,0
26851.5,40000.0,1,50000.0,1,0
26853.0,24000.0,1,30000.0,1,0
26854.5,24000.0,1,30000.0,1,0
26856.0,40000.0,1,50000.0,1,0
26857.5,16000.0,1,20000.0,1,1
26859.0,40000.0,1,50000.0,1,0
26860.5,48000.0,1,60000.0,1,1
26862.0,40000.0,1,50000.0,1,1
26863.5,104000.0,1,130000.0,1,1
26865.0,16000.0,1,20000.0,1,1
26866.5,80000.0,1,100000.0,1,1
26868.0,16000.0,1,20000.0,1,1
26869.5,120000.0,1,150000.0,1,0
26871.0,56000.0,1,70000.0,1,0
26872.5,200000.0,1,250000.0,1,0
26874.0,40000.0,1,50000.0,1,1
26875.5,72000.0,1,90000.0,1,1
26877.0,72000.0,1,90000.0,1,0
26878.5,96000.0,1,120000.0,1,1
26880.0,192000.0,1,240000.0,1,0
26881.5,40000.0,1,50000.0,1,1
26883.0,80000.0,1,100000.0,1,1
26884.5,312000.0,1,390000.0,1,0
26886.0,40000.0,1,50000.0,1,1
26887.5,32000.0,1,40000.0,1,1
26889.0,152000.0,1,190000.0,1,0
26890.5,8000.0,1,10000.0,1,1
26892.0,8000.0,1,10000.0,1,0
26893.5,144000.0,1,180000.0,1,0
26895.0,184000.0,1,230000.0,1,0
26896.5,16000.0,1,20000.0,1,0
26898.0,184000.0,1,230000.0,1,1
26899.5,160000.0,1,200000.0,1,0
26901.0,376000.0,1,470000.0,1,0
26902.5,120000.0,1,150000.0,1,0
26904.0,56000.0,1,70000.0,1,0
26905.5,40000.0,1,50000.0,1,0
26907.0,64000.0,1,80000.0,1,0
26908.5,264000.0,1,330000.0,1,0
26910.0,112000.0,1,140000.0,1,0
26911.5,56000.0,1,70000.0,1,1
26913.0,224000.0,1,280000.0,1,0
26914.5,120000.0,1,150000.0,1,0
26916.0,64000.0,1,80000.0,1,0
26917.5,96000.0,1,120000.0,1,1
26919.0,40000.0,1,50000.0,1,0
26920.5,184000.0,1,230000.0,1,0
26922.0,128000.0,1,160000.0,1,0
26923.5,40000.0,1,50000.0,1,0
26925.0,80000.0,1,100000.0,1,0
26926.5,160000.0,1,200000.0,1,1
26928.0,136000.0,1,170000.0,1,0
26929.5,40000.0,1,50000.0,1,0
26931.0,160000.0,1,200000.0,1,0
26932.5,160000.0,1,200000.0,1,0
26934.0,40000.0,1,50000.0,1,0
26935.5,40000.0,1,50000.0,1,0
26937.0,240000.0,1,300000.0,1,0
26938.5,104000.0,1,130000.0,1,0
26940.0,64000.0,1,80000.0,1,1
26941.5,96000.0,1,120000.0,1,0
26943.0,112000.0,1,140000.0,1,1
26944.5,176000.0,1,220000.0,1,0
26946.0,56000.0,1,70000.0,1,1
26947.5,16000.0,1,20000.0,1,0
26949.0,160000.0,1,200000.0,1,0
26950.5,16000.0,1,20000.0,1,1
26952.0,408000.0,1,510000.0,1,0
26953.5,360000.0,1,450000.0,1,0
26955.0,40000.0,1,50000.0,1,0
26956.5,96000.0,1,120000.0,1,0
26958.0,40000.0,1,50000.0,1,1
26959.5,224000.0,1,280000.0,1,0
26961.0,24000.0,1,30000.0,1,1
26962.5,16000.0,1,20000.0,1,0
26964.0,64000.0,1,80000.0,1,0
26965.5,96000.0,1,120000.0,1,0
26967.0,296000.0,1,370000.0,1,0
26968.5,40000.0,1,50000.0,1,0
26970.0,16000.0,1,20000.0,1,0
26971.5,128000.0,1,160000.0,1,0
26973.0,136000.0,1,170000.0,1,0
26974.5,80000.0,1,100000.0,1,0
26976.0,168000.0,1,210000.0,1,0
26977.5,80000.0,1,100000.0,1,0
26979.0,184000.0,1,230000.0,1,1
26980.5,192000.0,1,240000.0,1,0
26982.0,192000.0,1,240000.0,1,0
26983.5,40000.0,1,50000.0,1,1
26985.0,64000.0,1,80000.0,1,0
26986.5,40000.0,1,50000.0,1,0
26988.0,40000.0,1,50000.0,1,0
26989.5,352000.0,1,440000.0,1,0
26991.0,176000.0,1,220000.0,1,0
26992.5,56000.0,1,70000.0,1,0
26994.0,192000.0,1,240000.0,1,0
26995.5,288000.0,1,360000.0,1,0
26997.0,288000.0,1,360000.0,1,0
26998.5,64000.0,1,80000.0,1,0
27000.0,24000.0,1,30000.0,1,1
27001.5,128000.0,1,160000.0,1,1
27003.0,120000.0,1,150000.0,1,1
27004.5,80000.0,1,100000.0,1,0
27006.0,56000.0,1,70000.0,1,0
27007.5,240000.0,1,300000.0,1,0
27009.0,72000.0,1,90000.0,1,1
27010.5,640000.0,1,800000.0,1,0
27012.0,288000.0,1,360000.0,1,0
27013.5,72000.0,1,90000.0,1,1
27015.0,240000.0,1,300000.0,1,1
27016.5,24000.0,1,30000.0,1,1
27018.0,40000.0,1,50000.0,1,0
27019.5,88000.0,1,110000.0,1,1
27021.0,64000.0,1,80000.0,1,0
27022.5,112000.0,1,140000.0,1,0
27024.0,40000.0,1,50000.0,1,0
27025.5,16000.0,1,20000.0,1,0
27027.0,40000.0,1,50000.0,1,0
27028.5,40000.0,1,50000.0,1,0
27030.0,104000.0,1,130000.0,1,1
27031.5,72000.0,1,90000.0,1,0
27033.0,24000.0,1,30000.0,1,0
27034.5,40000.0,1,50000.0,1,1
27036.0,136000.0,1,170000.0,1,0
27037.5,232000.0,1,290000.0,1,1
27039.0,16000.0,1,20000.0,1,0
27040.5,144000.0,1,180000.0,1,1
27042.0,288000.0,1,360000.0,1,0
27043.5,16000.0,1,20000.0,1,0
27045.0,112000.0,1,140000.0,1,0
27046.5,72000.0,1,90000.0,1,0
27048.0,96000.0,1,120000.0,1,0
27049.5,128000.0,1,160000.0,1,0
27051.0,224000.0,1,280000.0,1,1
27052.5,400000.0,1,500000.0,1,0
27054.0,80000.0,1,100000.0,1,1
27055.5,128000.0,1,160000.0,1,0
27057.0,16000.0,1,20000.0,1,0
27058.5,320000.0,1,400000.0,1,0
27060.0,24000.0,1,30000.0,1,0
27061.5,40000.0,1,50000.0,1,0
27063.0,56000.0,1,70000.0,1,0
27064.5,88000.0,1,110000.0,1,0
27066.0,40000.0,1,50000.0,1,0
27067.5,136000.0,1,170000.0,1,0
27069.0,24000.0,1,30000.0,1,0
27070.5,40000.0,1,50000.0,1,0
27072.0,40000.0,1,50000.0,1,1
27073.5,72000.0,1,90000.0,1,1
27075.0,88000.0,1,110000.0,1,0
27076.5,192000.0,1,240000.0,1,0
27078.0,288000.0,1,360000.0,1,0
27079.5,232000.0,1,290000.0,1,0
27081.0,144000.0,1,180000.0,1,0
27082.5,144000.0,1,180000.0,1,0
27084.0,40000.0,1,50000.0,1,0
27085.5,400000.0,1,500000.0,1,0
27087.0,40000.0,1,50000.0,1,1
27088.5,40000.0,1,50000.0,1,0
27090.0,320000.0,1,400000.0,1,0
27091.5,192000.0,1,240000.0,1,0
27093.0,120000.0,1,150000.0,1,0
27094.5,40000.0,1,50000.0,1,1
27096.0,120000.0,1,150000.0,1,0
27097.5,40000.0,1,50000.0,1,1
27099.0,288000.0,1,360000.0,1,0
27100.5,80000.0,1,100000.0,1,1
27102.0,24000.0,1,30000.0,1,0
27103.5,208000.0,1,260000.0,1,0
27105.0,112000.0,1,140000.0,1,0
27106.5,24000.0,1,30000.0,1,0
27108.0,48000.0,1,60000.0,1,1
27109.5,8000.0,1,10000.0,1,0
27111.0,88000.0,1,110000.0,1,1
27112.5,32000.0,1,40000.0,1,1
27114.0,40000.0,1,50000.0,1,1
27115.5,40000.0,1,50000.0,1,0
27117.0,280000.0,1,350000.0,1,1
27118.5,360000.0,1,450000.0,1,0
27120.0,40000.0,1,50000.0,1,0
27121.5,136000.0,1,170000.0,1,0
27123.0,80000.0,1,100000.0,1,0
27124.5,112000.0,1,140000.0,1,0
27126.0,200000.0,1,250000.0,1,0
27127.5,104000.0,1,130000.0,1,0
27129.0,104000.0,1,130000.0,1,0
27130.5,288000.0,1,360000.0,1,1
27132.0,216000.0,1,270000.0,1,0
27133.5,112000.0,1,140000.0,1,0
27135.0,120000.0,1,150000.0,1,0
27136.5,160000.0,1,200000.0,1,0
27138.0,224000.0,1,280000.0,1,0
27139.5,64000.0,1,80000.0,1,1
27141.0,192000.0,1,240000.0,1,0
27142.5,16000.0,1,20000.0,1,1
27144.0,240000.0,1,300000.0,1,0
27145.5,200000.0,1,250000.0,1,1
27147.0,40000.0,1,50000.0,1,1
27148.5,40000.0,1,50000.0,1,0
27150.0,24000.0,1,30000.0,1,1
27151.5,192000.0,1,240000.0,1,1
27153.0,160000.0,1,200000.0,1,1
27154.5,40000.0,1,50000.0,1,0
27156.0,168000.0,1,210000.0,1,0
27157.5,224000.0,1,280000.0,1,0
27159.0,160000.0,1,200000.0,1,0
27160.5,240000.0,1,300000.0,1,0
27162.0,336000.0,1,420000.0,1,0
27163.5,280000.0,1,350000.0,1,0
27165.0,96000.0,1,120000.0,1,1
27166.5,88000.0,1,110000.0,1,1
27168.0,16000.0,1,20000.0,1,0
27169.5,80000.0,1,100000.0,1,0
27171.0,192000.0,1,240000.0,1,1
27172.5,104000.0,1,130000.0,1,0
27174.0,136000.0,1,170000.0,1,0
27175.5,48000.0,1,60000.0,1,1
27177.0,160000.0,1,200000.0,1,0
27178.5,168000.0,1,210000.0,1,0
27180.0,80000.0,1,100000.0,1,0
27181.5,304000.0,1,380000.0,1,0
27183.0,192000.0,1,240000.0,1,0
27184.5,120000.0,1,150000.0,1,0
27186.0,48000.0,1,60000.0,1,0
27187.5,280000.0,1,350000.0,1,0
27189.0,240000.0,1,300000.0,1,0
27190.5,128000.0,1,160000.0,1,0
27192.0,104000.0,1,130000.0,1,0
27193.5,40000.0,1,50000.0,1,0
27195.0,216000.0,1,270000.0,1,1
27196.5,72000.0,1,90000.0,1,0
27198.0,192000.0,1,240000.0,1,0
27199.5,360000.0,1,450000.0,1,0
27201.0,224000.0,1,280000.0,1,1
27202.5,216000.0,1,270000.0,1,0
27204.0,8000.0,1,10000.0,1,1
27205.5,40000.0,1,50000.0,1,0
27207.0,80000.0,1,100000.0,1,0
27208.5,152000.0,1,190000.0,1,1
27210.0,192000.0,1,240000.0,1,0
27211.5,176000.0,1,220000.0,1,0
27213.0,400000.0,1,500000.0,1,0
27214.5,240000.0,1,300000.0,1,1
27216.0,400000.0,1,500000.0,1,0
27217.5,160000.0,1,200000.0,1,0
27219.0,208000.0,1,260000.0,1,0
27220.5,128000.0,1,160000.0,1,0
27222.0,272000.0,1,340000.0,1,0
27223.5,400000.0,1,500000.0,1,0
27225.0,248000.0,1,310000.0,1,0
27226.5,288000.0,1,360000.0,1,0
27228.0,88000.0,1,110000.0,1,1
27229.5,312000.0,1,390000.0,1,0
27231.0,112000.0,1,140000.0,1,0
27232.5,24000.0,1,30000.0,1,0
27234.0,160000.0,1,200000.0,1,0
27235.5,88000.0,1,110000.0,1,0
27237.0,16000.0,1,20000.0,1,1
27238.5,168000.0,1,210000.0,1,1
27240.0,304000.0,1,380000.0,1,0
27241.5,56000.0,1,70000.0,1,0
27243.0,16000.0,1,20000.0,1,0
27244.5,208000.0,1,260000.0,1,0
27246.0,160000.0,1,200000.0,1,0
27247.5,152000.0,1,190000.0,1,1
27249.0,40000.0,1,50000.0,1,0
27250.5,16000.0,1,20000.0,1,0
27252.0,320000.0,1,400000.0,1,0
27253.5,224000.0,1,280000.0,1,0
27255.0,48000.0,1,60000.0,1,1
27256.5,200000.0,1,250000.0,1,0
27258.0,320000.0,1,400000.0,1,0
27259.5,144000.0,1,180000.0,1,0
27261.0,40000.0,1,50000.0,1,0
27262.5,176000.0,1,220000.0,1,0
27264.0,40000.0,1,50000.0,1,0
27265.5,16000.0,1,20000.0,1,0
27267.0,80000.0,1,100000.0,1,0
27268.5,400000.0,1,500000.0,1,0
27270.0,96000.0,1,120000.0,1,0
27271.5,288000.0,1,360000.0,1,0
27273.0,352000.0,1,440000.0,1,0
27274.5,192000.0,1,240000.0,1,0
27276.0,160000.0,1,200000.0,1,0
27277.5,40000.0,1,50000.0,1,0
27279.0,208000.0,1,260000.0,1,1
27280.5,240000.0,1,300000.0,1,1
27282.0,104000.0,1,130000.0,1,0
27283.5,40000.0,1,50000.0,1,1
27285.0,16000.0,1,20000.0,1,0
27286.5,16000.0,1,20000.0,1,0
27288.0,40000.0,1,50000.0,1,0
27289.5,56000.0,1,70000.0,1,1
27291.0,56000.0,1,70000.0,1,0
27292.5,360000.0,1,450000.0,1,0
27294.0,56000.0,1,70000.0,1,0
27295.5,96000.0,1,120000.0,1,0
27297.0,64000.0,1,80000.0,1,0
27298.5,16000.0,1,20000.0,1,1
27300.0,184000.0,1,230000.0,1,0
27301.5,384000.0,1,480000.0,1,0
27303.0,392000.0,1,490000.0,1,0
27304.5,248000.0,1,310000.0,1,0
27306.0,80000.0,1,100000.0,1,0
27307.5,208000.0,1,260000.0,1,0
27309.0,288000.0,1,360000.0,1,0
27310.5,400000.0,1,500000.0,1,0
27312.0,128000.0,1,160000.0,1,0
27313.5,288000.0,1,360000.0,1,0
27315.0,256000.0,1,320000.0,1,0
27316.5,168000.0,1,210000.0,1,0
27318.0,112000.0,1,140000.0,1,0
27319.5,16000.0,1,20000.0,1,1
27321.0,240000.0,1,300000.0,1,1
27322.5,104000.0,1,130000.0,1,0
27324.0,160000.0,1,200000.0,1,0
27325.5,96000.0,1,120000.0,1,1
27327.0,40000.0,1,50000.0,1,0
27328.5,144000.0,1,180000.0,1,0
27330.0,184000.0,1,230000.0,1,1
27331.5,8000.0,1,10000.0,1,0
27333.0,16000.0,1,20000.0,1,1
27334.5,160000.0,1,200000.0,1,0
27336.0,288000.0,1,360000.0,1,0
27337.5,168000.0,1,210000.0,1,0
27339.0,64000.0,1,80000.0,1,1
27340.5,48000.0,1,60000.0,1,0
27342.0,80000.0,1,100000.0,1,0
27343.5,16000.0,1,20000.0,1,0
27345.0,40000.0,1,50000.0,1,1
27346.5,240000.0,1,300000.0,1,0
27348.0,112000.0,1,140000.0,1,0
27349.5,96000.0,1,120000.0,1,0
27351.0,320000.0,1,400000.0,1,0
27352.5,40000.0,1,50000.0,1,0
27354.0,72000.0,1,90000.0,1,0
27355.5,48000.0,1,60000.0,1,0
27357.0,208000.0,1,260000.0,1,0
27358.5,64000.0,1,80000.0,1,0
27360.0,128000.0,1,160000.0,1,0
27361.5,8000.0,1,10000.0,1,0
27363.0,152000.0,1,190000.0,1,1
27364.5,128000.0,1,160000.0,1,0
27366.0,16000.0,1,20000.0,1,0
27367.5,240000.0,1,300000.0,1,0
27369.0,352000.0,1,440000.0,1,0
27370.5,40000.0,1,50000.0,1,0
27372.0,280000.0,1,350000.0,1,0
27373.5,48000.0,1,60000.0,1,0
27375.0,40000.0,1,50000.0,1,1
27376.5,24000.0,1,30000.0,1,1
27378.0,120000.0,1,150000.0,1,0
27379.5,80000.0,1,100000.0,1,1
27381.0,280000.0,1,350000.0,1,0
27382.5,64000.0,1,80000.0,1,0
27384.0,64000.0,1,80000.0,1,0
27385.5,8000.0,1,10000.0,1,1
27387.0,168000.0,1,210000.0,1,1
27388.5,400000.0,1,500000.0,1,0
27390.0,16000.0,1,20000.0,1,1
27391.5,264000.0,1,330000.0,1,0
27393.0,200000.0,1,250000.0,1,0
27394.5,336000.0,1,420000.0,1,0
27396.0,72000.0,1,90000.0,1,1
27397.5,144000.0,1,180000.0,1,0
27399.0,40000.0,1,50000.0,1,0
27400.5,160000.0,1,200000.0,1,1
27402.0,80000.0,1,100000.0,1,0
27403.5,120000.0,1,150000.0,1,0
27405.0,288000.0,1,360000.0,1,0
27406.5,40000.0,1,50000.0,1,0
27408.0,24000.0,1,30000.0,1,0
27409.5,264000.0,1,330000.0,1,0
27411.0,56000.0,1,70000.0,1,1
27412.5,336000.0,1,420000.0,1,0
27414.0,104000.0,1,130000.0,1,0
27415.5,160000.0,1,200000.0,1,0
27417.0,144000.0,1,180000.0,1,1
27418.5,136000.0,1,170000.0,1,1
27420.0,152000.0,1,190000.0,1,0
27421.5,160000.0,1,200000.0,1,0
27423.0,24000.0,1,30000.0,1,1
27424.5,368000.0,1,460000.0,1,0
27426.0,152000.0,1,190000.0,1,0
27427.5,8000.0,1,10000.0,1,0
27429.0,72000.0,1,90000.0,1,0
27430.5,352000.0,1,440000.0,1,0
27432.0,384000.0,1,480000.0,1,0
27433.5,288000.0,1,360000.0,1,0
27435.0,400000.0,1,500000.0,1,0
27436.5,24000.0,2,30000.0,2,0
27438.0,64000.0,2,80000.0,2,1
27439.5,160000.0,1,200000.0,1,1
27441.0,280000.0,1,350000.0,1,0
27442.5,120000.0,1,150000.0,1,0
27444.0,288000.0,1,360000.0,1,1
27445.5,16000.0,2,20000.0,2,1
27447.0,248000.0,2,310000.0,2,0
27448.5,160000.0,2,200000.0,2,0
27450.0,168000.0,2,210000.0,2,0
27451.5,24000.0,2,30000.0,2,0
27453.0,88000.0,2,110000.0,2,0
27454.5,40000.0,2,50000.0,2,0
27456.0,40000.0,2,50000.0,2,1
27457.5,40000.0,2,50000.0,2,0
27459.0,16000.0,2,20000.0,2,0
27460.5,184000.0,2,230000.0,2,0
27462.0,64000.0,2,80000.0,2,0
27463.5,120000.0,2,150000.0,2,0
27465.0,192000.0,2,240000.0,2,0
27466.5,360000.0,2,450000.0,2,0
27468.0,144000.0,2,180000.0,2,1
27469.5,24000.0,2,30000.0,2,0
27471.0,40000.0,2,50000.0,2,1
27472.5,16000.0,2,20000.0,2,0
27474.0,120000.0,2,150000.0,2,0
27475.5,16000.0,2,20000.0,2,1
27477.0,32000.0,2,40000.0,2,1
27478.5,144000.0,2,180000.0,2,0
27480.0,64000.0,2,80000.0,2,0
27481.5,40000.0,2,50000.0,2,0
27483.0,384000.0,2,480000.0,2,0
27484.5,16000.0,2,20000.0,2,0
27486.0,120000.0,2,150000.0,2,0
27487.5,16000.0,2,20000.0,2,0
27489.0,288000.0,2,360000.0,2,0
27490.5,160000.0,2,200000.0,2,1
27492.0,16000.0,2,20000.0,2,0
27493.5,40000.0,2,50000.0,2,0
27495.0,56000.0,2,70000.0,2,1
27496.5,96000.0,2,120000.0,2,0
27498.0,40000.0,2,50000.0,2,0
27499.5,248000.0,2,310000.0,2,0
27501.0,48000.0,2,60000.0,2,0
27502.5,16000.0,2,20000.0,2,0
27504.0,16000.0,2,20000.0,2,1
27505.5,40000.0,2,50000.0,2,1
27507.0,64000.0,2,80000.0,2,0
27508.5,16000.0,2,20000.0,2,0
27510.0,16000.0,2,20000.0,2,1
27511.5,8000.0,2,10000.0,2,0
27513.0,16000.0,2,20000.0,2,0
27514.5,16000.0,2,20000.0,2,0
27516.0,24000.0,2,30000.0,2,0
27517.5,16000.0,2,20000.0,2,0
27519.0,16000.0,2,20000.0,2,0
27520.5,16000.0,2,20000.0,2,0
27522.0,40000.0,2,50000.0,2,0
27523.5,40000.0,2,50000.0,2,0
27525.0,40000.0,2,50000.0,2,1
27526.5,16000.0,2,20000.0,2,1
27528.0,16000.0,2,20000.0,2,1
27529.5,64000.0,2,80000.0,2,0
27531.0,64000.0,2,80000.0,2,0
27532.5,104000.0,2,130000.0,2,0
27534.0,160000.0,2,200000.0,2,0
27535.5,40000.0,2,50000.0,2,0
27537.0,16000.0,2,20000.0,2,0
27538.5,16000.0,2,20000.0,2,1
27540.0,40000.0,2,50000.0,2,1
27541.5,48000.0,2,60000.0,2,0
27543.0,104000.0,2,130000.0,2,0
27544.5,64000.0,2,80000.0,2,1
27546.0,136000.0,2,170000.0,2,0
27547.5,72000.0,2,90000.0,2,0
27549.0,16000.0,2,20000.0,2,0
27550.5,16000.0,2,20000.0,2,0
27552.0,64000.0,2,80000.0,2,0
27553.5,24000.0,2,30000.0,2,1
27555.0,24000.0,2,30000.0,2,0
27556.5,24000.0,2,30000.0,2,1
27558.0,120000.0,2,150000.0,2,0
27559.5,40000.0,2,50000.0,2,1
27561.0,64000.0,2,80000.0,2,0
27562.5,24000.0,2,30000.0,2,1
27564.0,48000.0,2,60000.0,2,1
27565.5,80000.0,2,100000.0,2,0
27567.0,112000.0,2,140000.0,2,0
27568.5,112000.0,2,140000.0,2,0
27570.0,56000.0,2,70000.0,2,0
27571.5,56000.0,2,70000.0,2,0
27573.0,24000.0,2,30000.0,2,1
27574.5,40000.0,2,50000.0,2,1
27576.0,40000.0,2,50000.0,2,1
27577.5,24000.0,2,30000.0,2,0
27579.0,24000.0,2,30000.0,2,1
27580.5,24000.0,2,30000.0,2,0
27582.0,16000.0,2,20000.0,2,0
27583.5,48000.0,2,60000.0,2,0
27585.0,160000.0,2,200000.0,2,0
27586.5,64000.0,2,80000.0,2,1
27588.0,136000.0,2,170000.0,2,0
27589.5,184000.0,2,230000.0,2,1
27591.0,72000.0,2,90000.0,2,1
27592.5,232000.0,2,290000.0,2,1
27594.0,48000.0,2,60000.0,2,0
27595.5,16000.0,2,20000.0,2,1
27597.0,40000.0,2,50000.0,2,0
27598.5,168000.0,2,210000.0,2,0
27600.0,232000.0,2,290000.0,2,0
27601.5,72000.0,2,90000.0,2,0
27603.0,40000.0,2,50000.0,2,0
27604.5,40000.0,2,50000.0,2,0
27606.0,16000.0,2,20000.0,2,0
27607.5,288000.0,2,360000.0,2,0
27609.0,184000.0,2,230000.0,2,0
27610.5,24000.0,2,30000.0,2,0
27612.0,24000.0,2,30000.0,2,0
27613.5,56000.0,2,70000.0,2,0
27615.0,16000.0,2,20000.0,2,1
27616.5,64000.0,2,80000.0,2,0
27618.0,64000.0,2,80000.0,2,0
27619.5,40000.0,2,50000.0,2,0
27621.0,24000.0,2,30000.0,2,0
27622.5,24000.0,2,30000.0,2,0
27624.0,56000.0,2,70000.0,2,0
27625.5,24000.0,2,30000.0,2,0
27627.0,88000.0,2,110000.0,2,0
27628.5,128000.0,2,160000.0,2,0
27630.0,24000.0,2,30000.0,2,1
27631.5,32000.0,2,40000.0,2,1
27633.0,128000.0,2,160000.0,2,1
27634.5,40000.0,2,50000.0,2,1
27636.0,128000.0,2,160000.0,2,1
27637.5,24000.0,2,30000.0,2,0
27639.0,56000.0,2,70000.0,2,0
27640.5,120000.0,2,150000.0,2,0
27642.0,40000.0,2,50000.0,2,0
27643.5,64000.0,2,80000.0,2,0
27645.0,40000.0,2,50000.0,2,1
27646.5,40000.0,2,50000.0,2,0
27648.0,24000.0,2,30000.0,2,0
27649.5,200000.0,2,250000.0,2,0
27651.0,56000.0,2,70000.0,2,0
27652.5,120000.0,2,150000.0,2,0
27654.0,256000.0,2,320000.0,2,0
27655.5,64000.0,2,80000.0,2,0
27657.0,24000.0,2,30000.0,2,1
27658.5,40000.0,2,50000.0,2,0
27660.0,24000.0,2,30000.0,2,0
27661.5,16000.0,2,20000.0,2,0
27663.0,160000.0,2,200000.0,2,1
27664.5,16000.0,2,20000.0,2,1
27666.0,80000.0,2,100000.0,2,1
27667.5,16000.0,2,20000.0,2,1
27669.0,104000.0,2,130000.0,2,0
27670.5,40000.0,2,50000.0,2,0
27672.0,160000.0,2,200000.0,2,1
27673.5,16000.0,2,20000.0,2,1
27675.0,16000.0,2,20000.0,2,0
27676.5,80000.0,2,100000.0,2,0
27678.0,136000.0,2,170000.0,2,0
27679.5,64000.0,2,80000.0,2,0
27681.0,104000.0,2,130000.0,2,1
27682.5,40000.0,2,50000.0,2,1
27684.0,224000.0,2,280000.0,2,0
27685.5,104000.0,2,130000.0,2,0
27687.0,120000.0,2,150000.0,2,0
27688.5,104000.0,2,130000.0,2,0
27690.0,24000.0,2,30000.0,2,0
27691.5,40000.0,2,50000.0,2,0
27693.0,96000.0,2,120000.0,2,0
27694.5,24000.0,2,30000.0,2,0
27696.0,64000.0,2,80000.0,2,0
27697.5,64000.0,2,80000.0,2,0
27699.0,16000.0,2,20000.0,2,1
27700.5,64000.0,2,80000.0,2,0
27702.0,24000.0,2,30000.0,2,0
27703.5,96000.0,2,120000.0,2,0
27705.0,88000.0,2,110000.0,2,0
27706.5,56000.0,2,70000.0,2,0
27708.0,240000.0,2,300000.0,2,0
27709.5,128000.0,2,160000.0,2,0
27711.0,120000.0,2,150000.0,2,0
27712.5,168000.0,2,210000.0,2,1
27714.0,16000.0,2,20000.0,2,0
27715.5,192000.0,2,240000.0,2,0
27717.0,48000.0,2,60000.0,2,0
27718.5,16000.0,2,20000.0,2,0
27720.0,104000.0,2,130000.0,2,0
27721.5,264000.0,2,330000.0,2,0
27723.0,40000.0,2,50000.0,2,1
27724.5,88000.0,2,110000.0,2,0
27726.0,40000.0,2,50000.0,2,0
27727.5,72000.0,2,90000.0,2,0
27729.0,104000.0,2,130000.0,2,0
27730.5,120000.0,2,150000.0,2,0
27732.0,112000.0,2,140000.0,2,0
27733.5,120000.0,2,150000.0,2,0
27735.0,40000.0,2,50000.0,2,1
27736.5,32000.0,2,40000.0,2,1
27738.0,136000.0,2,170000.0,2,0
27739.5,48000.0,2,60000.0,2,0
27741.0,160000.0,2,200000.0,2,0
27742.5,64000.0,2,80000.0,2,0
27744.0,80000.0,2,100000.0,2,0
27745.5,136000.0,2,170000.0,2,0
27747.0,112000.0,2,140000.0,2,0
27748.5,72000.0,2,90000.0,2,0
27750.0,56000.0,2,70000.0,2,0
27751.5,96000.0,2,120000.0,2,0
27753.0,48000.0,2,60000.0,2,0
27754.5,120000.0,2,150000.0,2,0
27756.0,40000.0,2,50000.0,2,0
27757.5,64000.0,2,80000.0,2,0
27759.0,248000.0,2,310000.0,2,0
27760.5,40000.0,2,50000.0,2,0
27762.0,16000.0,2,20000.0,2,1
27763.5,64000.0,2,80000.0,2,1
27765.0,144000.0,2,180000.0,2,0
27766.5,40000.0,2,50000.0,2,0
27768.0,56000.0,2,70000.0,2,1
27769.5,16000.0,2,20000.0,2,0
27771.0,48000.0,2,60000.0,2,1
27772.5,24000.0,2,30000.0,2,0
27774.0,16000.0,2,20000.0,2,1
27775.5,224000.0,2,280000.0,2,0
27777.0,24000.0,2,30000.0,2,0
27778.5,32000.0,2,40000.0,2,1
27780.0,104000.0,2,130000.0,2,0
27781.5,72000.0,2,90000.0,2,0
27783.0,208000.0,2,260000.0,2,0
27784.5,80000.0,2,100000.0,2,1
27786.0,40000.0,2,50000.0,2,1
27787.5,152000.0,2,190000.0,2,0
27789.0,56000.0,2,70000.0,2,0
27790.5,40000.0,2,50000.0,2,0
27792.0,32000.0,2,40000.0,2,0
27793.5,160000.0,2,200000.0,2,0
27795.0,80000.0,2,100000.0,2,0
27796.5,176000.0,2,220000.0,2,0
27798.0,160000.0,2,200000.0,2,0
27799.5,40000.0,2,50000.0,2,0
27801.0,288000.0,2,360000.0,2,0
27802.5,136000.0,2,170000.0,2,0
27804.0,200000.0,2,250000.0,2,0
27805.5,64000.0,2,80000.0,2,0
27807.0,88000.0,2,110000.0,2,0
27808.5,16000.0,2,20000.0,2,0
27810.0,16000.0,2,20000.0,2,1
27811.5,48000.0,2,60000.0,2,0
27813.0,136000.0,2,170000.0,2,0
27814.5,120000.0,2,150000.0,2,0
27816.0,168000.0,2,210000.0,2,0
27817.5,184000.0,2,230000.0,2,0
27819.0,128000.0,2,160000.0,2,0
27820.5,120000.0,2,150000.0,2,0
27822.0,168000.0,2,210000.0,2,0
27823.5,240000.0,2,300000.0,2,0
27825.0,272000.0,2,340000.0,2,0
27826.5,120000.0,2,150000.0,2,1
27828.0,40000.0,2,50000.0,2,0
27829.5,128000.0,2,160000.0,2,1
27831.0,40000.0,2,50000.0,2,1
27832.5,56000.0,2,70000.0,2,1
27834.0,96000.0,2,120000.0,2,0
27835.5,160000.0,2,200000.0,2,0
27837.0,40000.0,2,50000.0,2,0
27838.5,248000.0,2,310000.0,2,0
27840.0,40000.0,2,50000.0,2,0
27841.5,240000.0,2,300000.0,2,0
27843.0,128000.0,2,160000.0,2,0
27844.5,72000.0,2,90000.0,2,0
27846.0,128000.0,2,160000.0,2,0
27847.5,400000.0,2,500000.0,2,0
27849.0,312000.0,2,390000.0,2,0
27850.5,256000.0,2,320000.0,2,0
27852.0,40000.0,2,50000.0,2,0
27853.5,160000.0,2,200000.0,2,0
27855.0,72000.0,2,90000.0,2,0
27856.5,288000.0,2,360000.0,2,0
27858.0,144000.0,2,180000.0,2,0
27859.5,48000.0,2,60000.0,2,0
27861.0,200000.0,2,250000.0,2,1
27862.5,16000.0,2,20000.0,2,0
27864.0,8000.0,2,10000.0,2,0
27865.5,88000.0,2,110000.0,2,0
27867.0,120000.0,2,150000.0,2,0
27868.5,128000.0,2,160000.0,2,0
27870.0,24000.0,2,30000.0,2,0
27871.5,24000.0,2,30000.0,2,0
27873.0,224000.0,2,280000.0,2,0
27874.5,96000.0,2,120000.0,2,0
27876.0,288000.0,2,360000.0,2,0
27877.5,64000.0,2,80000.0,2,0
27879.0,248000.0,2,310000.0,2,0
27880.5,64000.0,2,80000.0,2,0
27882.0,144000.0,2,180000.0,2,0
27883.5,104000.0,2,130000.0,2,0
27885.0,56000.0,2,70000.0,2,0
27886.5,320000.0,2,400000.0,2,0
27888.0,16000.0,2,20000.0,2,1
27889.5,24000.0,2,30000.0,2,0
27891.0,64000.0,2,80000.0,2,0
27892.5,120000.0,2,150000.0,2,0
27894.0,16000.0,2,20000.0,2,0
27895.5,16000.0,2,20000.0,2,0
27897.0,120000.0,2,150000.0,2,0
27898.5,48000.0,2,60000.0,2,0
27900.0,256000.0,2,320000.0,2,0
27901.5,64000.0,2,80000.0,2,0
27903.0,104000.0,2,130000.0,2,0
27904.5,320000.0,2,400000.0,2,0
27906.0,16000.0,2,20000.0,2,0
27907.5,48000.0,2,60000.0,2,0
27909.0,64000.0,2,80000.0,2,0
27910.5,40000.0,2,50000.0,2,1
27912.0,16000.0,2,20000.0,2,0
27913.5,80000.0,2,100000.0,2,0
27915.0,64000.0,2,80000.0,2,1
27916.5,112000.0,2,140000.0,2,1
27918.0,88000.0,2,110000.0,2,0
27919.5,280000.0,2,350000.0,2,0
27921.0,48000.0,2,60000.0,2,0
27922.5,40000.0,2,50000.0,2,1
27924.0,168000.0,2,210000.0,2,0
27925.5,40000.0,2,50000.0,2,0
27927.0,64000.0,2,80000.0,2,0
27928.5,24000.0,2,30000.0,2,1
27930.0,120000.0,2,150000.0,2,0
27931.5,16000.0,2,20000.0,2,0
27933.0,216000.0,2,270000.0,2,0
27934.5,40000.0,2,50000.0,2,1
27936.0,304000.0,2,380000.0,2,0
27937.5,48000.0,2,60000.0,2,0
27939.0,40000.0,2,50000.0,2,1
27940.5,96000.0,2,120000.0,2,0
27942.0,208000.0,2,260000.0,2,0
27943.5,152000.0,2,190000.0,2,0
27945.0,40000.0,2,50000.0,2,0
27946.5,64000.0,2,80000.0,2,0
27948.0,88000.0,2,110000.0,2,1
27949.5,40000.0,2,50000.0,2,0
27951.0,120000.0,2,150000.0,2,0
27952.5,40000.0,2,50000.0,2,1
27954.0,64000.0,2,80000.0,2,0
27955.5,16000.0,2,20000.0,2,0
27957.0,160000.0,2,200000.0,2,0
27958.5,64000.0,2,80000.0,2,0
27960.0,56000.0,2,70000.0,2,1
27961.5,224000.0,2,280000.0,2,0
27963.0,128000.0,2,160000.0,2,0
27964.5,72000.0,2,90000.0,2,0
27966.0,160000.0,2,200000.0,2,0
27967.5,120000.0,2,150000.0,2,0
27969.0,64000.0,2,80000.0,2,0
27970.5,312000.0,2,390000.0,2,0
27972.0,152000.0,2,190000.0,2,0
27973.5,192000.0,2,240000.0,2,0
27975.0,160000.0,2,200000.0,2,0
27976.5,104000.0,2,130000.0,2,0
27978.0,80000.0,2,100000.0,2,0
27979.5,152000.0,2,190000.0,2,0
27981.0,72000.0,2,90000.0,2,0
27982.5,16000.0,2,20000.0,2,1
27984.0,72000.0,2,90000.0,2,0
27985.5,72000.0,2,90000.0,2,0
27987.0,64000.0,2,80000.0,2,0
27988.5,32000.0,2,40000.0,2,0
27990.0,40000.0,2,50000.0,2,0
27991.5,120000.0,2,150000.0,2,0
27993.0,160000.0,2,200000.0,2,0
27994.5,16000.0,2,20000.0,2,0
27996.0,128000.0,2,160000.0,2,0
27997.5,64000.0,2,80000.0,2,0
27999.0,24000.0,2,30000.0,2,0
28000.5,40000.0,2,50000.0,2,0
28002.0,248000.0,2,310000.0,2,0
28003.5,40000.0,2,50000.0,2,1
28005.0,160000.0,2,200000.0,2,0
28006.5,16000.0,2,20000.0,2,1
28008.0,24000.0,2,30000.0,2,0
28009.5,16000.0,2,20000.0,2,1
28011.0,40000.0,2,50000.0,2,0
28012.5,184000.0,2,230000.0,2,0
28014.0,104000.0,2,130000.0,2,0
28015.5,400000.0,2,500000.0,2,0
28017.0,160000.0,2,200000.0,2,0
28018.5,88000.0,2,110000.0,2,0
28020.0,184000.0,2,230000.0,2,0
28021.5,64000.0,2,80000.0,2,0
28023.0,16000.0,2,20000.0,2,1
28024.5,96000.0,2,120000.0,2,1
28026.0,160000.0,2,200000.0,2,0
28027.5,56000.0,2,70000.0,2,0
28029.0,184000.0,2,230000.0,2,0
28030.5,48000.0,2,60000.0,2,0
28032.0,48000.0,2,60000.0,2,0
28033.5,288000.0,2,360000.0,2,1
28035.0,80000.0,2,100000.0,2,0
28036.5,192000.0,2,240000.0,2,0
28038.0,104000.0,2,130000.0,2,0
28039.5,104000.0,2,130000.0,2,1
28041.0,40000.0,2,50000.0,2,0
28042.5,120000.0,2,150000.0,2,1
28044.0,240000.0,2,300000.0,2,1
28045.5,160000.0,2,200000.0,2,0
28047.0,256000.0,2,320000.0,2,0
28048.5,128000.0,2,160000.0,2,0
28050.0,168000.0,2,210000.0,2,0
28051.5,56000.0,2,70000.0,2,1
28053.0,200000.0,2,250000.0,2,0
28054.5,104000.0,2,130000.0,2,0
28056.0,24000.0,2,30000.0,2,0
28057.5,168000.0,2,210000.0,2,0
28059.0,136000.0,2,170000.0,2,1
28060.5,80000.0,2,100000.0,2,0
28062.0,40000.0,2,50000.0,2,0
28063.5,104000.0,2,130000.0,2,0
28065.0,24000.0,2,30000.0,2,1
28066.5,104000.0,2,130000.0,2,0
28068.0,56000.0,2,70000.0,2,0
28069.5,168000.0,2,210000.0,2,0
28071.0,136000.0,2,170000.0,2,0
28072.5,336000.0,2,420000.0,2,0
28074.0,64000.0,2,80000.0,2,0
28075.5,120000.0,2,150000.0,2,0
28077.0,160000.0,2,200000.0,2,0
28078.5,56000.0,2,70000.0,2,1
28080.0,72000.0,2,90000.0,2,1
28081.5,104000.0,2,130000.0,2,0
28083.0,288000.0,2,360000.0,2,0
28084.5,208000.0,2,260000.0,2,0
28086.0,128000.0,2,160000.0,2,0
28087.5,16000.0,2,20000.0,2,0
28089.0,112000.0,2,140000.0,2,1
28090.5,160000.0,2,200000.0,2,0
28092.0,160000.0,2,200000.0,2,0
28093.5,96000.0,2,120000.0,2,0
28095.0,168000.0,2,210000.0,2,0
28096.5,40000.0,2,50000.0,2,1
28098.0,64000.0,2,80000.0,2,1
28099.5,48000.0,2,60000.0,2,0
28101.0,40000.0,2,50000.0,2,0
28102.5,40000.0,2,50000.0,2,0
28104.0,56000.0,2,70000.0,2,0
28105.5,64000.0,2,80000.0,2,1
28107.0,40000.0,2,50000.0,2,1
28108.5,24000.0,2,30000.0,2,1
28110.0,240000.0,2,300000.0,2,0
28111.5,192000.0,2,240000.0,2,0
28113.0,112000.0,2,140000.0,2,0
28114.5,24000.0,2,30000.0,2,0
28116.0,56000.0,2,70000.0,2,0
28117.5,176000.0,2,220000.0,2,0
28119.0,184000.0,2,230000.0,2,0
28120.5,16000.0,2,20000.0,2,0
28122.0,104000.0,2,130000.0,2,0
28123.5,48000.0,2,60000.0,2,1
28125.0,160000.0,2,200000.0,2,0
28126.5,248000.0,2,310000.0,2,0
28128.0,192000.0,2,240000.0,2,0
28129.5,160000.0,2,200000.0,2,0
28131.0,352000.0,2,440000.0,2,0
28132.5,144000.0,2,180000.0,2,0
28134.0,240000.0,2,300000.0,2,0
28135.5,128000.0,2,160000.0,2,0
28137.0,128000.0,2,160000.0,2,0
28138.5,184000.0,2,230000.0,2,0
28140.0,128000.0,2,160000.0,2,1
28141.5,160000.0,2,200000.0,2,0
28143.0,192000.0,2,240000.0,2,0
28144.5,336000.0,2,420000.0,2,0
28146.0,168000.0,2,210000.0,2,0
28147.5,176000.0,2,220000.0,2,0
28149.0,160000.0,2,200000.0,2,0
28150.5,184000.0,2,230000.0,2,0
28152.0,200000.0,2,250000.0,2,0
28153.5,64000.0,2,80000.0,2,0
28155.0,64000.0,2,80000.0,2,0
28156.5,40000.0,2,50000.0,2,1
28158.0,16000.0,2,20000.0,2,1
28159.5,48000.0,2,60000.0,2,1
28161.0,40000.0,2,50000.0,2,1
28162.5,248000.0,2,310000.0,2,0
28164.0,112000.0,2,140000.0,2,0
28165.5,176000.0,2,220000.0,2,0
28167.0,104000.0,2,130000.0,2,0
28168.5,240000.0,2,300000.0,2,0
28170.0,112000.0,2,140000.0,2,0
28171.5,320000.0,2,400000.0,2,0
28173.0,160000.0,2,200000.0,2,0
28174.5,120000.0,2,150000.0,2,0
28176.0,336000.0,2,420000.0,2,0
28177.5,184000.0,2,230000.0,2,0
28179.0,168000.0,2,210000.0,2,0
28180.5,96000.0,2,120000.0,2,0
28182.0,40000.0,2,50000.0,2,0
28183.5,160000.0,2,200000.0,2,0
28185.0,144000.0,2,180000.0,2,0
28186.5,24000.0,2,30000.0,2,0
28188.0,88000.0,2,110000.0,2,1
28189.5,40000.0,2,50000.0,2,0
28191.0,96000.0,2,120000.0,2,0
28192.5,184000.0,2,230000.0,2,0
28194.0,64000.0,2,80000.0,2,1
28195.5,256000.0,2,320000.0,2,0
28197.0,40000.0,2,50000.0,2,0
28198.5,88000.0,2,110000.0,2,0
28200.0,120000.0,2,150000.0,2,0
28201.5,24000.0,2,30000.0,2,0
28203.0,64000.0,2,80000.0,2,0
28204.5,120000.0,2,150000.0,2,0
28206.0,216000.0,2,270000.0,2,0
28207.5,128000.0,2,160000.0,2,0
28209.0,120000.0,2,150000.0,2,0
28210.5,136000.0,2,170000.0,2,0
28212.0,56000.0,2,70000.0,2,0
28213.5,168000.0,2,210000.0,2,0
28215.0,40000.0,2,50000.0,2,0
28216.5,56000.0,2,70000.0,2,0
28218.0,144000.0,2,180000.0,2,0
28219.5,208000.0,2,260000.0,2,1
28221.0,40000.0,2,50000.0,2,0
28222.5,112000.0,2,140000.0,2,0
28224.0,80000.0,2,100000.0,2,1
28225.5,336000.0,2,420000.0,2,0
28227.0,240000.0,2,300000.0,2,0
28228.5,24000.0,2,30000.0,2,1
28230.0,120000.0,2,150000.0,2,0
28231.5,144000.0,2,180000.0,2,0
28233.0,264000.0,2,330000.0,2,1
28234.5,288000.0,2,360000.0,2,0
28236.0,168000.0,2,210000.0,2,1
28237.5,72000.0,2,90000.0,2,0
28239.0,200000.0,2,250000.0,2,1
28240.5,64000.0,2,80000.0,2,0
28242.0,232000.0,2,290000.0,2,0
28243.5,224000.0,2,280000.0,2,0
28245.0,272000.0,2,340000.0,2,0
28246.5,96000.0,2,120000.0,2,0
28248.0,88000.0,2,110000.0,2,0
28249.5,24000.0,2,30000.0,2,0
28251.0,56000.0,2,70000.0,2,0
28252.5,16000.0,2,20000.0,2,0
28254.0,64000.0,2,80000.0,2,0
28255.5,96000.0,2,120000.0,2,1
28257.0,400000.0,2,500000.0,2,0
28258.5,256000.0,2,320000.0,2,0
28260.0,120000.0,2,150000.0,2,0
28261.5,152000.0,2,190000.0,2,1
28263.0,104000.0,2,130000.0,2,0
28264.5,56000.0,2,70000.0,2,0
28266.0,280000.0,2,350000.0,2,0
28267.5,168000.0,2,210000.0,2,1
28269.0,96000.0,2,120000.0,2,1
28270.5,104000.0,2,130000.0,2,0
28272.0,136000.0,2,170000.0,2,0
28273.5,80000.0,2,100000.0,2,0
28275.0,160000.0,2,200000.0,2,0
28276.5,216000.0,2,270000.0,2,0
28278.0,24000.0,2,30000.0,2,1
28279.5,128000.0,2,160000.0,2,0
28281.0,64000.0,2,80000.0,2,0
28282.5,248000.0,2,310000.0,2,0
28284.0,16000.0,2,20000.0,2,0
28285.5,64000.0,2,80000.0,2,1
28287.0,144000.0,2,180000.0,2,0
28288.5,64000.0,2,80000.0,2,0
28290.0,112000.0,2,140000.0,2,0
28291.5,120000.0,2,150000.0,2,0
28293.0,80000.0,2,100000.0,2,0
28294.5,40000.0,2,50000.0,2,1
28296.0,160000.0,2,200000.0,2,0
28297.5,104000.0,2,130000.0,2,0
28299.0,120000.0,2,150000.0,2,0
28300.5,136000.0,2,170000.0,2,0
28302.0,144000.0,2,180000.0,2,1
28303.5,256000.0,2,320000.0,2,1
28305.0,40000.0,2,50000.0,2,0
28306.5,40000.0,2,50000.0,2,0
28308.0,64000.0,2,80000.0,2,0
28309.5,80000.0,2,100000.0,2,0
28311.0,64000.0,2,80000.0,2,0
28312.5,96000.0,2,120000.0,2,0
28314.0,184000.0,2,230000.0,2,0
28315.5,48000.0,2,60000.0,2,1
28317.0,176000.0,2,220000.0,2,0
28318.5,64000.0,2,80000.0,2,0
28320.0,240000.0,2,300000.0,2,0
28321.5,320000.0,2,400000.0,2,0
28323.0,40000.0,2,50000.0,2,0
28324.5,160000.0,2,200000.0,2,0
28326.0,96000.0,2,120000.0,2,0
28327.5,288000.0,2,360000.0,2,0
28329.0,176000.0,2,220000.0,2,0
28330.5,224000.0,2,280000.0,2,0
28332.0,400000.0,2,500000.0,2,0
28333.5,192000.0,2,240000.0,2,0
28335.0,248000.0,2,310000.0,2,0
28336.5,160000.0,2,200000.0,2,1
28338.0,208000.0,2,260000.0,2,0
28339.5,160000.0,2,200000.0,2,1
28341.0,144000.0,2,180000.0,2,0
28342.5,216000.0,2,270000.0,2,0
28344.0,24000.0,2,30000.0,2,0
28345.5,144000.0,2,180000.0,2,0
28347.0,272000.0,2,340000.0,2,0
28348.5,112000.0,2,140000.0,2,1
28350.0,144000.0,2,180000.0,2,1
28351.5,120000.0,2,150000.0,2,0
28353.0,88000.0,2,110000.0,2,0
28354.5,40000.0,2,50000.0,2,0
28356.0,112000.0,2,140000.0,2,0
28357.5,288000.0,2,360000.0,2,0
28359.0,224000.0,2,280000.0,2,0
28360.5,248000.0,2,310000.0,2,0
28362.0,232000.0,2,290000.0,2,0
28363.5,168000.0,2,210000.0,2,0
28365.0,168000.0,2,210000.0,2,0
28366.5,88000.0,2,110000.0,2,1
28368.0,40000.0,2,50000.0,2,0
28369.5,224000.0,2,280000.0,2,0
28371.0,40000.0,2,50000.0,2,1
28372.5,96000.0,2,120000.0,2,1
28374.0,64000.0,2,80000.0,2,0
28375.5,40000.0,2,50000.0,2,0
28377.0,48000.0,2,60000.0,2,1
28378.5,152000.0,2,190000.0,2,1
28380.0,120000.0,2,150000.0,2,1
28381.5,136000.0,2,170000.0,2,0
28383.0,120000.0,2,150000.0,2,0
28384.5,312000.0,2,390000.0,2,0
28386.0,56000.0,2,70000.0,2,0
28387.5,96000.0,2,120000.0,2,0
28389.0,24000.0,2,30000.0,2,0
28390.5,160000.0,2,200000.0,2,0
28392.0,240000.0,2,300000.0,2,1
28393.5,72000.0,2,90000.0,2,1
28395.0,160000.0,2,200000.0,2,0
28396.5,168000.0,2,210000.0,2,0
28398.0,184000.0,2,230000.0,2,0
28399.5,160000.0,2,200000.0,2,0
28401.0,336000.0,2,420000.0,2,0
28402.5,48000.0,2,60000.0,2,0
28404.0,40000.0,2,50000.0,2,0
28405.5,48000.0,2,60000.0,2,0
28407.0,168000.0,2,210000.0,2,0
28408.5,40000.0,2,50000.0,2,0
28410.0,312000.0,2,390000.0,2,1
28411.5,120000.0,2,150000.0,2,0
28413.0,160000.0,2,200000.0,2,0
28414.5,120000.0,2,150000.0,2,0
28416.0,376000.0,2,470000.0,2,0
28417.5,160000.0,2,200000.0,2,0
28419.0,128000.0,2,160000.0,2,0
28420.5,176000.0,2,220000.0,2,1
28422.0,232000.0,2,290000.0,2,0
28423.5,40000.0,2,50000.0,2,0
28425.0,232000.0,2,290000.0,2,0
28426.5,24000.0,2,30000.0,2,1
28428.0,32000.0,2,40000.0,2,1
28429.5,56000.0,2,70000.0,2,0
28431.0,80000.0,2,100000.0,2,0
28432.5,16000.0,2,20000.0,2,0
28434.0,40000.0,2,50000.0,2,1
28435.5,104000.0,2,130000.0,2,0
28437.0,112000.0,2,140000.0,2,1
28438.5,184000.0,2,230000.0,2,0
28440.0,240000.0,2,300000.0,2,0
28441.5,160000.0,2,200000.0,2,1
28443.0,80000.0,2,100000.0,2,0
28444.5,80000.0,2,100000.0,2,0
28446.0,64000.0,2,80000.0,2,1
28447.5,136000.0,2,170000.0,2,0
28449.0,336000.0,2,420000.0,2,0
28450.5,56000.0,2,70000.0,2,0
28452.0,384000.0,2,480000.0,2,1
28453.5,200000.0,2,250000.0,2,0
28455.0,144000.0,2,180000.0,2,0
28456.5,192000.0,2,240000.0,2,0
28458.0,168000.0,2,210000.0,2,0
28459.5,80000.0,2,100000.0,2,0
28461.0,40000.0,2,50000.0,2,0
28462.5,240000.0,2,300000.0,2,0
28464.0,56000.0,2,70000.0,2,0
28465.5,392000.0,2,490000.0,2,0
28467.0,136000.0,2,170000.0,2,0
28468.5,80000.0,2,100000.0,2,0
28470.0,160000.0,2,200000.0,2,0
28471.5,64000.0,2,80000.0,2,0
28473.0,176000.0,2,220000.0,2,0
28474.5,240000.0,2,300000.0,2,1
28476.0,96000.0,2,120000.0,2,0
28477.5,192000.0,2,240000.0,2,0
28479.0,160000.0,2,200000.0,2,0
28480.5,32000.0,2,40000.0,2,0
28482.0,160000.0,2,200000.0,2,0
28483.5,80000.0,2,100000.0,2,0
28485.0,40000.0,2,50000.0,2,0
28486.5,32000.0,2,40000.0,2,0
28488.0,56000.0,2,70000.0,2,0
28489.5,168000.0,2,210000.0,2,0
28491.0,24000.0,2,30000.0,2,0
28492.5,80000.0,2,100000.0,2,0
28494.0,16000.0,2,20000.0,2,0
28495.5,320000.0,2,400000.0,2,0
28497.0,264000.0,2,330000.0,2,0
28498.5,192000.0,2,240000.0,2,1
28500.0,56000.0,2,70000.0,2,1
28501.5,192000.0,2,240000.0,2,0
28503.0,160000.0,2,200000.0,2,0
28504.5,80000.0,2,100000.0,2,0
28506.0,144000.0,2,180000.0,2,0
28507.5,288000.0,2,360000.0,2,0
28509.0,104000.0,2,130000.0,2,0
28510.5,96000.0,2,120000.0,2,0
28512.0,184000.0,2,230000.0,2,0
28513.5,272000.0,2,340000.0,2,0
28515.0,256000.0,2,320000.0,2,0
28516.5,264000.0,2,330000.0,2,0
28518.0,64000.0,2,80000.0,2,1
28519.5,120000.0,2,150000.0,2,0
28521.0,128000.0,2,160000.0,2,1
28522.5,40000.0,2,50000.0,2,0
28524.0,240000.0,2,300000.0,2,0
28525.5,152000.0,2,190000.0,2,0
28527.0,40000.0,2,50000.0,2,0
28528.5,72000.0,2,90000.0,2,0
28530.0,168000.0,2,210000.0,2,0
28531.5,192000.0,2,240000.0,2,0
28533.0,48000.0,2,60000.0,2,1
28534.5,352000.0,2,440000.0,2,0
28536.0,24000.0,2,30000.0,2,1
28537.5,184000.0,2,230000.0,2,0
28539.0,352000.0,2,440000.0,2,1
28540.5,64000.0,2,80000.0,2,1
28542.0,24000.0,2,30000.0,2,0
28543.5,200000.0,2,250000.0,2,0
28545.0,24000.0,2,30000.0,2,1
28546.5,40000.0,2,50000.0,2,0
28548.0,40000.0,2,50000.0,2,0
28549.5,24000.0,2,30000.0,2,0
28551.0,24000.0,2,30000.0,2,1
28552.5,400000.0,2,500000.0,2,0
28554.0,40000.0,2,50000.0,2,1
28555.5,40000.0,2,50000.0,2,0
28557.0,40000.0,2,50000.0,2,0
28558.5,72000.0,2,90000.0,2,0
28560.0,24000.0,2,30000.0,2,1
28561.5,120000.0,2,150000.0,2,0
28563.0,40000.0,2,50000.0,2,0
28564.5,56000.0,2,70000.0,2,1
28566.0,64000.0,2,80000.0,2,0
28567.5,224000.0,2,280000.0,2,0
28569.0,72000.0,2,90000.0,2,0
28570.5,264000.0,2,330000.0,2,0
28572.0,152000.0,2,190000.0,2,0
28573.5,168000.0,2,210000.0,2,0
28575.0,80000.0,2,100000.0,2,1
28576.5,16000.0,2,20000.0,2,1
28578.0,208000.0,2,260000.0,2,0
28579.5,16000.0,2,20000.0,2,1
28581.0,64000.0,2,80000.0,2,1
28582.5,40000.0,2,50000.0,2,0
28584.0,56000.0,2,70000.0,2,1
28585.5,24000.0,2,30000.0,2,0
28587.0,80000.0,2,100000.0,2,1
28588.5,40000.0,2,50000.0,2,0
28590.0,64000.0,2,80000.0,2,1
28591.5,40000.0,2,50000.0,2,1
28593.0,120000.0,2,150000.0,2,0
28594.5,112000.0,2,140000.0,2,0
28596.0,56000.0,2,70000.0,2,0
28597.5,24000.0,2,30000.0,2,0
28599.0,64000.0,2,80000.0,2,1
28600.5,32000.0,2,40000.0,2,0
28602.0,80000.0,2,100000.0,2,0
28603.5,40000.0,2,50000.0,2,0
28605.0,24000.0,2,30000.0,2,1
28606.5,96000.0,2,120000.0,2,0
28608.0,208000.0,2,260000.0,2,0
28609.5,72000.0,2,90000.0,2,0
28611.0,24000.0,2,30000.0,2,0
28612.5,208000.0,2,260000.0,2,0
28614.0,136000.0,2,170000.0,2,0
28615.5,120000.0,2,150000.0,2,0
28617.0,72000.0,2,90000.0,2,0
28618.5,40000.0,2,50000.0,2,0
28620.0,56000.0,2,70000.0,2,0
28621.5,168000.0,2,210000.0,2,0
28623.0,360000.0,2,450000.0,2,0
28624.5,56000.0,2,70000.0,2,1
28626.0,56000.0,2,70000.0,2,1
28627.5,240000.0,2,300000.0,2,0
28629.0,56000.0,2,70000.0,2,0
28630.5,144000.0,2,180000.0,2,0
28632.0,40000.0,2,50000.0,2,1
28633.5,16000.0,2,20000.0,2,0
28635.0,208000.0,2,260000.0,2,0
28636.5,56000.0,2,70000.0,2,0
28638.0,40000.0,2,50000.0,2,1
28639.5,120000.0,2,150000.0,2,0
28641.0,120000.0,2,150000.0,2,0
28642.5,16000.0,2,20000.0,2,0
28644.0,48000.0,2,60000.0,2,0
28645.5,40000.0,2,50000.0,2,0
28647.0,40000.0,2,50000.0,2,0
28648.5,64000.0,2,80000.0,2,1
28650.0,112000.0,2,140000.0,2,0
28651.5,16000.0,2,20000.0,2,1
28653.0,8000.0,2,10000.0,2,1
28654.5,96000.0,2,120000.0,2,0
28656.0,40000.0,2,50000.0,2,1
28657.5,24000.0,2,30000.0,2,1
28659.0,168000.0,2,210000.0,2,1
28660.5,120000.0,2,150000.0,2,1
28662.0,144000.0,2,180000.0,2,0
28663.5,472000.0,2,590000.0,2,1
28665.0,208000.0,2,260000.0,2,0
28666.5,72000.0,2,90000.0,2,0
28668.0,88000.0,2,110000.0,2,0
28669.5,112000.0,2,140000.0,2,0
28671.0,168000.0,2,210000.0,2,0
28672.5,64000.0,2,80000.0,2,0
28674.0,24000.0,2,30000.0,2,0
28675.5,96000.0,2,120000.0,2,0
28677.0,16000.0,2,20000.0,2,0
28678.5,64000.0,2,80000.0,2,0
28680.0,88000.0,2,110000.0,2,0
28681.5,192000.0,2,240000.0,2,0
28683.0,80000.0,2,100000.0,2,0
28684.5,160000.0,2,200000.0,2,0
28686.0,360000.0,2,450000.0,2,0
28687.5,120000.0,2,150000.0,2,0
28689.0,96000.0,2,120000.0,2,0
28690.5,56000.0,2,70000.0,2,1
28692.0,152000.0,2,190000.0,2,0
28693.5,40000.0,2,50000.0,2,0
28695.0,48000.0,2,60000.0,2,0
28696.5,72000.0,2,90000.0,2,1
28698.0,240000.0,2,300000.0,2,0
28699.5,168000.0,2,210000.0,2,0
28701.0,40000.0,2,50000.0,2,0
28702.5,280000.0,2,350000.0,2,0
28704.0,24000.0,2,30000.0,2,0
28705.5,224000.0,2,280000.0,2,0
28707.0,304000.0,2,380000.0,2,0
28708.5,288000.0,2,360000.0,2,0
28710.0,208000.0,2,260000.0,2,0
28711.5,128000.0,2,160000.0,2,0
28713.0,200000.0,2,250000.0,2,0
28714.5,256000.0,2,320000.0,2,0
28716.0,112000.0,2,140000.0,2,0
28717.5,64000.0,2,80000.0,2,0
28719.0,80000.0,2,100000.0,2,1
28720.5,168000.0,2,210000.0,2,0
28722.0,160000.0,2,200000.0,2,0
28723.5,88000.0,2,110000.0,2,0
28725.0,56000.0,2,70000.0,2,1
28726.5,192000.0,2,240000.0,2,0
28728.0,64000.0,2,80000.0,2,0
28729.5,120000.0,2,150000.0,2,0
28731.0,40000.0,2,50000.0,2,0
28732.5,184000.0,2,230000.0,2,0
28734.0,232000.0,2,290000.0,2,0
28735.5,280000.0,2,350000.0,2,0
28737.0,80000.0,2,100000.0,2,0
28738.5,40000.0,2,50000.0,2,0
28740.0,288000.0,2,360000.0,2,0
28741.5,168000.0,2,210000.0,2,0
28743.0,400000.0,2,500000.0,2,0
28744.5,232000.0,2,290000.0,2,0
28746.0,280000.0,2,350000.0,2,0
28747.5,152000.0,2,190000.0,2,0
28749.0,144000.0,2,180000.0,2,0
28750.5,88000.0,2,110000.0,2,1
28752.0,160000.0,2,200000.0,2,1
28753.5,168000.0,2,210000.0,2,0
28755.0,80000.0,2,100000.0,2,0
28756.5,104000.0,2,130000.0,2,0
28758.0,56000.0,2,70000.0,2,0
28759.5,80000.0,2,100000.0,2,0
28761.0,120000.0,2,150000.0,2,0
28762.5,128000.0,2,160000.0,2,0
28764.0,24000.0,2,30000.0,2,0
28765.5,64000.0,2,80000.0,2,0
28767.0,160000.0,2,200000.0,2,0
28768.5,144000.0,2,180000.0,2,1
28770.0,144000.0,2,180000.0,2,0
28771.5,136000.0,2,170000.0,2,0
28773.0,40000.0,2,50000.0,2,0
28774.5,128000.0,2,160000.0,2,0
28776.0,128000.0,2,160000.0,2,1
28777.5,16000.0,2,20000.0,2,0
28779.0,56000.0,2,70000.0,2,0
28780.5,192000.0,2,240000.0,2,0
28782.0,240000.0,2,300000.0,2,0
28783.5,336000.0,2,420000.0,2,0
28785.0,160000.0,2,200000.0,2,1
28786.5,40000.0,2,50000.0,2,0
28788.0,40000.0,2,50000.0,2,0
28789.5,160000.0,2,200000.0,2,0
28791.0,160000.0,2,200000.0,2,0
28792.5,304000.0,2,380000.0,2,0
28794.0,40000.0,2,50000.0,2,0
28795.5,40000.0,2,50000.0,2,0
28797.0,400000.0,2,500000.0,2,0
28798.5,240000.0,2,300000.0,2,0
28800.0,136000.0,2,170000.0,2,1
28801.5,16000.0,2,20000.0,2,1
28803.0,16000.0,2,20000.0,2,0
28804.5,224000.0,2,280000.0,2,0
28806.0,64000.0,2,80000.0,2,0
28807.5,16000.0,2,20000.0,2,0
28809.0,56000.0,2,70000.0,2,0
28810.5,24000.0,2,30000.0,2,1
28812.0,136000.0,2,170000.0,2,0
28813.5,256000.0,2,320000.0,2,0
28815.0,168000.0,2,210000.0,2,0
28816.5,248000.0,2,310000.0,2,0
28818.0,184000.0,2,230000.0,2,0
28819.5,72000.0,2,90000.0,2,1
28821.0,160000.0,2,200000.0,2,0
28822.5,120000.0,2,150000.0,2,0
28824.0,48000.0,2,60000.0,2,0
28825.5,40000.0,2,50000.0,2,0
28827.0,160000.0,2,200000.0,2,0
28828.5,176000.0,2,220000.0,2,0
28830.0,240000.0,2,300000.0,2,0
28831.5,24000.0,2,30000.0,2,1
28833.0,264000.0,2,330000.0,2,0
28834.5,224000.0,2,280000.0,2,0
28836.0,264000.0,2,330000.0,2,1
28837.5,312000.0,2,390000.0,2,0
28839.0,160000.0,2,200000.0,2,0
28840.5,16000.0,2,20000.0,2,0
28842.0,112000.0,2,140000.0,2,0
28843.5,24000.0,2,30000.0,2,0
28845.0,168000.0,2,210000.0,2,0
28846.5,80000.0,2,100000.0,2,0
28848.0,40000.0,2,50000.0,2,0
28849.5,24000.0,2,30000.0,2,1
28851.0,24000.0,2,30000.0,2,1
28852.5,120000.0,2,150000.0,2,0
28854.0,144000.0,2,180000.0,2,0
28855.5,184000.0,2,230000.0,2,0
28857.0,176000.0,2,220000.0,2,0
28858.5,160000.0,2,200000.0,2,0
28860.0,64000.0,2,80000.0,2,0
28861.5,304000.0,2,380000.0,2,0
28863.0,24000.0,2,30000.0,2,1
28864.5,128000.0,2,160000.0,2,0
28866.0,48000.0,2,60000.0,2,1
28867.5,80000.0,2,100000.0,2,0
28869.0,120000.0,2,150000.0,2,0
28870.5,80000.0,2,100000.0,2,0
28872.0,24000.0,2,30000.0,2,0
28873.5,176000.0,2,220000.0,2,1
28875.0,176000.0,2,220000.0,2,0
28876.5,320000.0,2,400000.0,2,1
28878.0,544000.0,2,680000.0,2,1
28879.5,224000.0,2,280000.0,2,0
28881.0,56000.0,2,70000.0,2,0
28882.5,240000.0,2,300000.0,2,1
28884.0,200000.0,2,250000.0,2,0
28885.5,160000.0,2,200000.0,2,0
28887.0,360000.0,2,450000.0,2,0
28888.5,24000.0,2,30000.0,2,1
28890.0,168000.0,2,210000.0,2,0
28891.5,200000.0,2,250000.0,2,1
28893.0,56000.0,2,70000.0,2,0
28894.5,184000.0,2,230000.0,2,0
28896.0,120000.0,2,150000.0,2,0
28897.5,56000.0,2,70000.0,2,0
28899.0,120000.0,2,150000.0,2,1
28900.5,160000.0,2,200000.0,2,0
28902.0,160000.0,2,200000.0,2,0
28903.5,240000.0,2,300000.0,2,0
28905.0,64000.0,2,80000.0,2,1
28906.5,24000.0,2,30000.0,2,1
28908.0,80000.0,2,100000.0,2,0
28909.5,288000.0,2,360000.0,2,0
28911.0,120000.0,2,150000.0,2,0
28912.5,144000.0,2,180000.0,2,0
28914.0,168000.0,2,210000.0,2,0
28915.5,88000.0,2,110000.0,2,0
28917.0,64000.0,2,80000.0,2,0
28918.5,40000.0,2,50000.0,2,0
28920.0,120000.0,2,150000.0,2,0
28921.5,208000.0,2,260000.0,2,0
28923.0,160000.0,2,200000.0,2,0
28924.5,184000.0,2,230000.0,2,0
28926.0,56000.0,2,70000.0,2,1
28927.5,56000.0,2,70000.0,2,1
28929.0,128000.0,2,160000.0,2,1
28930.5,160000.0,2,200000.0,2,0
28932.0,216000.0,2,270000.0,2,0
28933.5,80000.0,2,100000.0,2,0
28935.0,328000.0,2,410000.0,2,0
28936.5,128000.0,2,160000.0,2,0
28938.0,96000.0,2,120000.0,2,1
28939.5,40000.0,2,50000.0,2,0
28941.0,360000.0,2,450000.0,2,0
28942.5,160000.0,2,200000.0,2,0
28944.0,288000.0,2,360000.0,2,0
28945.5,272000.0,2,340000.0,2,0
28947.0,240000.0,2,300000.0,2,1
28948.5,176000.0,2,220000.0,2,0
28950.0,296000.0,2,370000.0,2,0
28951.5,136000.0,2,170000.0,2,0
28953.0,400000.0,2,500000.0,2,0
28954.5,80000.0,2,100000.0,2,0
28956.0,88000.0,2,110000.0,2,0
28957.5,184000.0,2,230000.0,2,0
28959.0,184000.0,2,230000.0,2,0
28960.5,120000.0,2,150000.0,2,0
28962.0,168000.0,2,210000.0,2,0
28963.5,80000.0,2,100000.0,2,0
28965.0,184000.0,2,230000.0,2,0
28966.5,288000.0,2,360000.0,2,1
28968.0,288000.0,2,360000.0,2,0
28969.5,160000.0,2,200000.0,2,1
28971.0,160000.0,2,200000.0,2,0
28972.5,120000.0,2,150000.0,2,0
28974.0,88000.0,2,110000.0,2,0
28975.5,256000.0,2,320000.0,2,0
28977.0,40000.0,2,50000.0,2,1
28978.5,128000.0,2,160000.0,2,0
28980.0,64000.0,2,80000.0,2,1
28981.5,80000.0,2,100000.0,2,0
28983.0,120000.0,2,150000.0,2,0
28984.5,48000.0,2,60000.0,2,0
28986.0,160000.0,2,200000.0,2,0
28987.5,128000.0,2,160000.0,2,0
28989.0,184000.0,2,230000.0,2,0
28990.5,184000.0,2,230000.0,2,0
28992.0,72000.0,2,90000.0,2,0
28993.5,112000.0,2,140000.0,2,1
28995.0,24000.0,2,30000.0,2,0
28996.5,256000.0,2,320000.0,2,0
28998.0,16000.0,2,20000.0,2,0
28999.5,40000.0,2,50000.0,2,0
29001.0,24000.0,2,30000.0,2,0
29002.5,128000.0,2,160000.0,2,0
29004.0,224000.0,2,280000.0,2,0
29005.5,312000.0,2,390000.0,2,0
29007.0,80000.0,2,100000.0,2,1
29008.5,160000.0,2,200000.0,2,0
29010.0,88000.0,2,110000.0,2,0
29011.5,40000.0,2,50000.0,2,0
29013.0,80000.0,2,100000.0,2,0
29014.5,160000.0,2,200000.0,2,0
29016.0,200000.0,2,250000.0,2,0
29017.5,16000.0,2,20000.0,2,1
29019.0,208000.0,2,260000.0,2,0
29020.5,16000.0,2,20000.0,2,1
29022.0,256000.0,2,320000.0,2,0
29023.5,24000.0,2,30000.0,2,0
29025.0,40000.0,2,50000.0,2,0
29026.5,64000.0,2,80000.0,2,1
29028.0,96000.0,2,120000.0,2,1
29029.5,232000.0,2,290000.0,2,0
29031.0,40000.0,2,50000.0,2,0
29032.5,24000.0,2,30000.0,2,1
29034.0,464000.0,2,580000.0,2,0
29035.5,216000.0,2,270000.0,2,0
29037.0,24000.0,2,30000.0,2,0
29038.5,128000.0,2,160000.0,2,0
29040.0,144000.0,2,180000.0,2,0
29041.5,16000.0,2,20000.0,2,1
29043.0,168000.0,2,210000.0,2,0
29044.5,160000.0,2,200000.0,2,0
29046.0,104000.0,2,130000.0,2,0
29047.5,24000.0,2,30000.0,2,0
29049.0,104000.0,2,130000.0,2,0
29050.5,144000.0,2,180000.0,2,0
29052.0,88000.0,2,110000.0,2,0
29053.5,16000.0,2,20000.0,2,0
29055.0,120000.0,2,150000.0,2,0
29056.5,168000.0,2,210000.0,2,0
29058.0,72000.0,2,90000.0,2,0
29059.5,400000.0,2,500000.0,2,0
29061.0,240000.0,2,300000.0,2,0
29062.5,296000.0,2,370000.0,2,0
29064.0,160000.0,2,200000.0,2,0
29065.5,400000.0,2,500000.0,2,0
29067.0,40000.0,2,50000.0,2,1
29068.5,96000.0,2,120000.0,2,0
29070.0,216000.0,2,270000.0,2,0
29071.5,240000.0,2,300000.0,2,0
29073.0,72000.0,2,90000.0,2,0
29074.5,96000.0,2,120000.0,2,0
29076.0,72000.0,2,90000.0,2,0
29077.5,280000.0,2,350000.0,2,0
29079.0,144000.0,2,180000.0,2,0
29080.5,24000.0,2,30000.0,2,0
29082.0,192000.0,2,240000.0,2,1
29083.5,64000.0,2,80000.0,2,0
29085.0,40000.0,2,50000.0,2,1
29086.5,296000.0,2,370000.0,2,0
29088.0,120000.0,2,150000.0,2,0
29089.5,328000.0,2,410000.0,2,0
29091.0,184000.0,2,230000.0,2,0
29092.5,64000.0,2,80000.0,2,0
29094.0,112000.0,2,140000.0,2,0
29095.5,144000.0,2,180000.0,2,0
29097.0,192000.0,2,240000.0,2,0
29098.5,128000.0,2,160000.0,2,0
29100.0,256000.0,2,320000.0,2,0
29101.5,64000.0,2,80000.0,2,0
29103.0,184000.0,2,230000.0,2,0
29104.5,184000.0,2,230000.0,2,0
29106.0,16000.0,2,20000.0,2,0
29107.5,176000.0,2,220000.0,2,0
29109.0,144000.0,2,180000.0,2,0
29110.5,208000.0,2,260000.0,2,0
29112.0,288000.0,2,360000.0,2,0
29113.5,168000.0,2,210000.0,2,1
29115.0,160000.0,2,200000.0,2,0
29116.5,280000.0,2,350000.0,2,0
29118.0,288000.0,2,360000.0,2,0
29119.5,48000.0,2,60000.0,2,0
29121.0,152000.0,2,190000.0,2,0
29122.5,144000.0,2,180000.0,2,0
29124.0,184000.0,2,230000.0,2,1
29125.5,216000.0,2,270000.0,2,1
29127.0,176000.0,2,220000.0,2,0
29128.5,64000.0,2,80000.0,2,0
29130.0,72000.0,2,90000.0,2,0
29131.5,400000.0,2,500000.0,2,0
29133.0,168000.0,2,210000.0,2,1
29134.5,88000.0,2,110000.0,2,0
29136.0,120000.0,2,150000.0,2,0
29137.5,72000.0,2,90000.0,2,0
29139.0,152000.0,2,190000.0,2,0
29140.5,144000.0,2,180000.0,2,0
29142.0,192000.0,2,240000.0,2,0
29143.5,160000.0,2,200000.0,2,0
29145.0,160000.0,2,200000.0,2,0
29146.5,128000.0,2,160000.0,2,0
29148.0,192000.0,2,240000.0,2,0
29149.5,64000.0,2,80000.0,2,0
29151.0,144000.0,2,180000.0,2,1
29152.5,64000.0,2,80000.0,2,0
29154.0,56000.0,2,70000.0,2,0
29155.5,128000.0,2,160000.0,2,0
29157.0,160000.0,2,200000.0,2,0
29158.5,16000.0,2,20000.0,2,0
29160.0,240000.0,2,300000.0,2,0
29161.5,120000.0,2,150000.0,2,0
29163.0,24000.0,2,30000.0,2,0
29164.5,288000.0,2,360000.0,2,1
29166.0,224000.0,2,280000.0,2,0
29167.5,24000.0,2,30000.0,2,0
29169.0,40000.0,2,50000.0,2,0
29170.5,128000.0,2,160000.0,2,0
29172.0,64000.0,2,80000.0,2,0
29173.5,80000.0,2,100000.0,2,0
29175.0,48000.0,2,60000.0,2,0
29176.5,336000.0,2,420000.0,2,0
29178.0,112000.0,2,140000.0,2,0
29179.5,216000.0,2,270000.0,2,1
29181.0,128000.0,2,160000.0,2,1
29182.5,184000.0,2,230000.0,2,0
29184.0,80000.0,2,100000.0,2,0
29185.5,208000.0,2,260000.0,2,0
29187.0,160000.0,2,200000.0,2,0
29188.5,304000.0,2,380000.0,2,0
29190.0,104000.0,2,130000.0,2,0
29191.5,56000.0,2,70000.0,2,0
29193.0,216000.0,2,270000.0,2,0
29194.5,24000.0,2,30000.0,2,1
29196.0,232000.0,2,290000.0,2,0
29197.5,40000.0,2,50000.0,2,0
29199.0,24000.0,2,30000.0,2,1
29200.5,168000.0,2,210000.0,2,0
29202.0,176000.0,2,220000.0,2,0
29203.5,272000.0,2,340000.0,2,0
29205.0,400000.0,2,500000.0,2,0
29206.5,24000.0,2,30000.0,2,0
29208.0,144000.0,2,180000.0,2,1
29209.5,48000.0,2,60000.0,2,0
29211.0,80000.0,2,100000.0,2,0
29212.5,216000.0,2,270000.0,2,1
29214.0,160000.0,2,200000.0,2,0
29215.5,192000.0,2,240000.0,2,0
29217.0,88000.0,2,110000.0,2,0
29218.5,288000.0,2,360000.0,2,0
29220.0,40000.0,2,50000.0,2,0
29221.5,48000.0,2,60000.0,2,0
29223.0,40000.0,2,50000.0,2,0
29224.5,96000.0,2,120000.0,2,0
29226.0,112000.0,2,140000.0,2,0
29227.5,80000.0,2,100000.0,2,0
29229.0,224000.0,2,280000.0,2,1
29230.5,144000.0,2,180000.0,2,0
29232.0,144000.0,2,180000.0,2,0
29233.5,120000.0,2,150000.0,2,0
29235.0,144000.0,2,180000.0,2,1
29236.5,144000.0,2,180000.0,2,0
29238.0,24000.0,2,30000.0,2,0
29239.5,304000.0,2,380000.0,2,0
29241.0,104000.0,2,130000.0,2,0
29242.5,136000.0,2,170000.0,2,0
29244.0,176000.0,2,220000.0,2,1
29245.5,120000.0,2,150000.0,2,0
29247.0,144000.0,2,180000.0,2,0
29248.5,144000.0,2,180000.0,2,1
29250.0,288000.0,2,360000.0,2,0
29251.5,120000.0,2,150000.0,2,0
29253.0,136000.0,2,170000.0,2,0
29254.5,40000.0,2,50000.0,2,0
29256.0,240000.0,2,300000.0,2,0
29257.5,360000.0,2,450000.0,2,0
29259.0,168000.0,2,210000.0,2,0
29260.5,64000.0,2,80000.0,2,0
29262.0,192000.0,2,240000.0,2,0
29263.5,88000.0,2,110000.0,2,0
29265.0,320000.0,2,400000.0,2,0
29266.5,72000.0,2,90000.0,2,1
29268.0,168000.0,2,210000.0,2,0
29269.5,208000.0,2,260000.0,2,0
29271.0,136000.0,2,170000.0,2,0
29272.5,168000.0,2,210000.0,2,0
29274.0,160000.0,2,200000.0,2,0
29275.5,448000.0,2,560000.0,2,0
29277.0,432000.0,2,540000.0,2,0
29278.5,80000.0,2,100000.0,2,0
29280.0,64000.0,2,80000.0,2,1
29281.5,24000.0,2,30000.0,2,1
29283.0,64000.0,2,80000.0,2,1
29284.5,40000.0,2,50000.0,2,1
29286.0,96000.0,2,120000.0,2,0
29287.5,192000.0,2,240000.0,2,0
29289.0,208000.0,2,260000.0,2,0
29290.5,224000.0,2,280000.0,2,0
29292.0,24000.0,2,30000.0,2,1
29293.5,120000.0,2,150000.0,2,0
29295.0,280000.0,2,350000.0,2,1
29296.5,80000.0,2,100000.0,2,0
29298.0,256000.0,2,320000.0,2,0
29299.5,304000.0,2,380000.0,2,1
29301.0,32000.0,2,40000.0,2,0
29302.5,80000.0,2,100000.0,2,0
29304.0,216000.0,2,270000.0,2,0
29305.5,24000.0,2,30000.0,2,1
29307.0,40000.0,2,50000.0,2,0
29308.5,144000.0,2,180000.0,2,0
29310.0,120000.0,2,150000.0,2,0
29311.5,288000.0,2,360000.0,2,0
29313.0,136000.0,2,170000.0,2,0
29314.5,112000.0,2,140000.0,2,0
29316.0,72000.0,2,90000.0,2,0
29317.5,16000.0,2,20000.0,2,0
29319.0,128000.0,2,160000.0,2,0
29320.5,24000.0,2,30000.0,2,0
29322.0,240000.0,2,300000.0,2,1
29323.5,64000.0,2,80000.0,2,1
29325.0,288000.0,2,360000.0,2,1
29326.5,368000.0,2,460000.0,2,0
29328.0,24000.0,2,30000.0,2,0
29329.5,64000.0,2,80000.0,2,1
29331.0,112000.0,2,140000.0,2,0
29332.5,224000.0,2,280000.0,2,0
29334.0,240000.0,2,300000.0,2,0
29335.5,24000.0,2,30000.0,2,1
29337.0,400000.0,2,500000.0,2,0
29338.5,144000.0,2,180000.0,2,0
29340.0,128000.0,2,160000.0,2,0
29341.5,160000.0,2,200000.0,2,0
29343.0,104000.0,2,130000.0,2,0
29344.5,184000.0,2,230000.0,2,0
29346.0,184000.0,2,230000.0,2,1
29347.5,48000.0,2,60000.0,2,1
29349.0,64000.0,2,80000.0,2,0
29350.5,192000.0,2,240000.0,2,0
29352.0,192000.0,2,240000.0,2,0
29353.5,176000.0,2,220000.0,2,0
29355.0,40000.0,2,50000.0,2,1
29356.5,40000.0,2,50000.0,2,0
29358.0,40000.0,2,50000.0,2,0
29359.5,72000.0,2,90000.0,2,1
29361.0,64000.0,2,80000.0,2,0
29362.5,152000.0,2,190000.0,2,0
29364.0,168000.0,2,210000.0,2,0
29365.5,296000.0,2,370000.0,2,0
29367.0,64000.0,2,80000.0,2,1
29368.5,176000.0,2,220000.0,2,0
29370.0,184000.0,2,230000.0,2,0
29371.5,160000.0,2,200000.0,2,0
29373.0,320000.0,2,400000.0,2,0
29374.5,64000.0,2,80000.0,2,0
29376.0,288000.0,2,360000.0,2,0
29377.5,248000.0,2,310000.0,2,1
29379.0,120000.0,2,150000.0,2,0
29380.5,64000.0,2,80000.0,2,0
29382.0,32000.0,2,40000.0,2,1
29383.5,256000.0,2,320000.0,2,0
29385.0,136000.0,2,170000.0,2,0
29386.5,64000.0,2,80000.0,2,0
29388.0,336000.0,2,420000.0,2,0
29389.5,136000.0,2,170000.0,2,0
29391.0,184000.0,2,230000.0,2,0
29392.5,160000.0,2,200000.0,2,0
29394.0,344000.0,2,430000.0,2,1
29395.5,80000.0,2,100000.0,2,0
29397.0,168000.0,2,210000.0,2,0
29398.5,40000.0,2,50000.0,2,0
29400.0,232000.0,2,290000.0,2,0
29401.5,160000.0,2,200000.0,2,0
29403.0,136000.0,2,170000.0,2,0
29404.5,24000.0,2,30000.0,2,0
29406.0,288000.0,2,360000.0,2,1
29407.5,88000.0,2,110000.0,2,0
29409.0,144000.0,2,180000.0,2,0
29410.5,176000.0,2,220000.0,2,0
29412.0,152000.0,2,190000.0,2,0
29413.5,120000.0,2,150000.0,2,0
29415.0,280000.0,2,350000.0,2,0
29416.5,192000.0,2,240000.0,2,0
29418.0,184000.0,2,230000.0,2,0
29419.5,400000.0,2,500000.0,2,0
29421.0,128000.0,2,160000.0,2,0
29422.5,232000.0,2,290000.0,2,0
29424.0,40000.0,1,50000.0,1,0
29425.5,216000.0,2,270000.0,2,1
29427.0,208000.0,2,260000.0,2,0
29428.5,144000.0,2,180000.0,2,0
29430.0,144000.0,2,180000.0,2,0
29431.5,40000.0,2,50000.0,2,0
29433.0,40000.0,2,50000.0,2,1
29434.5,64000.0,2,80000.0,2,1
29436.0,200000.0,2,250000.0,2,0
29437.5,64000.0,2,80000.0,2,0
29439.0,128000.0,2,160000.0,2,0
29440.5,24000.0,2,30000.0,2,0
29442.0,80000.0,2,100000.0,2,0
29443.5,80000.0,2,100000.0,2,0
29445.0,104000.0,2,130000.0,2,0
29446.5,64000.0,2,80000.0,2,0
29448.0,136000.0,2,170000.0,2,0
29449.5,224000.0,2,280000.0,2,0
29451.0,400000.0,2,500000.0,2,1
29452.5,240000.0,2,300000.0,2,0
29454.0,248000.0,2,310000.0,2,0
29455.5,96000.0,2,120000.0,2,0
29457.0,40000.0,2,50000.0,2,1
29458.5,272000.0,2,340000.0,2,0
29460.0,72000.0,2,90000.0,2,0
29461.5,48000.0,2,60000.0,2,1
29463.0,304000.0,2,380000.0,2,0
29464.5,160000.0,2,200000.0,2,0
29466.0,368000.0,2,460000.0,2,0
29467.5,240000.0,2,300000.0,2,0
29469.0,288000.0,2,360000.0,2,0
29470.5,96000.0,2,120000.0,2,0
29472.0,400000.0,2,500000.0,2,0
29473.5,168000.0,2,210000.0,2,1
29475.0,144000.0,2,180000.0,2,1
29476.5,160000.0,2,200000.0,2,0
29478.0,192000.0,2,240000.0,2,0
29479.5,40000.0,2,50000.0,2,0
29481.0,192000.0,2,240000.0,2,0
29482.5,128000.0,2,160000.0,2,1
29484.0,120000.0,2,150000.0,2,0
29485.5,80000.0,2,100000.0,2,0
29487.0,40000.0,2,50000.0,2,0
29488.5,144000.0,2,180000.0,2,0
29490.0,40000.0,2,50000.0,2,1
29491.5,16000.0,2,20000.0,2,1
29493.0,96000.0,2,120000.0,2,0
29494.5,256000.0,2,320000.0,2,0
29496.0,296000.0,2,370000.0,2,0
29497.5,168000.0,2,210000.0,2,0
29499.0,176000.0,2,220000.0,2,0
29500.5,176000.0,2,220000.0,2,0
29502.0,168000.0,2,210000.0,2,0
29503.5,160000.0,2,200000.0,2,0
29505.0,144000.0,2,180000.0,2,0
29506.5,48000.0,2,60000.0,2,0
29508.0,344000.0,2,430000.0,2,0
29509.5,16000.0,2,20000.0,2,0
29511.0,40000.0,2,50000.0,2,0
29512.5,400000.0,2,500000.0,2,0
29514.0,272000.0,2,340000.0,2,0
29515.5,64000.0,2,80000.0,2,1
29517.0,184000.0,2,230000.0,2,0
29518.5,136000.0,2,170000.0,2,0
29520.0,208000.0,2,260000.0,2,0
29521.5,96000.0,2,120000.0,2,0
29523.0,88000.0,2,110000.0,2,0
29524.5,160000.0,2,200000.0,2,0
29526.0,64000.0,2,80000.0,2,1
29527.5,336000.0,2,420000.0,2,0
29529.0,40000.0,2,50000.0,2,1
29530.5,24000.0,2,30000.0,2,1
29532.0,168000.0,2,210000.0,2,0
29533.5,192000.0,2,240000.0,2,0
29535.0,192000.0,2,240000.0,2,0
29536.5,312000.0,2,390000.0,2,0
29538.0,24000.0,2,30000.0,2,0
29539.5,40000.0,2,50000.0,2,0
29541.0,56000.0,2,70000.0,2,1
29542.5,144000.0,2,180000.0,2,0
29544.0,144000.0,2,180000.0,2,0
29545.5,376000.0,2,470000.0,2,0
29547.0,96000.0,2,120000.0,2,1
29548.5,312000.0,2,390000.0,2,0
29550.0,40000.0,2,50000.0,2,1
29551.5,40000.0,2,50000.0,2,0
29553.0,112000.0,2,140000.0,2,0
29554.5,128000.0,2,160000.0,2,0
29556.0,24000.0,2,30000.0,2,0
29557.5,16000.0,2,20000.0,2,0
29559.0,80000.0,2,100000.0,2,1
29560.5,64000.0,2,80000.0,2,0
29562.0,32000.0,2,40000.0,2,1
29563.5,144000.0,2,180000.0,2,0
29565.0,64000.0,2,80000.0,2,0
29566.5,240000.0,2,300000.0,2,0
29568.0,176000.0,2,220000.0,2,1
29569.5,64000.0,2,80000.0,2,0
29571.0,232000.0,2,290000.0,2,0
29572.5,288000.0,2,360000.0,2,0
29574.0,400000.0,2,500000.0,2,0
29575.5,344000.0,2,430000.0,2,0
29577.0,224000.0,2,280000.0,2,0
29578.5,120000.0,2,150000.0,2,0
29580.0,160000.0,2,200000.0,2,0
29581.5,88000.0,2,110000.0,2,0
29583.0,120000.0,2,150000.0,2,0
29584.5,96000.0,2,120000.0,2,0
29586.0,400000.0,2,500000.0,2,0
29587.5,216000.0,2,270000.0,2,0
29589.0,40000.0,2,50000.0,2,0
29590.5,240000.0,2,300000.0,2,0
29592.0,112000.0,2,140000.0,2,1
29593.5,136000.0,2,170000.0,2,0
29595.0,256000.0,2,320000.0,2,0
29596.5,160000.0,2,200000.0,2,0
29598.0,40000.0,2,50000.0,2,0
29599.5,96000.0,2,120000.0,2,0
29601.0,136000.0,2,170000.0,2,0
29602.5,120000.0,2,150000.0,2,0
29604.0,160000.0,2,200000.0,2,0
29605.5,88000.0,2,110000.0,2,0
29607.0,40000.0,2,50000.0,2,0
29608.5,40000.0,2,50000.0,2,0
29610.0,40000.0,2,50000.0,2,1
29611.5,88000.0,2,110000.0,2,0
29613.0,128000.0,2,160000.0,2,0
29614.5,16000.0,2,20000.0,2,1
29616.0,160000.0,2,200000.0,2,0
29617.5,368000.0,2,460000.0,2,0
29619.0,40000.0,2,50000.0,2,0
29620.5,64000.0,2,80000.0,2,0
29622.0,144000.0,2,180000.0,2,0
29623.5,352000.0,2,440000.0,2,0
29625.0,240000.0,2,300000.0,2,0
29626.5,144000.0,2,180000.0,2,1
29628.0,64000.0,2,80000.0,2,0
29629.5,16000.0,2,20000.0,2,1
29631.0,248000.0,2,310000.0,2,0
29632.5,144000.0,2,180000.0,2,0
29634.0,16000.0,2,20000.0,2,1
29635.5,384000.0,2,480000.0,2,0
29637.0,72000.0,2,90000.0,2,0
29638.5,248000.0,2,310000.0,2,0
29640.0,248000.0,2,310000.0,2,0
29641.5,160000.0,2,200000.0,2,0
29643.0,80000.0,2,100000.0,2,1
29644.5,80000.0,2,100000.0,2,0
29646.0,296000.0,2,370000.0,2,0
29647.5,48000.0,2,60000.0,2,0
29649.0,40000.0,2,50000.0,2,0
29650.5,224000.0,2,280000.0,2,0
29652.0,72000.0,2,90000.0,2,1
29653.5,288000.0,2,360000.0,2,0
29655.0,80000.0,2,100000.0,2,0
29656.5,24000.0,2,30000.0,2,1
29658.0,184000.0,2,230000.0,2,0
29659.5,144000.0,2,180000.0,2,0
29661.0,120000.0,2,150000.0,2,0
29662.5,192000.0,2,240000.0,2,0
29664.0,88000.0,2,110000.0,2,0
29665.5,144000.0,2,180000.0,2,0
29667.0,40000.0,2,50000.0,2,0
29668.5,136000.0,2,170000.0,2,0
29670.0,96000.0,2,120000.0,2,0
29671.5,320000.0,2,400000.0,2,0
29673.0,192000.0,2,240000.0,2,0
29674.5,40000.0,2,50000.0,2,1
29676.0,232000.0,2,290000.0,2,0
29677.5,120000.0,2,150000.0,2,1
29679.0,136000.0,2,170000.0,2,0
29680.5,184000.0,2,230000.0,2,0
29682.0,144000.0,2,180000.0,2,0
29683.5,208000.0,2,260000.0,2,0
29685.0,72000.0,2,90000.0,2,0
29686.5,416000.0,2,520000.0,2,0
29688.0,40000.0,2,50000.0,2,1
29689.5,256000.0,2,320000.0,2,0
29691.0,48000.0,2,60000.0,2,0
29692.5,144000.0,2,180000.0,2,0
29694.0,232000.0,2,290000.0,2,0
29695.5,240000.0,2,300000.0,2,0
29697.0,176000.0,2,220000.0,2,0
29698.5,56000.0,2,70000.0,2,1
29700.0,120000.0,2,150000.0,2,0
29701.5,64000.0,2,80000.0,2,0
29703.0,8000.0,2,10000.0,2,1
29704.5,224000.0,2,280000.0,2,0
29706.0,360000.0,2,450000.0,2,0
29707.5,184000.0,2,230000.0,2,0
29709.0,256000.0,2,320000.0,2,1
29710.5,160000.0,2,200000.0,2,0
29712.0,48000.0,2,60000.0,2,0
29713.5,40000.0,2,50000.0,2,0
29715.0,24000.0,2,30000.0,2,0
29716.5,208000.0,2,260000.0,2,0
29718.0,168000.0,2,210000.0,2,0
29719.5,232000.0,2,290000.0,2,0
29721.0,16000.0,2,20000.0,2,0
29722.5,80000.0,2,100000.0,2,1
29724.0,184000.0,2,230000.0,2,0
29725.5,240000.0,2,300000.0,2,0
29727.0,16000.0,2,20000.0,2,1
29728.5,24000.0,2,30000.0,2,1
29730.0,136000.0,2,170000.0,2,0
29731.5,160000.0,2,200000.0,2,1
29733.0,40000.0,2,50000.0,2,0
29734.5,16000.0,2,20000.0,2,0
29736.0,48000.0,2,60000.0,2,0
29737.5,16000.0,2,20000.0,2,1
29739.0,176000.0,2,220000.0,2,0
29740.5,16000.0,2,20000.0,2,0
29742.0,56000.0,2,70000.0,2,0
29743.5,304000.0,2,380000.0,2,0
29745.0,24000.0,2,30000.0,2,0
29746.5,160000.0,2,200000.0,2,0
29748.0,64000.0,2,80000.0,2,1
29749.5,120000.0,2,150000.0,2,0
29751.0,168000.0,2,210000.0,2,0
29752.5,56000.0,2,70000.0,2,0
29754.0,224000.0,2,280000.0,2,0
29755.5,112000.0,2,140000.0,2,0
29757.0,160000.0,2,200000.0,2,0
29758.5,136000.0,2,170000.0,2,0
29760.0,40000.0,2,50000.0,2,0
29761.5,72000.0,2,90000.0,2,0
29763.0,104000.0,2,130000.0,2,0
29764.5,200000.0,2,250000.0,2,0
29766.0,96000.0,2,120000.0,2,1
29767.5,392000.0,2,490000.0,2,0
29769.0,160000.0,2,200000.0,2,1
29770.5,160000.0,2,200000.0,2,0
29772.0,80000.0,2,100000.0,2,0
29773.5,224000.0,2,280000.0,2,0
29775.0,232000.0,2,290000.0,2,0
29776.5,128000.0,2,160000.0,2,0
29778.0,184000.0,2,230000.0,2,0
29779.5,104000.0,2,130000.0,2,0
29781.0,336000.0,2,420000.0,2,1
29782.5,16000.0,2,20000.0,2,0
29784.0,56000.0,2,70000.0,2,1
29785.5,184000.0,2,230000.0,2,0
29787.0,272000.0,2,340000.0,2,0
29788.5,336000.0,2,420000.0,2,0
29790.0,112000.0,2,140000.0,2,0
29791.5,24000.0,2,30000.0,2,0
29793.0,40000.0,2,50000.0,2,1
29794.5,344000.0,2,430000.0,2,0
29796.0,208000.0,2,260000.0,2,1
29797.5,144000.0,2,180000.0,2,0
29799.0,80000.0,2,100000.0,2,0
29800.5,128000.0,2,160000.0,2,0
29802.0,208000.0,2,260000.0,2,0
29803.5,160000.0,2,200000.0,2,0
29805.0,360000.0,2,450000.0,2,0
29806.5,312000.0,2,390000.0,2,0
29808.0,312000.0,2,390000.0,2,0
29809.5,32000.0,2,40000.0,2,1
29811.0,400000.0,2,500000.0,2,0
29812.5,144000.0,2,180000.0,2,0
29814.0,80000.0,2,100000.0,2,0
29815.5,40000.0,2,50000.0,2,0
29817.0,32000.0,2,40000.0,2,0
29818.5,280000.0,2,350000.0,2,0
29820.0,288000.0,2,360000.0,2,0
29821.5,160000.0,2,200000.0,2,1
29823.0,184000.0,2,230000.0,2,0
29824.5,160000.0,2,200000.0,2,0
29826.0,184000.0,2,230000.0,2,0
29827.5,400000.0,2,500000.0,2,0
29829.0,184000.0,2,230000.0,2,0
29830.5,272000.0,2,340000.0,2,0
29832.0,16000.0,2,20000.0,2,1
29833.5,16000.0,2,20000.0,2,0
29835.0,248000.0,2,310000.0,2,0
29836.5,128000.0,2,160000.0,2,0
29838.0,184000.0,2,230000.0,2,0
29839.5,160000.0,2,200000.0,2,0
29841.0,96000.0,2,120000.0,2,0
29842.5,280000.0,2,350000.0,2,0
29844.0,136000.0,2,170000.0,2,1
29845.5,192000.0,2,240000.0,2,0
29847.0,80000.0,2,100000.0,2,0
29848.5,104000.0,2,130000.0,2,1
29850.0,328000.0,2,410000.0,2,1
29851.5,160000.0,2,200000.0,2,0
29853.0,48000.0,2,60000.0,2,0
29854.5,320000.0,2,400000.0,2,0
29856.0,304000.0,2,380000.0,2,0
29857.5,168000.0,2,210000.0,2,0
29859.0,400000.0,2,500000.0,2,0
29860.5,80000.0,2,100000.0,2,1
29862.0,64000.0,2,80000.0,2,0
29863.5,64000.0,2,80000.0,2,1
29865.0,160000.0,2,200000.0,2,0
29866.5,208000.0,2,260000.0,2,0
29868.0,248000.0,2,310000.0,2,0
29869.5,24000.0,2,30000.0,2,1
29871.0,40000.0,2,50000.0,2,0
29872.5,248000.0,2,310000.0,2,0
29874.0,400000.0,2,500000.0,2,0
29875.5,24000.0,2,30000.0,2,0
29877.0,128000.0,2,160000.0,2,0
29878.5,280000.0,2,350000.0,2,0
29880.0,280000.0,2,350000.0,2,1
29881.5,40000.0,2,50000.0,2,0
29883.0,24000.0,2,30000.0,2,0
29884.5,88000.0,2,110000.0,2,1
29886.0,40000.0,2,50000.0,2,0
29887.5,256000.0,2,320000.0,2,0
29889.0,64000.0,2,80000.0,2,1
29890.5,32000.0,2,40000.0,2,1
29892.0,264000.0,2,330000.0,2,0
29893.5,128000.0,2,160000.0,2,0
29895.0,168000.0,2,210000.0,2,0
29896.5,40000.0,2,50000.0,2,0
29898.0,40000.0,2,50000.0,2,1
29899.5,96000.0,2,120000.0,2,0
29901.0,120000.0,2,150000.0,2,0
29902.5,80000.0,2,100000.0,2,0
29904.0,40000.0,2,50000.0,2,0
29905.5,192000.0,2,240000.0,2,0
29907.0,184000.0,2,230000.0,2,1
29908.5,232000.0,2,290000.0,2,0
29910.0,184000.0,2,230000.0,2,0
29911.5,288000.0,2,360000.0,2,0
29913.0,256000.0,2,320000.0,2,0
29914.5,288000.0,2,360000.0,2,0
29916.0,72000.0,2,90000.0,2,0
29917.5,400000.0,2,500000.0,2,0
29919.0,168000.0,2,210000.0,2,0
29920.5,72000.0,2,90000.0,2,0
29922.0,64000.0,2,80000.0,2,0
29923.5,312000.0,2,390000.0,2,0
29925.0,136000.0,2,170000.0,2,0
29926.5,240000.0,2,300000.0,2,0
29928.0,24000.0,2,30000.0,2,0
29929.5,208000.0,2,260000.0,2,0
29931.0,400000.0,2,500000.0,2,0
29932.5,192000.0,2,240000.0,2,0
29934.0,80000.0,2,100000.0,2,0
29935.5,144000.0,2,180000.0,2,0
29937.0,40000.0,2,50000.0,2,0
29938.5,160000.0,2,200000.0,2,0
29940.0,16000.0,2,20000.0,2,0
29941.5,16000.0,2,20000.0,2,1
29943.0,48000.0,2,60000.0,2,0
29944.5,208000.0,2,260000.0,2,0
29946.0,144000.0,2,180000.0,2,0
29947.5,168000.0,2,210000.0,2,0
29949.0,216000.0,2,270000.0,2,0
29950.5,296000.0,2,370000.0,2,0
29952.0,160000.0,2,200000.0,2,0
29953.5,216000.0,2,270000.0,2,0
29955.0,280000.0,2,350000.0,2,0
29956.5,184000.0,2,230000.0,2,0
29958.0,104000.0,2,130000.0,2,0
29959.5,208000.0,2,260000.0,2,0
29961.0,320000.0,2,400000.0,2,0
29962.5,144000.0,2,180000.0,2,0
29964.0,176000.0,2,220000.0,2,0
29965.5,168000.0,2,210000.0,2,0
29967.0,192000.0,2,240000.0,2,0
29968.5,192000.0,2,240000.0,2,0
29970.0,120000.0,2,150000.0,2,0
29971.5,240000.0,2,300000.0,2,0
29973.0,144000.0,2,180000.0,2,0
29974.5,240000.0,2,300000.0,2,1
29976.0,56000.0,2,70000.0,2,0
29977.5,48000.0,2,60000.0,2,1
29979.0,208000.0,2,260000.0,2,0
29980.5,320000.0,2,400000.0,2,0
29982.0,392000.0,2,490000.0,2,0
29983.5,40000.0,2,50000.0,2,1
29985.0,104000.0,2,130000.0,2,0
29986.5,120000.0,2,150000.0,2,0
29988.0,56000.0,2,70000.0,2,0
29989.5,192000.0,2,240000.0,2,0
29991.0,200000.0,2,250000.0,2,0
29992.5,352000.0,2,440000.0,2,0
29994.0,104000.0,2,130000.0,2,0
29995.5,48000.0,2,60000.0,2,1
29997.0,232000.0,2,290000.0,2,0
29998.5,120000.0,2,150000.0,2,0
30000.0,192000.0,2,240000.0,2,0
30001.5,176000.0,2,220000.0,2,1
30003.0,80000.0,2,100000.0,2,0
30004.5,160000.0,2,200000.0,2,0
30006.0,320000.0,2,400000.0,2,0
30007.5,400000.0,2,500000.0,2,0
30009.0,184000.0,2,230000.0,2,1
30010.5,40000.0,2,50000.0,2,0
30012.0,144000.0,2,180000.0,2,0
30013.5,160000.0,2,200000.0,2,0
30015.0,184000.0,2,230000.0,2,0
30016.5,168000.0,2,210000.0,2,1
30018.0,136000.0,2,170000.0,2,0
30019.5,160000.0,2,200000.0,2,0
30021.0,280000.0,2,350000.0,2,0
30022.5,288000.0,2,360000.0,2,0
30024.0,128000.0,2,160000.0,2,0
30025.5,184000.0,2,230000.0,2,0
30027.0,88000.0,2,110000.0,2,0
30028.5,416000.0,2,520000.0,2,0
30030.0,224000.0,2,280000.0,2,0
30031.5,192000.0,2,240000.0,2,0
30033.0,16000.0,2,20000.0,2,0
30034.5,168000.0,2,210000.0,2,0
30036.0,200000.0,2,250000.0,2,0
30037.5,72000.0,2,90000.0,2,0
30039.0,56000.0,2,70000.0,2,1
30040.5,72000.0,2,90000.0,2,1
30042.0,144000.0,2,180000.0,2,0
30043.5,168000.0,2,210000.0,2,1
30045.0,200000.0,2,250000.0,2,0
30046.5,160000.0,2,200000.0,2,0
30048.0,192000.0,2,240000.0,2,0
30049.5,400000.0,2,500000.0,2,0
30051.0,16000.0,2,20000.0,2,0
30052.5,128000.0,2,160000.0,2,0
30054.0,200000.0,2,250000.0,2,0
30055.5,288000.0,2,360000.0,2,0
30057.0,240000.0,2,300000.0,2,0
30058.5,400000.0,2,500000.0,2,0
30060.0,336000.0,2,420000.0,2,0
30061.5,24000.0,2,30000.0,2,0
30063.0,208000.0,2,260000.0,2,0
30064.5,288000.0,2,360000.0,2,0
30066.0,176000.0,2,220000.0,2,0
30067.5,16000.0,2,20000.0,2,0
30069.0,184000.0,2,230000.0,2,1
30070.5,80000.0,2,100000.0,2,0
30072.0,144000.0,2,180000.0,2,0
30073.5,240000.0,2,300000.0,2,0
30075.0,128000.0,2,160000.0,2,0
30076.5,8000.0,2,10000.0,2,0
30078.0,240000.0,2,300000.0,2,0
30079.5,64000.0,2,80000.0,2,0
30081.0,352000.0,2,440000.0,2,1
30082.5,64000.0,2,80000.0,2,0
30084.0,184000.0,2,230000.0,2,0
30085.5,272000.0,2,340000.0,2,0
30087.0,40000.0,2,50000.0,2,0
30088.5,64000.0,2,80000.0,2,0
30090.0,120000.0,2,150000.0,2,0
30091.5,128000.0,2,160000.0,2,1
30093.0,312000.0,2,390000.0,2,0
30094.5,400000.0,2,500000.0,2,0
30096.0,80000.0,2,100000.0,2,0
30097.5,248000.0,2,310000.0,2,0
30099.0,24000.0,2,30000.0,2,0
30100.5,16000.0,2,20000.0,2,0
30102.0,400000.0,2,500000.0,2,0
30103.5,120000.0,2,150000.0,2,0
30105.0,288000.0,2,360000.0,2,1
30106.5,160000.0,2,200000.0,2,0
30108.0,216000.0,2,270000.0,2,0
30109.5,184000.0,2,230000.0,2,0
30111.0,120000.0,2,150000.0,2,0
30112.5,192000.0,2,240000.0,2,0
30114.0,200000.0,2,250000.0,2,0
30115.5,192000.0,2,240000.0,2,1
30117.0,272000.0,2,340000.0,2,0
30118.5,128000.0,2,160000.0,2,0
30120.0,144000.0,2,180000.0,2,0
30121.5,192000.0,2,240000.0,2,0
30123.0,96000.0,2,120000.0,2,0
30124.5,120000.0,2,150000.0,2,0
30126.0,168000.0,2,210000.0,2,0
30127.5,400000.0,2,500000.0,2,0
30129.0,64000.0,2,80000.0,2,0
30130.5,24000.0,2,30000.0,2,0
30132.0,48000.0,2,60000.0,2,0
30133.5,296000.0,2,370000.0,2,0
30135.0,24000.0,2,30000.0,2,0
30136.5,120000.0,2,150000.0,2,1
30138.0,80000.0,2,100000.0,2,0
30139.5,64000.0,2,80000.0,2,0
30141.0,160000.0,2,200000.0,2,0
30142.5,64000.0,2,80000.0,2,1
30144.0,112000.0,2,140000.0,2,0
30145.5,232000.0,2,290000.0,2,0
30147.0,280000.0,2,350000.0,2,0
30148.5,248000.0,2,310000.0,2,0
30150.0,64000.0,2,80000.0,2,1
30151.5,24000.0,2,30000.0,2,1
30153.0,184000.0,2,230000.0,2,0
30154.5,120000.0,2,150000.0,2,0
30156.0,88000.0,2,110000.0,2,0
30157.5,136000.0,2,170000.0,2,0
30159.0,160000.0,2,200000.0,2,0
30160.5,208000.0,2,260000.0,2,0
30162.0,40000.0,2,50000.0,2,0
30163.5,40000.0,2,50000.0,2,0
30165.0,336000.0,2,420000.0,2,0
30166.5,176000.0,2,220000.0,2,1
30168.0,184000.0,2,230000.0,2,0
30169.5,224000.0,2,280000.0,2,0
30171.0,16000.0,2,20000.0,2,1
30172.5,160000.0,2,200000.0,2,0
30174.0,224000.0,2,280000.0,2,0
30175.5,136000.0,2,170000.0,2,1
30177.0,40000.0,2,50000.0,2,0
30178.5,192000.0,2,240000.0,2,0
30180.0,160000.0,2,200000.0,2,0
30181.5,80000.0,2,100000.0,2,1
30183.0,184000.0,2,230000.0,2,0
30184.5,192000.0,2,240000.0,2,0
30186.0,192000.0,2,240000.0,2,0
30187.5,64000.0,2,80000.0,2,0
30189.0,64000.0,2,80000.0,2,0
30190.5,40000.0,2,50000.0,2,0
30192.0,144000.0,2,180000.0,2,1
30193.5,120000.0,2,150000.0,2,0
30195.0,112000.0,2,140000.0,2,1
30196.5,64000.0,2,80000.0,2,0
30198.0,240000.0,2,300000.0,2,0
30199.5,280000.0,2,350000.0,2,0
30201.0,88000.0,2,110000.0,2,1
30202.5,104000.0,2,130000.0,2,0
30204.0,104000.0,2,130000.0,2,0
30205.5,136000.0,2,170000.0,2,0
30207.0,248000.0,2,310000.0,2,0
30208.5,400000.0,2,500000.0,2,0
30210.0,184000.0,2,230000.0,2,0
30211.5,40000.0,2,50000.0,2,1
30213.0,312000.0,2,390000.0,2,0
30214.5,160000.0,2,200000.0,2,0
30216.0,304000.0,2,380000.0,2,0
30217.5,112000.0,2,140000.0,2,0
30219.0,336000.0,2,420000.0,2,0
30220.5,40000.0,2,50000.0,2,1
30222.0,80000.0,2,100000.0,2,0
30223.5,40000.0,2,50000.0,2,1
30225.0,112000.0,2,140000.0,2,0
30226.5,40000.0,2,50000.0,2,0
30228.0,16000.0,2,20000.0,2,1
30229.5,208000.0,2,260000.0,2,0
30231.0,192000.0,2,240000.0,2,1
30232.5,16000.0,2,20000.0,2,0
30234.0,160000.0,2,200000.0,2,0
30235.5,120000.0,2,150000.0,2,0
30237.0,224000.0,2,280000.0,2,0
30238.5,224000.0,2,280000.0,2,0
30240.0,96000.0,2,120000.0,2,1
30241.5,128000.0,2,160000.0,2,0
30243.0,64000.0,2,80000.0,2,0
30244.5,400000.0,2,500000.0,2,0
30246.0,40000.0,2,50000.0,2,1
30247.5,96000.0,2,120000.0,2,1
30249.0,120000.0,2,150000.0,2,0
30250.5,120000.0,2,150000.0,2,0
30252.0,160000.0,2,200000.0,2,0
30253.5,128000.0,2,160000.0,2,0
30255.0,160000.0,2,200000.0,2,0
30256.5,224000.0,2,280000.0,2,1
30258.0,96000.0,2,120000.0,2,1
30259.5,288000.0,2,360000.0,2,0
30261.0,120000.0,2,150000.0,2,0
30262.5,312000.0,2,390000.0,2,0
30264.0,160000.0,2,200000.0,2,0
30265.5,160000.0,2,200000.0,2,0
30267.0,48000.0,2,60000.0,2,0
30268.5,240000.0,2,300000.0,2,0
30270.0,336000.0,2,420000.0,2,0
30271.5,136000.0,2,170000.0,2,0
30273.0,136000.0,2,170000.0,2,0
30274.5,128000.0,2,160000.0,2,0
30276.0,168000.0,2,210000.0,2,0
30277.5,160000.0,2,200000.0,2,0
30279.0,160000.0,2,200000.0,2,0
30280.5,48000.0,2,60000.0,2,0
30282.0,400000.0,2,500000.0,2,0
30283.5,120000.0,2,150000.0,2,0
30285.0,248000.0,2,310000.0,2,0
30286.5,280000.0,2,350000.0,2,0
30288.0,112000.0,2,140000.0,2,1
30289.5,256000.0,2,320000.0,2,0
30291.0,264000.0,2,330000.0,2,0
30292.5,160000.0,2,200000.0,2,0
30294.0,344000.0,2,430000.0,2,0
30295.5,136000.0,2,170000.0,2,0
30297.0,240000.0,2,300000.0,2,0
30298.5,360000.0,2,450000.0,2,0
30300.0,200000.0,2,250000.0,2,0
30301.5,240000.0,2,300000.0,2,0
30303.0,184000.0,2,230000.0,2,0
30304.5,184000.0,2,230000.0,2,0
30306.0,80000.0,2,100000.0,2,0
30307.5,16000.0,2,20000.0,2,0
30309.0,40000.0,2,50000.0,2,0
30310.5,56000.0,2,70000.0,2,1
30312.0,136000.0,2,170000.0,2,1
30313.5,88000.0,2,110000.0,2,0
30315.0,24000.0,2,30000.0,2,0
30316.5,48000.0,2,60000.0,2,1
30318.0,56000.0,2,70000.0,2,0
30319.5,16000.0,2,20000.0,2,1
30321.0,24000.0,2,30000.0,2,0
30322.5,24000.0,2,30000.0,2,1
30324.0,392000.0,2,490000.0,2,0
30325.5,224000.0,2,280000.0,2,0
30327.0,120000.0,2,150000.0,2,0
30328.5,192000.0,2,240000.0,2,0
30330.0,184000.0,2,230000.0,2,0
30331.5,80000.0,2,100000.0,2,1
30333.0,48000.0,2,60000.0,2,0
30334.5,40000.0,2,50000.0,2,0
30336.0,56000.0,2,70000.0,2,0
30337.5,40000.0,2,50000.0,2,0
30339.0,88000.0,2,110000.0,2,0
30340.5,160000.0,2,200000.0,2,0
30342.0,176000.0,2,220000.0,2,0
30343.5,24000.0,2,30000.0,2,0
30345.0,16000.0,2,20000.0,2,1
30346.5,16000.0,2,20000.0,2,0
30348.0,16000.0,2,20000.0,2,0
30349.5,224000.0,2,280000.0,2,1
30351.0,80000.0,2,100000.0,2,0
30352.5,240000.0,2,300000.0,2,0
30354.0,160000.0,2,200000.0,2,0
30355.5,40000.0,2,50000.0,2,0
30357.0,16000.0,2,20000.0,2,0
30358.5,24000.0,2,30000.0,2,0
30360.0,344000.0,2,430000.0,2,0
30361.5,72000.0,2,90000.0,2,0
30363.0,224000.0,2,280000.0,2,0
30364.5,16000.0,2,20000.0,2,0
30366.0,120000.0,2,150000.0,2,0
30367.5,240000.0,2,300000.0,2,0
30369.0,64000.0,2,80000.0,2,0
30370.5,224000.0,2,280000.0,2,0
30372.0,96000.0,2,120000.0,2,0
30373.5,168000.0,2,210000.0,2,1
30375.0,32000.0,2,40000.0,2,0
30376.5,80000.0,2,100000.0,2,0
30378.0,72000.0,2,90000.0,2,1
30379.5,64000.0,2,80000.0,2,1
30381.0,136000.0,2,170000.0,2,0
30382.5,280000.0,2,350000.0,2,1
30384.0,64000.0,2,80000.0,2,0
30385.5,24000.0,2,30000.0,2,0
30387.0,400000.0,2,500000.0,2,1
30388.5,144000.0,2,180000.0,2,0
30390.0,64000.0,2,80000.0,2,0
30391.5,120000.0,2,150000.0,2,0
30393.0,480000.0,2,600000.0,2,0
30394.5,40000.0,2,50000.0,2,0
30396.0,16000.0,2,20000.0,2,0
30397.5,120000.0,2,150000.0,2,0
30399.0,80000.0,2,100000.0,2,0
30400.5,16000.0,2,20000.0,2,1
30402.0,64000.0,2,80000.0,2,0
30403.5,40000.0,2,50000.0,2,0
30405.0,120000.0,2,150000.0,2,0
30406.5,72000.0,2,90000.0,2,0
30408.0,64000.0,2,80000.0,2,0
30409.5,152000.0,2,190000.0,2,1
30411.0,256000.0,2,320000.0,2,0
30412.5,400000.0,2,500000.0,2,0
30414.0,40000.0,2,50000.0,2,1
30415.5,48000.0,2,60000.0,2,0
30417.0,80000.0,2,100000.0,2,0
30418.5,120000.0,2,150000.0,2,1
30420.0,224000.0,2,280000.0,2,0
30421.5,80000.0,2,100000.0,2,0
30423.0,24000.0,2,30000.0,2,1
30424.5,40000.0,2,50000.0,2,1
30426.0,48000.0,2,60000.0,2,0
30427.5,32000.0,2,40000.0,2,0
30429.0,128000.0,2,160000.0,2,0
30430.5,120000.0,2,150000.0,2,0
30432.0,160000.0,2,200000.0,2,1
30433.5,48000.0,2,60000.0,2,0
30435.0,168000.0,2,210000.0,2,0
30436.5,40000.0,2,50000.0,2,0
30438.0,288000.0,2,360000.0,2,0
30439.5,64000.0,2,80000.0,2,0
30441.0,288000.0,2,360000.0,2,1
30442.5,112000.0,2,140000.0,2,0
30444.0,208000.0,2,260000.0,2,1
30445.5,144000.0,2,180000.0,2,0
30447.0,240000.0,2,300000.0,2,0
30448.5,160000.0,2,200000.0,2,0
30450.0,312000.0,2,390000.0,2,0
30451.5,104000.0,2,130000.0,2,0
30453.0,104000.0,2,130000.0,2,0
30454.5,192000.0,2,240000.0,2,0
30456.0,64000.0,2,80000.0,2,0
30457.5,280000.0,2,350000.0,2,0
30459.0,88000.0,2,110000.0,2,0
30460.5,24000.0,2,30000.0,2,1
30462.0,104000.0,2,130000.0,2,0
30463.5,64000.0,2,80000.0,2,0
30465.0,48000.0,2,60000.0,2,0
30466.5,144000.0,2,180000.0,2,0
30468.0,40000.0,2,50000.0,2,0
30469.5,56000.0,2,70000.0,2,0
30471.0,216000.0,2,270000.0,2,1
30472.5,88000.0,2,110000.0,2,1
30474.0,120000.0,2,150000.0,2,0
30475.5,120000.0,2,150000.0,2,0
30477.0,136000.0,2,170000.0,2,0
30478.5,56000.0,2,70000.0,2,1
30480.0,288000.0,2,360000.0,2,0
30481.5,160000.0,2,200000.0,2,0
30483.0,160000.0,2,200000.0,2,0
30484.5,112000.0,2,140000.0,2,1
30486.0,288000.0,2,360000.0,2,0
30487.5,144000.0,2,180000.0,2,0
30489.0,64000.0,2,80000.0,2,0
30490.5,312000.0,2,390000.0,2,0
30492.0,352000.0,2,440000.0,2,0
30493.5,40000.0,2,50000.0,2,0
30495.0,64000.0,2,80000.0,2,0
30496.5,184000.0,2,230000.0,2,0
30498.0,72000.0,2,90000.0,2,0
30499.5,64000.0,2,80000.0,2,0
30501.0,280000.0,2,350000.0,2,0
30502.5,352000.0,2,440000.0,2,0
30504.0,72000.0,2,90000.0,2,1
30505.5,32000.0,2,40000.0,2,1
30507.0,40000.0,2,50000.0,2,1
30508.5,40000.0,2,50000.0,2,0
30510.0,80000.0,2,100000.0,2,1
30511.5,160000.0,2,200000.0,2,0
30513.0,144000.0,2,180000.0,2,0
30514.5,144000.0,2,180000.0,2,1
30516.0,16000.0,2,20000.0,2,0
30517.5,96000.0,2,120000.0,2,0
30519.0,64000.0,2,80000.0,2,0
30520.5,48000.0,2,60000.0,2,0
30522.0,112000.0,2,140000.0,2,0
30523.5,176000.0,1,220000.0,1,0
30525.0,64000.0,1,80000.0,1,0
30526.5,288000.0,1,360000.0,1,0
30528.0,48000.0,1,60000.0,1,0
30529.5,40000.0,1,50000.0,1,0
30531.0,16000.0,1,20000.0,1,0
30532.5,40000.0,1,50000.0,1,0
30534.0,288000.0,1,360000.0,1,0
30535.5,40000.0,1,50000.0,1,0
30537.0,104000.0,1,130000.0,1,1
30538.5,16000.0,1,20000.0,1,1
30540.0,16000.0,1,20000.0,1,1
30541.5,240000.0,1,300000.0,1,0
30543.0,200000.0,1,250000.0,1,1
30544.5,80000.0,1,100000.0,1,1
30546.0,64000.0,1,80000.0,1,1
30547.5,16000.0,1,20000.0,1,1
30549.0,40000.0,1,50000.0,1,0
30550.5,40000.0,1,50000.0,1,1
30552.0,16000.0,1,20000.0,1,1
30553.5,40000.0,1,50000.0,1,1
30555.0,144000.0,1,180000.0,1,0
30556.5,40000.0,1,50000.0,1,1
30558.0,16000.0,1,20000.0,1,1
30559.5,16000.0,1,20000.0,1,0
30561.0,8000.0,1,10000.0,1,1
30562.5,8000.0,1,10000.0,1,0
30564.0,16000.0,1,20000.0,1,0
30565.5,120000.0,1,150000.0,1,0
30567.0,8000.0,1,10000.0,1,1
30568.5,16000.0,1,20000.0,1,0
30570.0,16000.0,1,20000.0,1,0
30571.5,40000.0,1,50000.0,1,1
30573.0,8000.0,1,10000.0,1,1
30574.5,40000.0,1,50000.0,1,0
30576.0,16000.0,1,20000.0,1,0
30577.5,72000.0,1,90000.0,1,1
30579.0,24000.0,1,30000.0,1,0
30580.5,88000.0,1,110000.0,1,0
30582.0,8000.0,1,10000.0,1,1
30583.5,16000.0,1,20000.0,1,1
30585.0,8000.0,1,10000.0,1,0
30586.5,64000.0,1,80000.0,1,0
30588.0,16000.0,1,20000.0,1,0
30589.5,192000.0,1,240000.0,1,0
30591.0,136000.0,1,170000.0,1,0
30592.5,64000.0,1,80000.0,1,0
30594.0,16000.0,1,20000.0,1,0
30595.5,16000.0,1,20000.0,1,0
30597.0,384000.0,1,480000.0,1,0
30598.5,16000.0,1,20000.0,1,1
30600.0,16000.0,1,20000.0,1,0
30601.5,80000.0,1,100000.0,1,0
30603.0,40000.0,1,50000.0,1,0
30604.5,64000.0,1,80000.0,1,0
30606.0,160000.0,1,200000.0,1,0
30607.5,120000.0,1,150000.0,1,0
30609.0,24000.0,1,30000.0,1,0
30610.5,112000.0,1,140000.0,1,0
30612.0,8000.0,1,10000.0,1,0
30613.5,16000.0,1,20000.0,1,1
30615.0,40000.0,1,50000.0,1,0
30616.5,104000.0,1,130000.0,1,0
30618.0,40000.0,1,50000.0,1,0
30619.5,128000.0,1,160000.0,1,0
30621.0,24000.0,1,30000.0,1,0
30622.5,64000.0,1,80000.0,1,0
30624.0,16000.0,1,20000.0,1,0
30625.5,16000.0,1,20000.0,1,0
30627.0,8000.0,1,10000.0,1,0
30628.5,88000.0,1,110000.0,1,0
30630.0,40000.0,1,50000.0,1,0
30631.5,32000.0,1,40000.0,1,0
30633.0,96000.0,1,120000.0,1,0
30634.5,40000.0,1,50000.0,1,0
30636.0,216000.0,1,270000.0,1,0
30637.5,160000.0,1,200000.0,1,1
30639.0,16000.0,1,20000.0,1,0
30640.5,24000.0,1,30000.0,1,0
30642.0,16000.0,1,20000.0,1,1
30643.5,16000.0,1,20000.0,1,1
30645.0,8000.0,1,10000.0,1,1
30646.5,40000.0,1,50000.0,1,0
30648.0,48000.0,1,60000.0,1,0
30649.5,160000.0,1,200000.0,1,0
30651.0,88000.0,1,110000.0,1,0
30652.5,168000.0,1,210000.0,1,0
30654.0,16000.0,1,20000.0,1,0
30655.5,240000.0,1,300000.0,1,0
30657.0,24000.0,1,30000.0,1,1
30658.5,40000.0,1,50000.0,1,0
30660.0,64000.0,1,80000.0,1,1
30661.5,40000.0,1,50000.0,1,1
30663.0,184000.0,1,230000.0,1,0
30664.5,88000.0,1,110000.0,1,0
30666.0,112000.0,1,140000.0,1,0
30667.5,112000.0,1,140000.0,1,0
30669.0,288000.0,1,360000.0,1,0
30670.5,72000.0,1,90000.0,1,1
30672.0,8000.0,1,10000.0,1,0
30673.5,144000.0,1,180000.0,1,0
30675.0,96000.0,1,120000.0,1,0
30676.5,104000.0,1,130000.0,1,0
30678.0,72000.0,1,90000.0,1,0
30679.5,136000.0,1,170000.0,1,1
30681.0,40000.0,1,50000.0,1,0
30682.5,320000.0,1,400000.0,1,0
30684.0,8000.0,1,10000.0,1,0
30685.5,288000.0,1,360000.0,1,0
30687.0,80000.0,1,100000.0,1,0
30688.5,64000.0,1,80000.0,1,0
30690.0,16000.0,1,20000.0,1,0
30691.5,40000.0,1,50000.0,1,0
30693.0,40000.0,1,50000.0,1,0
30694.5,40000.0,1,50000.0,1,0
30696.0,80000.0,1,100000.0,1,1
30697.5,120000.0,1,150000.0,1,1
30699.0,152000.0,1,190000.0,1,0
30700.5,64000.0,1,80000.0,1,0
30702.0,8000.0,1,10000.0,1,0
30703.5,40000.0,1,50000.0,1,0
30705.0,112000.0,1,140000.0,1,0
30706.5,64000.0,1,80000.0,1,0
30708.0,40000.0,1,50000.0,1,0
30709.5,64000.0,1,80000.0,1,1
30711.0,16000.0,1,20000.0,1,0
30712.5,136000.0,1,170000.0,1,1
30714.0,168000.0,1,210000.0,1,1
30715.5,184000.0,1,230000.0,1,0
30717.0,40000.0,1,50000.0,1,0
30718.5,24000.0,1,30000.0,1,0
30720.0,40000.0,1,50000.0,1,0
30721.5,40000.0,1,50000.0,1,1
30723.0,16000.0,1,20000.0,1,0
30724.5,128000.0,1,160000.0,1,0
30726.0,56000.0,1,70000.0,1,1
30727.5,232000.0,1,290000.0,1,0
30729.0,96000.0,1,120000.0,1,0
30730.5,40000.0,1,50000.0,1,0
30732.0,88000.0,1,110000.0,1,0
30733.5,128000.0,1,160000.0,1,0
30735.0,24000.0,1,30000.0,1,0
30736.5,168000.0,1,210000.0,1,0
30738.0,120000.0,1,150000.0,1,0
30739.5,96000.0,1,120000.0,1,1
30741.0,80000.0,1,100000.0,1,1
30742.5,96000.0,1,120000.0,1,1
30744.0,176000.0,1,220000.0,1,0
30745.5,112000.0,1,140000.0,1,1
30747.0,16000.0,1,20000.0,1,1
30748.5,264000.0,1,330000.0,1,0
30750.0,168000.0,1,210000.0,1,0
30751.5,344000.0,1,430000.0,1,0
30753.0,120000.0,1,150000.0,1,0
30754.5,168000.0,1,210000.0,1,0
30756.0,192000.0,1,240000.0,1,0
30757.5,112000.0,1,140000.0,1,1
30759.0,40000.0,1,50000.0,1,1
30760.5,320000.0,1,400000.0,1,0
30762.0,128000.0,1,160000.0,1,0
30763.5,104000.0,1,130000.0,1,0
30765.0,128000.0,1,160000.0,1,0
30766.5,24000.0,1,30000.0,1,0
30768.0,16000.0,1,20000.0,1,1
30769.5,160000.0,1,200000.0,1,0
30771.0,16000.0,1,20000.0,1,0
30772.5,104000.0,1,130000.0,1,0
30774.0,80000.0,1,100000.0,1,0
30775.5,120000.0,1,150000.0,1,0
30777.0,80000.0,1,100000.0,1,0
30778.5,32000.0,1,40000.0,1,1
30780.0,40000.0,1,50000.0,1,0
30781.5,120000.0,1,150000.0,1,1
30783.0,40000.0,1,50000.0,1,0
30784.5,40000.0,1,50000.0,1,0
30786.0,48000.0,1,60000.0,1,1
30787.5,256000.0,1,320000.0,1,0
30789.0,72000.0,1,90000.0,1,1
30790.5,128000.0,1,160000.0,1,0
30792.0,24000.0,1,30000.0,1,1
30793.5,40000.0,1,50000.0,1,0
30795.0,16000.0,1,20000.0,1,0
30796.5,120000.0,1,150000.0,1,0
30798.0,56000.0,1,70000.0,1,0
30799.5,144000.0,1,180000.0,1,0
30801.0,256000.0,1,320000.0,1,0
30802.5,72000.0,1,90000.0,1,0
30804.0,168000.0,1,210000.0,1,0
30805.5,144000.0,1,180000.0,1,0
30807.0,288000.0,1,360000.0,1,0
30808.5,80000.0,1,100000.0,1,0
30810.0,240000.0,1,300000.0,1,0
30811.5,128000.0,1,160000.0,1,0
30813.0,40000.0,1,50000.0,1,1
30814.5,40000.0,1,50000.0,1,1
30816.0,128000.0,1,160000.0,1,0
30817.5,128000.0,1,160000.0,1,0
30819.0,16000.0,1,20000.0,1,0
30820.5,200000.0,1,250000.0,1,0
30822.0,40000.0,1,50000.0,1,0
30823.5,24000.0,1,30000.0,1,0
30825.0,40000.0,1,50000.0,1,0
30826.5,40000.0,1,50000.0,1,0
30828.0,40000.0,1,50000.0,1,0
30829.5,160000.0,1,200000.0,1,0
30831.0,64000.0,1,80000.0,1,0
30832.5,176000.0,1,220000.0,1,0
30834.0,48000.0,1,60000.0,1,0
30835.5,184000.0,1,230000.0,1,0
30837.0,168000.0,1,210000.0,1,0
30838.5,40000.0,1,50000.0,1,0
30840.0,16000.0,1,20000.0,1,1
30841.5,256000.0,1,320000.0,1,0
30843.0,144000.0,1,180000.0,1,0
30844.5,112000.0,1,140000.0,1,0
30846.0,24000.0,1,30000.0,1,0
30847.5,40000.0,1,50000.0,1,0
30849.0,136000.0,1,170000.0,1,0
30850.5,64000.0,1,80000.0,1,1
30852.0,232000.0,1,290000.0,1,0
30853.5,16000.0,1,20000.0,1,1
30855.0,16000.0,1,20000.0,1,0
30856.5,80000.0,1,100000.0,1,0
30858.0,8000.0,1,10000.0,1,0
30859.5,24000.0,1,30000.0,1,1
30861.0,144000.0,1,180000.0,1,0
30862.5,128000.0,1,160000.0,1,0
30864.0,312000.0,1,390000.0,1,0
30865.5,72000.0,1,90000.0,1,0
30867.0,248000.0,1,310000.0,1,0
30868.5,80000.0,1,100000.0,1,0
30870.0,40000.0,1,50000.0,1,0
30871.5,400000.0,1,500000.0,1,0
30873.0,96000.0,1,120000.0,1,0
30874.5,64000.0,1,80000.0,1,0
30876.0,112000.0,1,140000.0,1,0
30877.5,40000.0,1,50000.0,1,0
30879.0,320000.0,1,400000.0,1,0
30880.5,304000.0,1,380000.0,1,0
30882.0,80000.0,1,100000.0,1,0
30883.5,88000.0,1,110000.0,1,0
30885.0,104000.0,1,130000.0,1,0
30886.5,160000.0,1,200000.0,1,0
30888.0,136000.0,1,170000.0,1,0
30889.5,40000.0,1,50000.0,1,0
30891.0,112000.0,1,140000.0,1,0
30892.5,40000.0,1,50000.0,1,1
30894.0,80000.0,1,100000.0,1,0
30895.5,160000.0,1,200000.0,1,1
30897.0,56000.0,1,70000.0,1,1
30898.5,256000.0,1,320000.0,1,0
30900.0,72000.0,1,90000.0,1,0
30901.5,176000.0,1,220000.0,1,1
30903.0,136000.0,1,170000.0,1,0
30904.5,120000.0,1,150000.0,1,0
30906.0,144000.0,1,180000.0,1,1
30907.5,88000.0,1,110000.0,1,0
30909.0,160000.0,1,200000.0,1,1
30910.5,120000.0,1,150000.0,1,0
30912.0,208000.0,1,260000.0,1,0
30913.5,288000.0,1,360000.0,1,0
30915.0,104000.0,1,130000.0,1,0
30916.5,400000.0,1,500000.0,1,0
30918.0,272000.0,1,340000.0,1,1
30919.5,56000.0,1,70000.0,1,0
30921.0,72000.0,1,90000.0,1,0
30922.5,40000.0,1,50000.0,1,1
30924.0,136000.0,1,170000.0,1,0
30925.5,40000.0,1,50000.0,1,0
30927.0,72000.0,1,90000.0,1,0
30928.5,160000.0,1,200000.0,1,0
30930.0,16000.0,1,20000.0,1,0
30931.5,224000.0,1,280000.0,1,1
30933.0,160000.0,1,200000.0,1,0
30934.5,40000.0,1,50000.0,1,1
30936.0,80000.0,1,100000.0,1,0
30937.5,96000.0,1,120000.0,1,0
30939.0,24000.0,1,30000.0,1,0
30940.5,128000.0,1,160000.0,1,0
30942.0,288000.0,1,360000.0,1,0
30943.5,160000.0,1,200000.0,1,1
30945.0,176000.0,1,220000.0,1,0
30946.5,64000.0,1,80000.0,1,0
30948.0,128000.0,1,160000.0,1,0
30949.5,208000.0,1,260000.0,1,0
30951.0,96000.0,1,120000.0,1,0
30952.5,64000.0,1,80000.0,1,0
30954.0,16000.0,1,20000.0,1,0
30955.5,80000.0,1,100000.0,1,0
30957.0,40000.0,1,50000.0,1,0
30958.5,40000.0,1,50000.0,1,0
30960.0,208000.0,1,260000.0,1,1
30961.5,40000.0,1,50000.0,1,0
30963.0,152000.0,1,190000.0,1,0
30964.5,160000.0,1,200000.0,1,0
30966.0,112000.0,1,140000.0,1,0
30967.5,104000.0,1,130000.0,1,1
30969.0,40000.0,1,50000.0,1,1
30970.5,80000.0,1,100000.0,1,0
30972.0,160000.0,1,200000.0,1,0
30973.5,8000.0,1,10000.0,1,0
30975.0,16000.0,1,20000.0,1,0
30976.5,16000.0,1,20000.0,1,0
30978.0,24000.0,1,30000.0,1,1
30979.5,24000.0,1,30000.0,1,1
30981.0,248000.0,1,310000.0,1,0
30982.5,40000.0,1,50000.0,1,1
30984.0,256000.0,1,320000.0,1,0
30985.5,128000.0,1,160000.0,1,1
30987.0,40000.0,1,50000.0,1,0
30988.5,16000.0,1,20000.0,1,1
30990.0,264000.0,1,330000.0,1,0
30991.5,8000.0,1,10000.0,1,1
30993.0,80000.0,1,100000.0,1,0
30994.5,104000.0,1,130000.0,1,0
30996.0,16000.0,1,20000.0,1,1
30997.5,296000.0,1,370000.0,1,1
30999.0,152000.0,1,190000.0,1,0
31000.5,40000.0,1,50000.0,1,0
31002.0,144000.0,1,180000.0,1,0
31003.5,48000.0,1,60000.0,1,1
31005.0,136000.0,1,170000.0,1,0
31006.5,56000.0,1,70000.0,1,1
31008.0,120000.0,1,150000.0,1,1
31009.5,80000.0,1,100000.0,1,1
31011.0,16000.0,1,20000.0,1,1
31012.5,264000.0,1,330000.0,1,0
31014.0,16000.0,1,20000.0,1,1
31015.5,160000.0,1,200000.0,1,0
31017.0,72000.0,1,90000.0,1,1
31018.5,72000.0,1,90000.0,1,1
31020.0,120000.0,1,150000.0,1,0
31021.5,16000.0,1,20000.0,1,1
31023.0,40000.0,1,50000.0,1,0
31024.5,16000.0,1,20000.0,1,0
31026.0,144000.0,1,180000.0,1,0
31027.5,40000.0,1,50000.0,1,1
31029.0,144000.0,1,180000.0,1,0
31030.5,160000.0,1,200000.0,1,1
31032.0,144000.0,1,180000.0,1,0
31033.5,352000.0,1,440000.0,1,0
31035.0,24000.0,1,30000.0,1,1
31036.5,216000.0,1,270000.0,1,0
31038.0,104000.0,1,130000.0,1,0
31039.5,40000.0,1,50000.0,1,0
31041.0,104000.0,1,130000.0,1,0
31042.5,152000.0,1,190000.0,1,1
31044.0,40000.0,1,50000.0,1,1
31045.5,40000.0,1,50000.0,1,0
31047.0,40000.0,1,50000.0,1,0
31048.5,64000.0,1,80000.0,1,1
31050.0,56000.0,1,70000.0,1,0
31051.5,40000.0,1,50000.0,1,0
31053.0,24000.0,1,30000.0,1,0
31054.5,248000.0,1,310000.0,1,0
31056.0,96000.0,1,120000.0,1,1
31057.5,224000.0,1,280000.0,1,0
31059.0,72000.0,1,90000.0,1,0
31060.5,224000.0,1,280000.0,1,0
31062.0,8000.0,1,10000.0,1,1
31063.5,272000.0,1,340000.0,1,0
31065.0,56000.0,1,70000.0,1,1
31066.5,448000.0,1,560000.0,1,0
31068.0,288000.0,1,360000.0,1,0
31069.5,56000.0,1,70000.0,1,0
31071.0,176000.0,1,220000.0,1,0
31072.5,160000.0,1,200000.0,1,0
31074.0,144000.0,1,180000.0,1,0
31075.5,168000.0,1,210000.0,1,0
31077.0,80000.0,1,100000.0,1,0
31078.5,40000.0,1,50000.0,1,0
31080.0,40000.0,1,50000.0,1,0
31081.5,168000.0,1,210000.0,1,0
31083.0,16000.0,1,20000.0,1,1
31084.5,136000.0,1,170000.0,1,0
31086.0,144000.0,1,180000.0,1,0
31087.5,216000.0,1,270000.0,1,1
31089.0,360000.0,1,450000.0,1,0
31090.5,48000.0,1,60000.0,1,1
31092.0,24000.0,1,30000.0,1,0
31093.5,40000.0,1,50000.0,1,0
31095.0,224000.0,1,280000.0,1,0
31096.5,336000.0,1,420000.0,1,0
31098.0,40000.0,1,50000.0,1,0
31099.5,96000.0,1,120000.0,1,0
31101.0,40000.0,1,50000.0,1,1
31102.5,96000.0,1,120000.0,1,0
31104.0,80000.0,1,100000.0,1,0
31105.5,16000.0,1,20000.0,1,0
31107.0,16000.0,1,20000.0,1,0
31108.5,24000.0,1,30000.0,1,1
31110.0,192000.0,1,240000.0,1,0
31111.5,288000.0,1,360000.0,1,0
31113.0,40000.0,1,50000.0,1,1
31114.5,144000.0,1,180000.0,1,1
31116.0,176000.0,1,220000.0,1,0
31117.5,360000.0,1,450000.0,1,1
31119.0,24000.0,1,30000.0,1,0
31120.5,40000.0,1,50000.0,1,0
31122.0,288000.0,1,360000.0,1,0
31123.5,288000.0,1,360000.0,1,0
31125.0,16000.0,1,20000.0,1,0
31126.5,184000.0,1,230000.0,1,0
31128.0,40000.0,1,50000.0,1,1
31129.5,336000.0,1,420000.0,1,0
31131.0,16000.0,1,20000.0,1,1
31132.5,16000.0,1,20000.0,1,1
31134.0,56000.0,1,70000.0,1,0
31135.5,32000.0,1,40000.0,1,1
31137.0,16000.0,1,20000.0,1,1
31138.5,112000.0,1,140000.0,1,0
31140.0,104000.0,1,130000.0,1,0
31141.5,192000.0,1,240000.0,1,0
31143.0,16000.0,1,20000.0,1,1
31144.5,184000.0,1,230000.0,1,0
31146.0,400000.0,1,500000.0,1,0
31147.5,16000.0,1,20000.0,1,1
31149.0,40000.0,1,50000.0,1,0
31150.5,104000.0,1,130000.0,1,0
31152.0,320000.0,1,400000.0,1,1
31153.5,40000.0,1,50000.0,1,0
31155.0,288000.0,1,360000.0,1,0
31156.5,40000.0,1,50000.0,1,1
31158.0,16000.0,1,20000.0,1,0
31159.5,128000.0,1,160000.0,1,1
31161.0,336000.0,1,420000.0,1,0
31162.5,120000.0,1,150000.0,1,1
31164.0,152000.0,1,190000.0,1,0
31165.5,16000.0,1,20000.0,1,1
31167.0,328000.0,1,410000.0,1,0
31168.5,216000.0,1,270000.0,1,0
31170.0,96000.0,1,120000.0,1,0
31171.5,24000.0,1,30000.0,1,0
31173.0,192000.0,1,240000.0,1,0
31174.5,240000.0,1,300000.0,1,0
31176.0,400000.0,1,500000.0,1,0
31177.5,560000.0,1,700000.0,1,0
31179.0,88000.0,1,110000.0,1,0
31180.5,392000.0,1,490000.0,1,0
31182.0,400000.0,1,500000.0,1,0
31183.5,40000.0,1,50000.0,1,1
31185.0,344000.0,1,430000.0,1,0
31186.5,160000.0,1,200000.0,1,0
31188.0,216000.0,1,270000.0,1,0
31189.5,176000.0,1,220000.0,1,0
31191.0,16000.0,1,20000.0,1,0
31192.5,224000.0,1,280000.0,1,0
31194.0,56000.0,1,70000.0,1,0
31195.5,336000.0,1,420000.0,1,0
31197.0,72000.0,1,90000.0,1,1
31198.5,8000.0,1,10000.0,1,0
31200.0,96000.0,1,120000.0,1,1
31201.5,272000.0,1,340000.0,1,0
31203.0,280000.0,1,350000.0,1,0
31204.5,80000.0,1,100000.0,1,1
31206.0,48000.0,1,60000.0,1,1
31207.5,232000.0,1,290000.0,1,1
31209.0,24000.0,1,30000.0,1,1
31210.5,144000.0,1,180000.0,1,1
31212.0,40000.0,1,50000.0,1,1
31213.5,128000.0,1,160000.0,1,1
31215.0,24000.0,1,30000.0,1,0
31216.5,192000.0,1,240000.0,1,1
31218.0,208000.0,1,260000.0,1,0
31219.5,16000.0,1,20000.0,1,1
31221.0,40000.0,1,50000.0,1,0
31222.5,144000.0,1,180000.0,1,0
31224.0,88000.0,1,110000.0,1,0
31225.5,104000.0,1,130000.0,1,0
31227.0,24000.0,1,30000.0,1,0
31228.5,104000.0,1,130000.0,1,0
31230.0,136000.0,1,170000.0,1,1
31231.5,192000.0,1,240000.0,1,0
31233.0,288000.0,1,360000.0,1,0
31234.5,120000.0,1,150000.0,1,0
31236.0,56000.0,1,70000.0,1,1
31237.5,176000.0,1,220000.0,1,0
31239.0,64000.0,1,80000.0,1,0
31240.5,144000.0,1,180000.0,1,0
31242.0,312000.0,1,390000.0,1,0
31243.5,16000.0,1,20000.0,1,1
31245.0,80000.0,1,100000.0,1,0
31246.5,8000.0,1,10000.0,1,0
31248.0,64000.0,1,80000.0,1,0
31249.5,264000.0,1,330000.0,1,0
31251.0,16000.0,1,20000.0,1,1
31252.5,216000.0,1,270000.0,1,0
31254.0,224000.0,1,280000.0,1,0
31255.5,144000.0,1,180000.0,1,0
31257.0,280000.0,1,350000.0,1,0
31258.5,160000.0,1,200000.0,1,1
31260.0,40000.0,1,50000.0,1,1
31261.5,400000.0,1,500000.0,1,0
31263.0,112000.0,1,140000.0,1,0
31264.5,144000.0,1,180000.0,1,1
31266.0,432000.0,1,540000.0,1,0
31267.5,24000.0,1,30000.0,1,0
31269.0,216000.0,1,270000.0,1,0
31270.5,168000.0,1,210000.0,1,0
31272.0,128000.0,1,160000.0,1,0
31273.5,40000.0,1,50000.0,1,0
31275.0,40000.0,1,50000.0,1,0
31276.5,160000.0,1,200000.0,1,0
31278.0,192000.0,1,240000.0,1,1
31279.5,40000.0,1,50000.0,1,1
31281.0,64000.0,1,80000.0,1,0
31282.5,64000.0,1,80000.0,1,1
31284.0,64000.0,1,80000.0,1,1
31285.5,160000.0,1,200000.0,1,0
31287.0,160000.0,1,200000.0,1,1
31288.5,232000.0,1,290000.0,1,0
31290.0,64000.0,1,80000.0,1,0
31291.5,200000.0,1,250000.0,1,0
31293.0,40000.0,1,50000.0,1,0
31294.5,192000.0,1,240000.0,1,0
31296.0,104000.0,1,130000.0,1,0
31297.5,152000.0,1,190000.0,1,0
31299.0,16000.0,1,20000.0,1,0
31300.5,48000.0,1,60000.0,1,0
31302.0,136000.0,1,170000.0,1,0
31303.5,40000.0,1,50000.0,1,0
31305.0,192000.0,1,240000.0,1,0
31306.5,160000.0,1,200000.0,1,1
31308.0,104000.0,1,130000.0,1,0
31309.5,288000.0,1,360000.0,1,0
31311.0,160000.0,1,200000.0,1,0
31312.5,128000.0,1,160000.0,1,0
31314.0,184000.0,1,230000.0,1,0
31315.5,224000.0,1,280000.0,1,0
31317.0,168000.0,1,210000.0,1,0
31318.5,304000.0,1,380000.0,1,0
31320.0,216000.0,1,270000.0,1,1
31321.5,120000.0,1,150000.0,1,0
31323.0,88000.0,1,110000.0,1,0
31324.5,400000.0,1,500000.0,1,0
31326.0,80000.0,1,100000.0,1,1
31327.5,104000.0,1,130000.0,1,0
31329.0,160000.0,1,200000.0,1,1
31330.5,224000.0,1,280000.0,1,0
31332.0,336000.0,1,420000.0,1,0
31333.5,304000.0,1,380000.0,1,0
31335.0,176000.0,1,220000.0,1,1
31336.5,248000.0,1,310000.0,1,0
31338.0,248000.0,1,310000.0,1,0
31339.5,440000.0,1,550000.0,1,0
31341.0,136000.0,1,170000.0,1,0
31342.5,40000.0,1,50000.0,1,0
31344.0,312000.0,1,390000.0,1,0
31345.5,16000.0,1,20000.0,1,0
31347.0,64000.0,1,80000.0,1,0
31348.5,160000.0,1,200000.0,1,0
31350.0,64000.0,1,80000.0,1,0
31351.5,160000.0,1,200000.0,1,0
31353.0,104000.0,1,130000.0,1,0
31354.5,160000.0,1,200000.0,1,1
31356.0,16000.0,1,20000.0,1,1
31357.5,248000.0,1,310000.0,1,0
31359.0,128000.0,1,160000.0,1,0
31360.5,152000.0,1,190000.0,1,1
31362.0,88000.0,1,110000.0,1,0
31363.5,120000.0,1,150000.0,1,0
31365.0,72000.0,1,90000.0,1,0
31366.5,120000.0,1,150000.0,1,0
31368.0,128000.0,1,160000.0,1,1
31369.5,144000.0,1,180000.0,1,0
31371.0,16000.0,1,20000.0,1,1
31372.5,40000.0,1,50000.0,1,1
31374.0,336000.0,1,420000.0,1,0
31375.5,24000.0,1,30000.0,1,0
31377.0,16000.0,1,20000.0,1,1
31378.5,160000.0,1,200000.0,1,0
31380.0,40000.0,1,50000.0,1,1
31381.5,400000.0,1,500000.0,1,1
31383.0,24000.0,1,30000.0,1,0
31384.5,288000.0,1,360000.0,1,1
31386.0,104000.0,1,130000.0,1,0
31387.5,16000.0,1,20000.0,1,0
31389.0,160000.0,1,200000.0,1,0
31390.5,272000.0,1,340000.0,1,0
31392.0,40000.0,1,50000.0,1,0
31393.5,288000.0,1,360000.0,1,0
31395.0,160000.0,1,200000.0,1,0
31396.5,40000.0,1,50000.0,1,1
31398.0,448000.0,1,560000.0,1,0
31399.5,104000.0,1,130000.0,1,1
31401.0,16000.0,1,20000.0,1,0
31402.5,288000.0,1,360000.0,1,0
31404.0,40000.0,1,50000.0,1,0
31405.5,56000.0,1,70000.0,1,1
31407.0,224000.0,1,280000.0,1,0
31408.5,224000.0,1,280000.0,1,0
31410.0,40000.0,1,50000.0,1,0
31411.5,128000.0,1,160000.0,1,0
31413.0,192000.0,1,240000.0,1,0
31414.5,240000.0,1,300000.0,1,0
31416.0,224000.0,1,280000.0,1,1
31417.5,424000.0,1,530000.0,1,0
31419.0,96000.0,1,120000.0,1,0
31420.5,104000.0,1,130000.0,1,0
31422.0,400000.0,1,500000.0,1,0
31423.5,56000.0,1,70000.0,1,0
31425.0,8000.0,1,10000.0,1,0
31426.5,400000.0,1,500000.0,1,0
31428.0,272000.0,1,340000.0,1,0
31429.5,8000.0,1,10000.0,1,1
31431.0,112000.0,1,140000.0,1,0
31432.5,40000.0,1,50000.0,1,0
31434.0,216000.0,1,270000.0,1,1
31435.5,232000.0,1,290000.0,1,0
31437.0,40000.0,1,50000.0,1,0
31438.5,24000.0,1,30000.0,1,0
31440.0,232000.0,1,290000.0,1,0
31441.5,160000.0,1,200000.0,1,0
31443.0,40000.0,1,50000.0,1,0
31444.5,232000.0,1,290000.0,1,1
31446.0,104000.0,1,130000.0,1,0
31447.5,176000.0,1,220000.0,1,0
31449.0,200000.0,1,250000.0,1,0
31450.5,288000.0,1,360000.0,1,0
31452.0,120000.0,1,150000.0,1,1
31453.5,128000.0,1,160000.0,1,0
31455.0,288000.0,1,360000.0,1,0
31456.5,168000.0,1,210000.0,1,0
31458.0,48000.0,1,60000.0,1,0
31459.5,16000.0,1,20000.0,1,0
31461.0,40000.0,1,50000.0,1,1
31462.5,48000.0,1,60000.0,1,0
31464.0,368000.0,1,460000.0,1,0
31465.5,192000.0,1,240000.0,1,0
31467.0,24000.0,1,30000.0,1,1
31468.5,40000.0,1,50000.0,1,0
31470.0,96000.0,1,120000.0,1,1
31471.5,96000.0,1,120000.0,1,0
31473.0,184000.0,1,230000.0,1,1
31474.5,64000.0,1,80000.0,1,0
31476.0,16000.0,1,20000.0,1,1
31477.5,288000.0,1,360000.0,1,0
31479.0,400000.0,1,500000.0,1,0
31480.5,24000.0,1,30000.0,1,1
31482.0,136000.0,1,170000.0,1,0
31483.5,192000.0,1,240000.0,1,0
31485.0,184000.0,1,230000.0,1,0
31486.5,144000.0,1,180000.0,1,0
31488.0,168000.0,1,210000.0,1,1
31489.5,368000.0,1,460000.0,1,1
31491.0,160000.0,1,200000.0,1,1
31492.5,64000.0,1,80000.0,1,0
31494.0,40000.0,1,50000.0,1,1
31495.5,184000.0,1,230000.0,1,0
31497.0,64000.0,1,80000.0,1,0
31498.5,160000.0,1,200000.0,1,0
31500.0,40000.0,1,50000.0,1,0
31501.5,24000.0,1,30000.0,1,0
31503.0,224000.0,1,280000.0,1,1
31504.5,208000.0,1,260000.0,1,0
31506.0,160000.0,1,200000.0,1,1
31507.5,64000.0,1,80000.0,1,1
31509.0,160000.0,1,200000.0,1,0
31510.5,16000.0,1,20000.0,1,0
31512.0,160000.0,1,200000.0,1,1
31513.5,48000.0,1,60000.0,1,0
31515.0,40000.0,1,50000.0,1,0
31516.5,40000.0,1,50000.0,1,0
31518.0,40000.0,1,50000.0,1,0
31519.5,160000.0,1,200000.0,1,1
31521.0,104000.0,1,130000.0,1,1
31522.5,104000.0,1,130000.0,1,1
31524.0,40000.0,1,50000.0,1,1
31525.5,128000.0,1,160000.0,1,1
31527.0,40000.0,1,50000.0,1,1
31528.5,8000.0,1,10000.0,1,0
31530.0,160000.0,1,200000.0,1,0
31531.5,288000.0,1,360000.0,1,0
31533.0,184000.0,1,230000.0,1,0
31534.5,160000.0,1,200000.0,1,0
31536.0,40000.0,1,50000.0,1,1
31537.5,72000.0,1,90000.0,1,0
31539.0,216000.0,1,270000.0,1,0
31540.5,40000.0,1,50000.0,1,0
31542.0,40000.0,1,50000.0,1,1
31543.5,16000.0,1,20000.0,1,0
31545.0,40000.0,1,50000.0,1,1
31546.5,312000.0,1,390000.0,1,0
31548.0,40000.0,1,50000.0,1,0
31549.5,128000.0,1,160000.0,1,0
31551.0,16000.0,1,20000.0,1,1
31552.5,184000.0,1,230000.0,1,0
31554.0,40000.0,1,50000.0,1,0
31555.5,40000.0,1,50000.0,1,0
31557.0,64000.0,1,80000.0,1,0
31558.5,192000.0,1,240000.0,1,0
31560.0,72000.0,1,90000.0,1,1
31561.5,208000.0,1,260000.0,1,0
31563.0,40000.0,1,50000.0,1,0
31564.5,280000.0,1,350000.0,1,0
31566.0,16000.0,1,20000.0,1,0
31567.5,88000.0,1,110000.0,1,0
31569.0,64000.0,1,80000.0,1,0
31570.5,184000.0,1,230000.0,1,1
31572.0,296000.0,1,370000.0,1,0
31573.5,80000.0,1,100000.0,1,1
31575.0,392000.0,1,490000.0,1,1
31576.5,40000.0,1,50000.0,1,0
31578.0,160000.0,1,200000.0,1,0
31579.5,56000.0,1,70000.0,1,1
31581.0,168000.0,1,210000.0,1,0
31582.5,40000.0,1,50000.0,1,0
31584.0,40000.0,1,50000.0,1,0
31585.5,80000.0,1,100000.0,1,1
31587.0,128000.0,1,160000.0,1,1
31588.5,24000.0,1,30000.0,1,0
31590.0,176000.0,1,220000.0,1,1
31591.5,120000.0,1,150000.0,1,0
31593.0,240000.0,1,300000.0,1,0
31594.5,312000.0,1,390000.0,1,0
31596.0,144000.0,1,180000.0,1,0
31597.5,240000.0,1,300000.0,1,0
31599.0,120000.0,1,150000.0,1,0
31600.5,64000.0,1,80000.0,1,1
31602.0,200000.0,1,250000.0,1,0
31603.5,280000.0,1,350000.0,1,0
31605.0,304000.0,1,380000.0,1,0
31606.5,360000.0,1,450000.0,1,0
31608.0,272000.0,1,340000.0,1,0
31609.5,56000.0,1,70000.0,1,0
31611.0,256000.0,1,320000.0,1,1
31612.5,144000.0,1,180000.0,1,0
31614.0,288000.0,1,360000.0,1,0
31615.5,184000.0,1,230000.0,1,1
31617.0,224000.0,1,280000.0,1,0
31618.5,40000.0,1,50000.0,1,0
31620.0,208000.0,1,260000.0,1,1
31621.5,184000.0,1,230000.0,1,0
31623.0,192000.0,1,240000.0,1,0
31624.5,112000.0,1,140000.0,1,0
31626.0,288000.0,1,360000.0,1,0
31627.5,256000.0,1,320000.0,1,0
31629.0,248000.0,1,310000.0,1,0
31630.5,48000.0,1,60000.0,1,0
31632.0,304000.0,1,380000.0,1,0
31633.5,32000.0,1,40000.0,1,0
31635.0,120000.0,1,150000.0,1,0
31636.5,288000.0,1,360000.0,1,0
31638.0,160000.0,1,200000.0,1,0
31639.5,208000.0,1,260000.0,1,0
31641.0,344000.0,1,430000.0,1,0
31642.5,160000.0,1,200000.0,1,0
31644.0,304000.0,1,380000.0,1,0
31645.5,88000.0,1,110000.0,1,0
31647.0,160000.0,1,200000.0,1,0
31648.5,216000.0,1,270000.0,1,0
31650.0,96000.0,1,120000.0,1,0
31651.5,336000.0,1,420000.0,1,0
31653.0,16000.0,1,20000.0,1,0
31654.5,160000.0,1,200000.0,1,1
31656.0,64000.0,1,80000.0,1,0
31657.5,216000.0,1,270000.0,1,0
31659.0,24000.0,1,30000.0,1,1
31660.5,64000.0,1,80000.0,1,0
31662.0,24000.0,1,30000.0,1,1
31663.5,16000.0,1,20000.0,1,1
31665.0,16000.0,1,20000.0,1,1
31666.5,256000.0,1,320000.0,1,1
31668.0,96000.0,1,120000.0,1,0
31669.5,232000.0,1,290000.0,1,0
31671.0,304000.0,1,380000.0,1,0
31672.5,384000.0,1,480000.0,1,0
31674.0,280000.0,1,350000.0,1,0
31675.5,176000.0,1,220000.0,1,0
31677.0,288000.0,1,360000.0,1,1
31678.5,336000.0,1,420000.0,1,0
31680.0,128000.0,1,160000.0,1,1
31681.5,24000.0,1,30000.0,1,0
31683.0,136000.0,1,170000.0,1,0
31684.5,568000.0,1,710000.0,1,0
31686.0,280000.0,1,350000.0,1,0
31687.5,184000.0,1,230000.0,1,0
31689.0,24000.0,1,30000.0,1,0
31690.5,288000.0,1,360000.0,1,0
31692.0,400000.0,1,500000.0,1,0
31693.5,304000.0,1,380000.0,1,0
31695.0,192000.0,1,240000.0,1,0
31696.5,80000.0,1,100000.0,1,1
31698.0,160000.0,1,200000.0,1,1
31699.5,400000.0,1,500000.0,1,0
31701.0,176000.0,1,220000.0,1,1
31702.5,512000.0,1,640000.0,1,0
31704.0,272000.0,1,340000.0,1,1
31705.5,320000.0,1,400000.0,1,0
31707.0,160000.0,1,200000.0,1,0
31708.5,16000.0,1,20000.0,1,0
31710.0,168000.0,1,210000.0,1,0
31711.5,224000.0,1,280000.0,1,0
31713.0,120000.0,1,150000.0,1,0
31714.5,40000.0,1,50000.0,1,0
31716.0,48000.0,1,60000.0,1,1
31717.5,48000.0,1,60000.0,1,1
31719.0,160000.0,1,200000.0,1,0
31720.5,24000.0,1,30000.0,1,1
31722.0,104000.0,1,130000.0,1,1
31723.5,112000.0,1,140000.0,1,0
31725.0,224000.0,1,280000.0,1,0
31726.5,88000.0,1,110000.0,1,0
31728.0,104000.0,1,130000.0,1,0
31729.5,88000.0,1,110000.0,1,0
31731.0,256000.0,1,320000.0,1,0
31732.5,392000.0,1,490000.0,1,0
31734.0,288000.0,1,360000.0,1,0
31735.5,224000.0,1,280000.0,1,0
31737.0,232000.0,1,290000.0,1,0
31738.5,144000.0,1,180000.0,1,0
31740.0,120000.0,1,150000.0,1,0
31741.5,208000.0,1,260000.0,1,0
31743.0,72000.0,1,90000.0,1,0
31744.5,16000.0,1,20000.0,1,0
31746.0,144000.0,1,180000.0,1,0
31747.5,184000.0,1,230000.0,1,0
31749.0,208000.0,1,260000.0,1,1
31750.5,120000.0,1,150000.0,1,1
31752.0,384000.0,1,480000.0,1,0
31753.5,88000.0,1,110000.0,1,1
31755.0,120000.0,1,150000.0,1,0
31756.5,136000.0,1,170000.0,1,0
31758.0,40000.0,1,50000.0,1,0
31759.5,320000.0,1,400000.0,1,0
31761.0,344000.0,1,430000.0,1,0
31762.5,240000.0,1,300000.0,1,0
31764.0,32000.0,1,40000.0,1,0
31765.5,144000.0,1,180000.0,1,0
31767.0,240000.0,1,300000.0,1,0
31768.5,16000.0,1,20000.0,1,1
31770.0,184000.0,1,230000.0,1,0
31771.5,144000.0,1,180000.0,1,0
31773.0,40000.0,1,50000.0,1,1
31774.5,128000.0,1,160000.0,1,0
31776.0,80000.0,1,100000.0,1,0
31777.5,112000.0,1,140000.0,1,0
31779.0,56000.0,1,70000.0,1,0
31780.5,320000.0,1,400000.0,1,0
31782.0,264000.0,1,330000.0,1,0
31783.5,104000.0,1,130000.0,1,1
31785.0,328000.0,1,410000.0,1,0
31786.5,280000.0,1,350000.0,1,0
31788.0,288000.0,1,360000.0,1,0
31789.5,72000.0,1,90000.0,1,0
31791.0,80000.0,1,100000.0,1,0
31792.5,160000.0,1,200000.0,1,0
31794.0,16000.0,1,20000.0,1,1
31795.5,184000.0,1,230000.0,1,0
31797.0,16000.0,1,20000.0,1,0
31798.5,104000.0,1,130000.0,1,1
31800.0,120000.0,1,150000.0,1,0
31801.5,128000.0,1,160000.0,1,0
31803.0,16000.0,1,20000.0,1,0
31804.5,104000.0,1,130000.0,1,0
31806.0,392000.0,1,490000.0,1,1
31807.5,288000.0,1,360000.0,1,0
31809.0,120000.0,1,150000.0,1,0
31810.5,56000.0,1,70000.0,1,1
31812.0,288000.0,1,360000.0,1,0
31813.5,400000.0,1,500000.0,1,0
31815.0,200000.0,1,250000.0,1,0
31816.5,40000.0,1,50000.0,1,0
31818.0,200000.0,1,250000.0,1,0
31819.5,16000.0,1,20000.0,1,0
31821.0,288000.0,1,360000.0,1,0
31822.5,64000.0,1,80000.0,1,0
31824.0,112000.0,1,140000.0,1,0
31825.5,112000.0,1,140000.0,1,1
31827.0,40000.0,1,50000.0,1,1
31828.5,128000.0,1,160000.0,1,0
31830.0,40000.0,1,50000.0,1,0
31831.5,160000.0,1,200000.0,1,0
31833.0,64000.0,1,80000.0,1,1
31834.5,112000.0,1,140000.0,1,0
31836.0,72000.0,1,90000.0,1,0
31837.5,32000.0,1,40000.0,1,0
31839.0,8000.0,1,10000.0,1,0
31840.5,400000.0,1,500000.0,1,0
31842.0,328000.0,1,410000.0,1,0
31843.5,16000.0,1,20000.0,1,0
31845.0,160000.0,1,200000.0,1,0
31846.5,40000.0,1,50000.0,1,0
31848.0,120000.0,1,150000.0,1,0
31849.5,144000.0,1,180000.0,1,1
31851.0,64000.0,1,80000.0,1,0
31852.5,240000.0,1,300000.0,1,0
31854.0,120000.0,1,150000.0,1,1
31855.5,176000.0,1,220000.0,1,0
31857.0,96000.0,1,120000.0,1,0
31858.5,288000.0,1,360000.0,1,0
31860.0,440000.0,1,550000.0,1,1
31861.5,208000.0,1,260000.0,1,0
31863.0,64000.0,1,80000.0,1,1
31864.5,128000.0,1,160000.0,1,0
31866.0,152000.0,1,190000.0,1,0
31867.5,200000.0,1,250000.0,1,0
31869.0,24000.0,1,30000.0,1,0
31870.5,80000.0,1,100000.0,1,1
31872.0,280000.0,1,350000.0,1,0
31873.5,96000.0,1,120000.0,1,0
31875.0,280000.0,1,350000.0,1,0
31876.5,272000.0,1,340000.0,1,0
31878.0,288000.0,1,360000.0,1,0
31879.5,328000.0,1,410000.0,1,0
31881.0,136000.0,1,170000.0,1,0
31882.5,88000.0,1,110000.0,1,0
31884.0,24000.0,1,30000.0,1,0
31885.5,160000.0,1,200000.0,1,0
31887.0,200000.0,1,250000.0,1,0
31888.5,192000.0,1,240000.0,1,0
31890.0,168000.0,1,210000.0,1,0
31891.5,24000.0,1,30000.0,1,0
31893.0,24000.0,1,30000.0,1,0
31894.5,32000.0,1,40000.0,1,1
31896.0,40000.0,1,50000.0,1,0
31897.5,40000.0,1,50000.0,1,1
31899.0,16000.0,1,20000.0,1,0
31900.5,16000.0,1,20000.0,1,1
31902.0,192000.0,1,240000.0,1,1
31903.5,88000.0,1,110000.0,1,0
31905.0,72000.0,1,90000.0,1,0
31906.5,88000.0,1,110000.0,1,0
31908.0,400000.0,1,500000.0,1,0
31909.5,16000.0,1,20000.0,1,0
31911.0,56000.0,1,70000.0,1,1
31912.5,40000.0,1,50000.0,1,1
31914.0,96000.0,1,120000.0,1,1
31915.5,40000.0,1,50000.0,1,0
31917.0,16000.0,1,20000.0,1,0
31918.5,24000.0,1,30000.0,1,0
31920.0,232000.0,1,290000.0,1,0
31921.5,64000.0,1,80000.0,1,1
31923.0,88000.0,1,110000.0,1,0
31924.5,152000.0,1,190000.0,1,0
31926.0,40000.0,1,50000.0,1,0
31927.5,40000.0,1,50000.0,1,0
31929.0,16000.0,1,20000.0,1,0
31930.5,88000.0,1,110000.0,1,0
31932.0,280000.0,1,350000.0,1,0
31933.5,48000.0,1,60000.0,1,1
31935.0,16000.0,1,20000.0,1,0
31936.5,344000.0,1,430000.0,1,0
31938.0,208000.0,1,260000.0,1,1
31939.5,112000.0,1,140000.0,1,1
31941.0,288000.0,1,360000.0,1,0
31942.5,224000.0,1,280000.0,1,0
31944.0,8000.0,1,10000.0,1,0
31945.5,224000.0,1,280000.0,1,0
31947.0,40000.0,1,50000.0,1,0
31948.5,40000.0,1,50000.0,1,0
31950.0,224000.0,1,280000.0,1,1
31951.5,16000.0,1,20000.0,1,0
31953.0,64000.0,1,80000.0,1,1
31954.5,40000.0,1,50000.0,1,0
31956.0,288000.0,1,360000.0,1,1
31957.5,208000.0,1,260000.0,1,0
31959.0,16000.0,1,20000.0,1,0
31960.5,88000.0,1,110000.0,1,0
31962.0,16000.0,1,20000.0,1,1
31963.5,16000.0,1,20000.0,1,1
31965.0,56000.0,1,70000.0,1,0
31966.5,24000.0,1,30000.0,1,1
31968.0,184000.0,1,230000.0,1,1
31969.5,128000.0,1,160000.0,1,1
31971.0,24000.0,1,30000.0,1,0
31972.5,40000.0,1,50000.0,1,1
31974.0,168000.0,1,210000.0,1,0
31975.5,40000.0,1,50000.0,1,0
31977.0,120000.0,1,150000.0,1,1
31978.5,528000.0,1,660000.0,1,0
31980.0,80000.0,1,100000.0,1,0
31981.5,560000.0,1,700000.0,1,0
31983.0,240000.0,1,300000.0,1,1
31984.5,256000.0,1,320000.0,1,0
31986.0,200000.0,1,250000.0,1,0
31987.5,120000.0,1,150000.0,1,0
31989.0,160000.0,1,200000.0,1,1
31990.5,40000.0,1,50000.0,1,1
31992.0,256000.0,1,320000.0,1,0
31993.5,16000.0,1,20000.0,1,0
31995.0,136000.0,1,170000.0,1,0
31996.5,40000.0,1,50000.0,1,1
31998.0,104000.0,1,130000.0,1,0
31999.5,120000.0,1,150000.0,1,0
32001.0,400000.0,1,500000.0,1,0
32002.5,328000.0,1,410000.0,1,0
32004.0,40000.0,1,50000.0,1,0
32005.5,160000.0,1,200000.0,1,0
32007.0,184000.0,1,230000.0,1,0
32008.5,16000.0,1,20000.0,1,1
32010.0,240000.0,1,300000.0,1,0
32011.5,16000.0,1,20000.0,1,0
32013.0,304000.0,1,380000.0,1,0
32014.5,120000.0,1,150000.0,1,1
32016.0,16000.0,1,20000.0,1,0
32017.5,104000.0,1,130000.0,1,0
32019.0,280000.0,1,350000.0,1,0
32020.5,352000.0,1,440000.0,1,0
32022.0,136000.0,1,170000.0,1,0
32023.5,56000.0,1,70000.0,1,0
32025.0,216000.0,1,270000.0,1,0
32026.5,400000.0,1,500000.0,1,0
32028.0,160000.0,1,200000.0,1,0
32029.5,232000.0,1,290000.0,1,0
32031.0,40000.0,1,50000.0,1,0
32032.5,16000.0,1,20000.0,1,1
32034.0,64000.0,1,80000.0,1,0
32035.5,56000.0,1,70000.0,1,0
32037.0,40000.0,1,50000.0,1,0
32038.5,128000.0,1,160000.0,1,0
32040.0,56000.0,1,70000.0,1,0
32041.5,184000.0,1,230000.0,1,0
32043.0,144000.0,1,180000.0,1,0
32044.5,16000.0,1,20000.0,1,0
32046.0,280000.0,1,350000.0,1,0
32047.5,56000.0,1,70000.0,1,0
32049.0,16000.0,1,20000.0,1,0
32050.5,144000.0,1,180000.0,1,0
32052.0,256000.0,1,320000.0,1,0
32053.5,40000.0,1,50000.0,1,0
32055.0,40000.0,1,50000.0,1,0
32056.5,144000.0,1,180000.0,1,1
32058.0,104000.0,1,130000.0,1,0
32059.5,16000.0,1,20000.0,1,0
32061.0,400000.0,1,500000.0,1,0
32062.5,40000.0,1,50000.0,1,0
32064.0,608000.0,1,760000.0,1,0
32065.5,16000.0,1,20000.0,1,1
32067.0,160000.0,1,200000.0,1,0
32068.5,400000.0,1,500000.0,1,0
32070.0,56000.0,1,70000.0,1,0
32071.5,40000.0,1,50000.0,1,1
32073.0,544000.0,1,680000.0,1,0
32074.5,232000.0,1,290000.0,1,0
32076.0,360000.0,1,450000.0,1,0
32077.5,296000.0,1,370000.0,1,0
32079.0,64000.0,1,80000.0,1,0
32080.5,32000.0,1,40000.0,1,0
32082.0,48000.0,1,60000.0,1,0
32083.5,240000.0,1,300000.0,1,0
32085.0,344000.0,1,430000.0,1,0
32086.5,152000.0,1,190000.0,1,0
32088.0,160000.0,1,200000.0,1,0
32089.5,120000.0,1,150000.0,1,1
32091.0,160000.0,1,200000.0,1,1
32092.5,40000.0,1,50000.0,1,0
32094.0,240000.0,1,300000.0,1,0
32095.5,384000.0,1,480000.0,1,0
32097.0,232000.0,1,290000.0,1,0
32098.5,288000.0,1,360000.0,1,1
32100.0,88000.0,1,110000.0,1,0
32101.5,176000.0,2,220000.0,2,0
32103.0,96000.0,2,120000.0,2,1
32104.5,40000.0,2,50000.0,2,1
32106.0,56000.0,2,70000.0,2,0
32107.5,24000.0,2,30000.0,2,0
32109.0,48000.0,2,60000.0,2,0
32110.5,88000.0,2,110000.0,2,1
32112.0,24000.0,2,30000.0,2,0
32113.5,48000.0,2,60000.0,2,0
32115.0,48000.0,2,60000.0,2,0
32116.5,24000.0,2,30000.0,2,0
32118.0,48000.0,2,60000.0,2,0
32119.5,144000.0,2,180000.0,2,0
32121.0,192000.0,2,240000.0,2,0
32122.5,176000.0,2,220000.0,2,0
32124.0,80000.0,2,100000.0,2,0
32125.5,144000.0,2,180000.0,2,0
32127.0,112000.0,2,140000.0,2,0
32128.5,48000.0,2,60000.0,2,1
32130.0,72000.0,2,90000.0,2,0
32131.5,40000.0,2,50000.0,2,1
32133.0,232000.0,2,290000.0,2,0
32134.5,320000.0,2,400000.0,2,0
32136.0,48000.0,2,60000.0,2,0
32137.5,48000.0,2,60000.0,2,0
32139.0,144000.0,2,180000.0,2,1
32140.5,104000.0,2,130000.0,2,0
32142.0,88000.0,2,110000.0,2,1
32143.5,128000.0,2,160000.0,2,0
32145.0,400000.0,2,500000.0,2,0
32146.5,128000.0,2,160000.0,2,0
32148.0,64000.0,2,80000.0,2,0
32149.5,56000.0,2,70000.0,2,0
32151.0,104000.0,2,130000.0,2,0
32152.5,16000.0,2,20000.0,2,0
32154.0,72000.0,2,90000.0,2,1
32155.5,24000.0,2,30000.0,2,0
32157.0,288000.0,2,360000.0,2,1
32158.5,120000.0,2,150000.0,2,0
32160.0,288000.0,2,360000.0,2,1
32161.5,128000.0,2,160000.0,2,0
32163.0,96000.0,2,120000.0,2,0
32164.5,128000.0,2,160000.0,2,0
32166.0,152000.0,2,190000.0,2,0
32167.5,88000.0,2,110000.0,2,0
32169.0,232000.0,2,290000.0,2,0
32170.5,16000.0,2,20000.0,2,0
32172.0,160000.0,2,200000.0,2,0
32173.5,352000.0,2,440000.0,2,0
32175.0,56000.0,2,70000.0,2,1
32176.5,128000.0,2,160000.0,2,0
32178.0,96000.0,2,120000.0,2,0
32179.5,16000.0,2,20000.0,2,0
32181.0,248000.0,2,310000.0,2,0
32182.5,64000.0,2,80000.0,2,0
32184.0,144000.0,2,180000.0,2,0
32185.5,200000.0,2,250000.0,2,1
32187.0,144000.0,2,180000.0,2,1
32188.5,104000.0,2,130000.0,2,1
32190.0,264000.0,2,330000.0,2,0
32191.5,248000.0,2,310000.0,2,0
32193.0,56000.0,2,70000.0,2,0
32194.5,24000.0,2,30000.0,2,1
32196.0,232000.0,2,290000.0,2,1
32197.5,208000.0,2,260000.0,2,1
32199.0,200000.0,2,250000.0,2,0
32200.5,96000.0,2,120000.0,2,1
32202.0,184000.0,2,230000.0,2,0
32203.5,312000.0,2,390000.0,2,0
32205.0,24000.0,2,30000.0,2,0
32206.5,40000.0,2,50000.0,2,1
32208.0,144000.0,2,180000.0,2,0
32209.5,400000.0,2,500000.0,2,0
32211.0,40000.0,2,50000.0,2,0
32212.5,64000.0,2,80000.0,2,0
32214.0,368000.0,2,460000.0,2,0
32215.5,120000.0,2,150000.0,2,0
32217.0,40000.0,2,50000.0,2,0
32218.5,16000.0,2,20000.0,2,0
32220.0,280000.0,2,350000.0,2,0
32221.5,16000.0,2,20000.0,2,1
32223.0,320000.0,2,400000.0,2,0
32224.5,392000.0,2,490000.0,2,0
32226.0,224000.0,2,280000.0,2,0
32227.5,40000.0,2,50000.0,2,0
32229.0,16000.0,2,20000.0,2,1
32230.5,72000.0,2,90000.0,2,0
32232.0,120000.0,2,150000.0,2,0
32233.5,56000.0,2,70000.0,2,0
32235.0,184000.0,2,230000.0,2,0
32236.5,160000.0,2,200000.0,2,0
32238.0,400000.0,2,500000.0,2,0
32239.5,128000.0,2,160000.0,2,0
32241.0,200000.0,2,250000.0,2,1
32242.5,48000.0,2,60000.0,2,1
32244.0,144000.0,2,180000.0,2,0
32245.5,400000.0,2,500000.0,2,0
32247.0,40000.0,2,50000.0,2,0
32248.5,112000.0,2,140000.0,2,0
32250.0,368000.0,2,460000.0,2,0
32251.5,128000.0,2,160000.0,2,1
32253.0,40000.0,2,50000.0,2,0
32254.5,88000.0,2,110000.0,2,0
32256.0,80000.0,2,100000.0,2,0
32257.5,64000.0,2,80000.0,2,0
32259.0,184000.0,2,230000.0,2,0
32260.5,224000.0,2,280000.0,2,0
32262.0,16000.0,2,20000.0,2,1
32263.5,24000.0,2,30000.0,2,1
32265.0,24000.0,2,30000.0,2,1
32266.5,24000.0,2,30000.0,2,0
32268.0,24000.0,2,30000.0,2,1
32269.5,88000.0,2,110000.0,2,0
32271.0,24000.0,2,30000.0,2,0
32272.5,176000.0,2,220000.0,2,0
32274.0,16000.0,2,20000.0,2,0
32275.5,48000.0,2,60000.0,2,0
32277.0,72000.0,2,90000.0,2,0
32278.5,80000.0,2,100000.0,2,0
32280.0,56000.0,2,70000.0,2,0
32281.5,168000.0,2,210000.0,2,0
32283.0,40000.0,2,50000.0,2,0
32284.5,40000.0,2,50000.0,2,0
32286.0,16000.0,2,20000.0,2,1
32287.5,104000.0,2,130000.0,2,1
32289.0,288000.0,2,360000.0,2,0
32290.5,160000.0,2,200000.0,2,0
32292.0,104000.0,2,130000.0,2,0
32293.5,80000.0,2,100000.0,2,0
32295.0,64000.0,2,80000.0,2,0
32296.5,48000.0,2,60000.0,2,1
32298.0,40000.0,2,50000.0,2,0
32299.5,8000.0,2,10000.0,2,1
32301.0,24000.0,2,30000.0,2,1
32302.5,40000.0,2,50000.0,2,0
32304.0,40000.0,2,50000.0,2,1
32305.5,24000.0,2,30000.0,2,1
32307.0,40000.0,2,50000.0,2,0
32308.5,56000.0,2,70000.0,2,0
32310.0,16000.0,2,20000.0,2,1
32311.5,24000.0,2,30000.0,2,0
32313.0,24000.0,2,30000.0,2,0
32314.5,64000.0,2,80000.0,2,0
32316.0,104000.0,2,130000.0,2,0
32317.5,8000.0,2,10000.0,2,0
32319.0,56000.0,2,70000.0,2,0
32320.5,16000.0,2,20000.0,2,0
32322.0,16000.0,2,20000.0,2,0
32323.5,24000.0,2,30000.0,2,0
32325.0,40000.0,2,50000.0,2,0
32326.5,16000.0,2,20000.0,2,0
32328.0,48000.0,2,60000.0,2,1
32329.5,40000.0,2,50000.0,2,0
32331.0,16000.0,2,20000.0,2,0
32332.5,24000.0,2,30000.0,2,0
32334.0,16000.0,2,20000.0,2,1
32335.5,8000.0,2,10000.0,2,0
32337.0,40000.0,2,50000.0,2,0
32338.5,56000.0,2,70000.0,2,0
32340.0,16000.0,2,20000.0,2,0
32341.5,40000.0,2,50000.0,2,0
32343.0,24000.0,2,30000.0,2,0
32344.5,40000.0,2,50000.0,2,0
32346.0,24000.0,2,30000.0,2,0
32347.5,64000.0,2,80000.0,2,0
32349.0,40000.0,2,50000.0,2,0
32350.5,16000.0,2,20000.0,2,0
32352.0,24000.0,2,30000.0,2,0
32353.5,64000.0,2,80000.0,2,1
32355.0,112000.0,2,140000.0,2,0
32356.5,168000.0,2,210000.0,2,0
32358.0,160000.0,2,200000.0,2,0
32359.5,16000.0,2,20000.0,2,0
32361.0,24000.0,2,30000.0,2,1
32362.5,120000.0,2,150000.0,2,0
32364.0,48000.0,2,60000.0,2,0
32365.5,16000.0,2,20000.0,2,0
32367.0,120000.0,2,150000.0,2,0
32368.5,56000.0,2,70000.0,2,0
32370.0,48000.0,2,60000.0,2,1
32371.5,24000.0,2,30000.0,2,1
32373.0,264000.0,2,330000.0,2,0
32374.5,16000.0,2,20000.0,2,1
32376.0,144000.0,2,180000.0,2,0
32377.5,16000.0,2,20000.0,2,0
32379.0,104000.0,2,130000.0,2,0
32380.5,24000.0,2,30000.0,2,1
32382.0,24000.0,2,30000.0,2,0
32383.5,400000.0,2,500000.0,2,0
32385.0,360000.0,2,450000.0,2,0
32386.5,40000.0,2,50000.0,2,0
32388.0,48000.0,2,60000.0,2,0
32389.5,104000.0,2,130000.0,2,0
32391.0,224000.0,2,280000.0,2,0
32392.5,80000.0,2,100000.0,2,0
32394.0,48000.0,2,60000.0,2,0
32395.5,64000.0,2,80000.0,2,0
32397.0,104000.0,2,130000.0,2,0
32398.5,24000.0,2,30000.0,2,0
32400.0,40000.0,2,50000.0,2,0
32401.5,40000.0,2,50000.0,2,1
32403.0,40000.0,2,50000.0,2,1
32404.5,72000.0,2,90000.0,2,1
32406.0,56000.0,2,70000.0,2,0
32407.5,88000.0,2,110000.0,2,0
32409.0,64000.0,2,80000.0,2,0
32410.5,40000.0,2,50000.0,2,0
32412.0,104000.0,2,130000.0,2,0
32413.5,104000.0,2,130000.0,2,0
32415.0,48000.0,2,60000.0,2,1
32416.5,112000.0,2,140000.0,2,0
32418.0,88000.0,2,110000.0,2,0
32419.5,80000.0,2,100000.0,2,1
32421.0,16000.0,2,20000.0,2,0
32422.5,72000.0,2,90000.0,2,0
32424.0,40000.0,2,50000.0,2,0
32425.5,24000.0,2,30000.0,2,0
32427.0,104000.0,2,130000.0,2,1
32428.5,40000.0,2,50000.0,2,0
32430.0,64000.0,2,80000.0,2,0
32431.5,40000.0,2,50000.0,2,0
32433.0,104000.0,2,130000.0,2,0
32434.5,16000.0,2,20000.0,2,0
32436.0,96000.0,2,120000.0,2,0
32437.5,16000.0,2,20000.0,2,0
32439.0,64000.0,2,80000.0,2,0
32440.5,40000.0,2,50000.0,2,0
32442.0,80000.0,2,100000.0,2,0
32443.5,56000.0,2,70000.0,2,0
32445.0,72000.0,2,90000.0,2,0
32446.5,224000.0,2,280000.0,2,0
32448.0,320000.0,2,400000.0,2,0
32449.5,104000.0,2,130000.0,2,0
32451.0,24000.0,2,30000.0,2,1
32452.5,40000.0,2,50000.0,2,1
32454.0,64000.0,2,80000.0,2,1
32455.5,40000.0,2,50000.0,2,0
32457.0,8000.0,2,10000.0,2,0
32458.5,72000.0,2,90000.0,2,0
32460.0,40000.0,2,50000.0,2,1
32461.5,80000.0,2,100000.0,2,0
32463.0,72000.0,2,90000.0,2,1
32464.5,80000.0,2,100000.0,2,0
32466.0,248000.0,2,310000.0,2,0
32467.5,168000.0,2,210000.0,2,0
32469.0,272000.0,2,340000.0,2,0
32470.5,24000.0,2,30000.0,2,1
32472.0,56000.0,2,70000.0,2,1
32473.5,360000.0,2,450000.0,2,0
32475.0,88000.0,2,110000.0,2,0
32476.5,24000.0,2,30000.0,2,0
32478.0,8000.0,2,10000.0,2,1
32479.5,40000.0,2,50000.0,2,0
32481.0,96000.0,2,120000.0,2,0
32482.5,168000.0,2,210000.0,2,0
32484.0,208000.0,2,260000.0,2,0
32485.5,240000.0,2,300000.0,2,0
32487.0,128000.0,2,160000.0,2,0
32488.5,24000.0,2,30000.0,2,0
32490.0,96000.0,2,120000.0,2,0
32491.5,56000.0,2,70000.0,2,0
32493.0,72000.0,2,90000.0,2,0
32494.5,48000.0,2,60000.0,2,0
32496.0,48000.0,2,60000.0,2,0
32497.5,40000.0,2,50000.0,2,0
32499.0,80000.0,2,100000.0,2,0
32500.5,40000.0,2,50000.0,2,0
32502.0,16000.0,2,20000.0,2,1
32503.5,64000.0,2,80000.0,2,0
32505.0,240000.0,2,300000.0,2,0
32506.5,80000.0,2,100000.0,2,0
32508.0,112000.0,2,140000.0,2,1
32509.5,64000.0,2,80000.0,2,1
32511.0,48000.0,2,60000.0,2,0
32512.5,184000.0,2,230000.0,2,0
32514.0,96000.0,2,120000.0,2,0
32515.5,40000.0,2,50000.0,2,0
32517.0,48000.0,2,60000.0,2,0
32518.5,40000.0,2,50000.0,2,0
32520.0,168000.0,2,210000.0,2,0
32521.5,72000.0,2,90000.0,2,0
32523.0,16000.0,2,20000.0,2,0
32524.5,104000.0,2,130000.0,2,0
32526.0,16000.0,2,20000.0,2,0
32527.5,72000.0,2,90000.0,2,0
32529.0,24000.0,2,30000.0,2,0
32530.5,24000.0,2,30000.0,2,0
32532.0,120000.0,2,150000.0,2,0
32533.5,16000.0,2,20000.0,2,1
32535.0,64000.0,2,80000.0,2,0
32536.5,32000.0,2,40000.0,2,0
32538.0,192000.0,2,240000.0,2,0
32539.5,80000.0,2,100000.0,2,0
32541.0,80000.0,2,100000.0,2,0
32542.5,120000.0,2,150000.0,2,0
32544.0,216000.0,2,270000.0,2,0
32545.5,320000.0,2,400000.0,2,0
32547.0,40000.0,2,50000.0,2,0
32548.5,64000.0,2,80000.0,2,0
32550.0,16000.0,2,20000.0,2,0
32551.5,192000.0,2,240000.0,2,0
32553.0,56000.0,2,70000.0,2,1
32554.5,40000.0,2,50000.0,2,0
32556.0,56000.0,2,70000.0,2,0
32557.5,136000.0,2,170000.0,2,0
32559.0,88000.0,2,110000.0,2,0
32560.5,80000.0,2,100000.0,2,0
32562.0,8000.0,2,10000.0,2,1
32563.5,184000.0,2,230000.0,2,0
32565.0,184000.0,2,230000.0,2,0
32566.5,48000.0,2,60000.0,2,0
32568.0,40000.0,2,50000.0,2,0
32569.5,88000.0,2,110000.0,2,0
32571.0,144000.0,2,180000.0,2,0
32572.5,64000.0,2,80000.0,2,0
32574.0,24000.0,2,30000.0,2,1
32575.5,40000.0,2,50000.0,2,0
32577.0,152000.0,2,190000.0,2,0
32578.5,96000.0,2,120000.0,2,0
32580.0,24000.0,2,30000.0,2,0
32581.5,16000.0,2,20000.0,2,0
32583.0,48000.0,2,60000.0,2,0
32584.5,16000.0,2,20000.0,2,0
32586.0,40000.0,2,50000.0,2,1
32587.5,24000.0,2,30000.0,2,0
32589.0,120000.0,2,150000.0,2,0
32590.5,40000.0,2,50000.0,2,1
32592.0,168000.0,2,210000.0,2,0
32593.5,104000.0,2,130000.0,2,0
32595.0,40000.0,2,50000.0,2,0
32596.5,160000.0,2,200000.0,2,0
32598.0,144000.0,2,180000.0,2,0
32599.5,152000.0,2,190000.0,2,1
32601.0,128000.0,2,160000.0,2,0
32602.5,104000.0,2,130000.0,2,0
32604.0,40000.0,2,50000.0,2,0
32605.5,24000.0,2,30000.0,2,0
32607.0,16000.0,2,20000.0,2,0
32608.5,88000.0,2,110000.0,2,0
32610.0,40000.0,2,50000.0,2,1
32611.5,40000.0,2,50000.0,2,1
32613.0,64000.0,2,80000.0,2,0
32614.5,16000.0,2,20000.0,2,1
32616.0,16000.0,2,20000.0,2,0
32617.5,120000.0,2,150000.0,2,0
32619.0,40000.0,2,50000.0,2,0
32620.5,16000.0,2,20000.0,2,0
32622.0,104000.0,2,130000.0,2,0
32623.5,104000.0,2,130000.0,2,0
32625.0,48000.0,2,60000.0,2,0
32626.5,88000.0,2,110000.0,2,0
32628.0,64000.0,2,80000.0,2,0
32629.5,40000.0,2,50000.0,2,0
32631.0,64000.0,2,80000.0,2,0
32632.5,120000.0,2,150000.0,2,0
32634.0,40000.0,2,50000.0,2,0
32635.5,216000.0,2,270000.0,2,0
32637.0,144000.0,2,180000.0,2,0
32638.5,64000.0,2,80000.0,2,0
32640.0,40000.0,2,50000.0,2,1
32641.5,168000.0,2,210000.0,2,1
32643.0,72000.0,2,90000.0,2,0
32644.5,104000.0,2,130000.0,2,0
32646.0,48000.0,2,60000.0,2,0
32647.5,256000.0,2,320000.0,2,0
32649.0,104000.0,2,130000.0,2,0
32650.5,144000.0,2,180000.0,2,0
32652.0,80000.0,2,100000.0,2,0
32653.5,64000.0,2,80000.0,2,0
32655.0,72000.0,2,90000.0,2,1
32656.5,248000.0,2,310000.0,2,0
32658.0,288000.0,2,360000.0,2,0
32659.5,144000.0,2,180000.0,2,0
32661.0,32000.0,2,40000.0,2,0
32662.5,16000.0,2,20000.0,2,1
32664.0,72000.0,2,90000.0,2,0
32665.5,168000.0,2,210000.0,2,0
32667.0,144000.0,2,180000.0,2,0
32668.5,176000.0,2,220000.0,2,1
32670.0,120000.0,2,150000.0,2,0
32671.5,40000.0,2,50000.0,2,0
32673.0,16000.0,2,20000.0,2,1
32674.5,104000.0,2,130000.0,2,0
32676.0,160000.0,2,200000.0,2,0
32677.5,256000.0,2,320000.0,2,0
32679.0,72000.0,2,90000.0,2,0
32680.5,128000.0,2,160000.0,2,1
32682.0,168000.0,2,210000.0,2,0
32683.5,288000.0,2,360000.0,2,0
32685.0,176000.0,2,220000.0,2,1
32686.5,160000.0,2,200000.0,2,0
32688.0,48000.0,2,60000.0,2,0
32689.5,24000.0,2,30000.0,2,0
32691.0,40000.0,2,50000.0,2,0
32692.5,72000.0,2,90000.0,2,0
32694.0,88000.0,2,110000.0,2,0
32695.5,112000.0,2,140000.0,2,0
32697.0,160000.0,2,200000.0,2,0
32698.5,24000.0,2,30000.0,2,0
32700.0,40000.0,2,50000.0,2,0
32701.5,40000.0,2,50000.0,2,1
32703.0,40000.0,2,50000.0,2,0
32704.5,64000.0,2,80000.0,2,0
32706.0,192000.0,2,240000.0,2,0
32707.5,96000.0,2,120000.0,2,1
32709.0,160000.0,2,200000.0,2,0
32710.5,112000.0,2,140000.0,2,0
32712.0,288000.0,2,360000.0,2,0
32713.5,56000.0,2,70000.0,2,0
32715.0,136000.0,2,170000.0,2,1
32716.5,112000.0,2,140000.0,2,1
32718.0,16000.0,2,20000.0,2,1
32719.5,40000.0,2,50000.0,2,0
32721.0,88000.0,2,110000.0,2,0
32722.5,144000.0,2,180000.0,2,0
32724.0,72000.0,2,90000.0,2,1
32725.5,96000.0,2,120000.0,2,0
32727.0,112000.0,2,140000.0,2,0
32728.5,232000.0,2,290000.0,2,1
32730.0,248000.0,2,310000.0,2,0
32731.5,24000.0,2,30000.0,2,0
32733.0,160000.0,2,200000.0,2,0
32734.5,144000.0,2,180000.0,2,0
32736.0,96000.0,2,120000.0,2,0
32737.5,232000.0,2,290000.0,2,0
32739.0,72000.0,2,90000.0,2,0
32740.5,208000.0,2,260000.0,2,0
32742.0,184000.0,2,230000.0,2,0
32743.5,216000.0,2,270000.0,2,0
32745.0,224000.0,2,280000.0,2,0
32746.5,88000.0,2,110000.0,2,1
32748.0,48000.0,2,60000.0,2,0
32749.5,56000.0,2,70000.0,2,0
32751.0,80000.0,2,100000.0,2,1
32752.5,112000.0,2,140000.0,2,0
32754.0,40000.0,2,50000.0,2,1
32755.5,64000.0,2,80000.0,2,0
32757.0,32000.0,2,40000.0,2,0
32758.5,112000.0,2,140000.0,2,1
32760.0,160000.0,2,200000.0,2,0
32761.5,40000.0,2,50000.0,2,0
32763.0,64000.0,2,80000.0,2,0
32764.5,216000.0,2,270000.0,2,0
32766.0,56000.0,2,70000.0,2,1
32767.5,160000.0,2,200000.0,2,0
32769.0,136000.0,2,170000.0,2,1
32770.5,336000.0,2,420000.0,2,0
32772.0,40000.0,2,50000.0,2,1
32773.5,112000.0,2,140000.0,2,0
32775.0,104000.0,2,130000.0,2,0
32776.5,216000.0,2,270000.0,2,0
32778.0,64000.0,2,80000.0,2,0
32779.5,128000.0,2,160000.0,2,0
32781.0,104000.0,2,130000.0,2,1
32782.5,128000.0,2,160000.0,2,0
32784.0,144000.0,2,180000.0,2,0
32785.5,144000.0,2,180000.0,2,0
32787.0,168000.0,2,210000.0,2,0
32788.5,120000.0,2,150000.0,2,0
32790.0,288000.0,2,360000.0,2,0
32791.5,376000.0,2,470000.0,2,0
32793.0,32000.0,2,40000.0,2,0
32794.5,160000.0,2,200000.0,2,0
32796.0,120000.0,2,150000.0,2,0
32797.5,72000.0,2,90000.0,2,1
32799.0,48000.0,2,60000.0,2,0
32800.5,64000.0,2,80000.0,2,0
32802.0,128000.0,2,160000.0,2,0
32803.5,104000.0,2,130000.0,2,0
32805.0,56000.0,2,70000.0,2,0
32806.5,136000.0,2,170000.0,2,0
32808.0,40000.0,2,50000.0,2,0
32809.5,80000.0,2,100000.0,2,0
32811.0,104000.0,2,130000.0,2,0
32812.5,48000.0,2,60000.0,2,0
32814.0,232000.0,2,290000.0,2,0
32815.5,40000.0,2,50000.0,2,0
32817.0,112000.0,2,140000.0,2,0
32818.5,96000.0,2,120000.0,2,0
32820.0,152000.0,2,190000.0,2,0
32821.5,24000.0,2,30000.0,2,0
32823.0,128000.0,2,160000.0,2,0
32824.5,184000.0,2,230000.0,2,0
32826.0,104000.0,2,130000.0,2,0
32827.5,272000.0,2,340000.0,2,0
32829.0,184000.0,2,230000.0,2,1
32830.5,72000.0,2,90000.0,2,0
32832.0,240000.0,2,300000.0,2,0
32833.5,88000.0,2,110000.0,2,1
32835.0,112000.0,2,140000.0,2,0
32836.5,144000.0,2,180000.0,2,1
32838.0,56000.0,2,70000.0,2,1
32839.5,144000.0,2,180000.0,2,0
32841.0,120000.0,2,150000.0,2,0
32842.5,24000.0,2,30000.0,2,0
32844.0,184000.0,2,230000.0,2,0
32845.5,144000.0,2,180000.0,2,0
32847.0,120000.0,2,150000.0,2,0
32848.5,32000.0,2,40000.0,2,0
32850.0,32000.0,2,40000.0,2,1
32851.5,96000.0,2,120000.0,2,1
32853.0,112000.0,2,140000.0,2,0
32854.5,64000.0,2,80000.0,2,0
32856.0,336000.0,2,420000.0,2,0
32857.5,144000.0,2,180000.0,2,0
32859.0,72000.0,2,90000.0,2,0
32860.5,264000.0,2,330000.0,2,0
32862.0,208000.0,2,260000.0,2,0
32863.5,160000.0,2,200000.0,2,0
32865.0,24000.0,2,30000.0,2,0
32866.5,240000.0,2,300000.0,2,0
32868.0,104000.0,2,130000.0,2,0
32869.5,24000.0,2,30000.0,2,0
32871.0,24000.0,2,30000.0,2,1
32872.5,104000.0,2,130000.0,2,0
32874.0,152000.0,2,190000.0,2,0
32875.5,184000.0,2,230000.0,2,1
32877.0,40000.0,2,50000.0,2,0
32878.5,56000.0,2,70000.0,2,0
32880.0,40000.0,2,50000.0,2,1
32881.5,48000.0,2,60000.0,2,1
32883.0,120000.0,2,150000.0,2,0
32884.5,192000.0,2,240000.0,2,0
32886.0,88000.0,2,110000.0,2,0
32887.5,88000.0,2,110000.0,2,0
32889.0,40000.0,2,50000.0,2,0
32890.5,168000.0,2,210000.0,2,0
32892.0,128000.0,2,160000.0,2,0
32893.5,96000.0,2,120000.0,2,0
32895.0,104000.0,2,130000.0,2,0
32896.5,136000.0,2,170000.0,2,0
32898.0,96000.0,2,120000.0,2,0
32899.5,136000.0,2,170000.0,2,0
32901.0,232000.0,2,290000.0,2,0
32902.5,56000.0,2,70000.0,2,0
32904.0,112000.0,2,140000.0,2,0
32905.5,144000.0,2,180000.0,2,1
32907.0,160000.0,2,200000.0,2,0
32908.5,72000.0,2,90000.0,2,1
32910.0,64000.0,2,80000.0,2,0
32911.5,104000.0,2,130000.0,2,0
32913.0,16000.0,2,20000.0,2,0
32914.5,160000.0,2,200000.0,2,1
32916.0,160000.0,2,200000.0,2,0
32917.5,96000.0,2,120000.0,2,1
32919.0,48000.0,2,60000.0,2,0
32920.5,272000.0,2,340000.0,2,0
32922.0,120000.0,2,150000.0,2,1
32923.5,128000.0,2,160000.0,2,0
32925.0,160000.0,2,200000.0,2,0
32926.5,40000.0,2,50000.0,2,1
32928.0,136000.0,2,170000.0,2,1
32929.5,224000.0,2,280000.0,2,0
32931.0,216000.0,2,270000.0,2,0
32932.5,96000.0,2,120000.0,2,0
32934.0,224000.0,2,280000.0,2,0
32935.5,40000.0,2,50000.0,2,0
32937.0,160000.0,2,200000.0,2,0
32938.5,40000.0,2,50000.0,2,1
32940.0,120000.0,2,150000.0,2,0
32941.5,40000.0,2,50000.0,2,1
32943.0,120000.0,2,150000.0,2,0
32944.5,120000.0,2,150000.0,2,0
32946.0,72000.0,2,90000.0,2,0
32947.5,400000.0,2,500000.0,2,0
32949.0,240000.0,2,300000.0,2,0
32950.5,192000.0,2,240000.0,2,0
32952.0,96000.0,2,120000.0,2,0
32953.5,96000.0,2,120000.0,2,0
32955.0,312000.0,2,390000.0,2,0
32956.5,160000.0,2,200000.0,2,0
32958.0,64000.0,2,80000.0,2,0
32959.5,16000.0,2,20000.0,2,1
32961.0,40000.0,2,50000.0,2,0
32962.5,56000.0,2,70000.0,2,1
32964.0,136000.0,2,170000.0,2,0
32965.5,64000.0,2,80000.0,2,0
32967.0,248000.0,2,310000.0,2,0
32968.5,184000.0,2,230000.0,2,0
32970.0,16000.0,2,20000.0,2,0
32971.5,216000.0,2,270000.0,2,0
32973.0,184000.0,2,230000.0,2,1
32974.5,184000.0,2,230000.0,2,0
32976.0,160000.0,2,200000.0,2,0
32977.5,24000.0,2,30000.0,2,0
32979.0,240000.0,2,300000.0,2,1
32980.5,400000.0,2,500000.0,2,0
32982.0,136000.0,2,170000.0,2,0
32983.5,160000.0,2,200000.0,2,0
32985.0,400000.0,2,500000.0,2,0
32986.5,40000.0,2,50000.0,2,0
32988.0,120000.0,2,150000.0,2,0
32989.5,80000.0,2,100000.0,2,0
32991.0,120000.0,2,150000.0,2,0
32992.5,136000.0,2,170000.0,2,0
32994.0,80000.0,2,100000.0,2,0
32995.5,128000.0,2,160000.0,2,0
32997.0,72000.0,2,90000.0,2,0
32998.5,152000.0,2,190000.0,2,0
33000.0,160000.0,2,200000.0,2,0
33001.5,40000.0,2,50000.0,2,0
33003.0,208000.0,2,260000.0,2,0
33004.5,200000.0,2,250000.0,2,0
33006.0,184000.0,2,230000.0,2,0
33007.5,192000.0,2,240000.0,2,0
33009.0,88000.0,2,110000.0,2,1
33010.5,48000.0,2,60000.0,2,0
33012.0,64000.0,2,80000.0,2,0
33013.5,184000.0,2,230000.0,2,0
33015.0,168000.0,2,210000.0,2,0
33016.5,80000.0,2,100000.0,2,1
33018.0,40000.0,2,50000.0,2,1
33019.5,40000.0,2,50000.0,2,0
33021.0,32000.0,2,40000.0,2,1
33022.5,72000.0,2,90000.0,2,0
33024.0,56000.0,2,70000.0,2,0
33025.5,24000.0,2,30000.0,2,0
33027.0,136000.0,2,170000.0,2,0
33028.5,64000.0,2,80000.0,2,0
33030.0,112000.0,2,140000.0,2,0
33031.5,24000.0,2,30000.0,2,0
33033.0,32000.0,2,40000.0,2,1
33034.5,40000.0,2,50000.0,2,0
33036.0,184000.0,2,230000.0,2,0
33037.5,48000.0,2,60000.0,2,0
33039.0,48000.0,2,60000.0,2,0
33040.5,200000.0,2,250000.0,2,0
33042.0,192000.0,2,240000.0,2,0
33043.5,248000.0,2,310000.0,2,0
33045.0,256000.0,2,320000.0,2,0
33046.5,16000.0,2,20000.0,2,0
33048.0,240000.0,2,300000.0,2,0
33049.5,40000.0,2,50000.0,2,0
33051.0,456000.0,2,570000.0,2,0
33052.5,128000.0,2,160000.0,2,0
33054.0,184000.0,2,230000.0,2,0
33055.5,200000.0,2,250000.0,2,0
33057.0,64000.0,2,80000.0,2,0
33058.5,48000.0,2,60000.0,2,0
33060.0,72000.0,2,90000.0,2,0
33061.5,120000.0,2,150000.0,2,0
33063.0,72000.0,2,90000.0,2,0
33064.5,120000.0,2,150000.0,2,0
33066.0,120000.0,2,150000.0,2,0
33067.5,320000.0,2,400000.0,2,0
33069.0,160000.0,2,200000.0,2,0
33070.5,168000.0,2,210000.0,2,0
33072.0,112000.0,2,140000.0,2,1
33073.5,176000.0,2,220000.0,2,0
33075.0,200000.0,2,250000.0,2,0
33076.5,96000.0,2,120000.0,2,0
33078.0,160000.0,2,200000.0,2,0
33079.5,40000.0,2,50000.0,2,0
33081.0,40000.0,2,50000.0,2,0
33082.5,184000.0,2,230000.0,2,0
33084.0,80000.0,2,100000.0,2,0
33085.5,40000.0,2,50000.0,2,0
33087.0,264000.0,2,330000.0,2,0
33088.5,72000.0,2,90000.0,2,0
33090.0,120000.0,2,150000.0,2,0
33091.5,56000.0,2,70000.0,2,0
33093.0,64000.0,2,80000.0,2,0
33094.5,104000.0,2,130000.0,2,0
33096.0,104000.0,2,130000.0,2,0
33097.5,112000.0,2,140000.0,2,1
33099.0,192000.0,2,240000.0,2,1
33100.5,128000.0,2,160000.0,2,0
33102.0,40000.0,2,50000.0,2,1
33103.5,400000.0,2,500000.0,2,0
33105.0,208000.0,2,260000.0,2,0
33106.5,80000.0,2,100000.0,2,0
33108.0,104000.0,2,130000.0,2,0
33109.5,64000.0,2,80000.0,2,0
33111.0,320000.0,2,400000.0,2,0
33112.5,288000.0,2,360000.0,2,0
33114.0,152000.0,2,190000.0,2,0
33115.5,72000.0,2,90000.0,2,0
33117.0,40000.0,2,50000.0,2,0
33118.5,64000.0,2,80000.0,2,0
33120.0,96000.0,2,120000.0,2,0
33121.5,80000.0,2,100000.0,2,1
33123.0,136000.0,2,170000.0,2,0
33124.5,72000.0,2,90000.0,2,0
33126.0,320000.0,2,400000.0,2,1
33127.5,184000.0,2,230000.0,2,0
33129.0,208000.0,2,260000.0,2,0
33130.5,88000.0,2,110000.0,2,0
33132.0,400000.0,2,500000.0,2,0
33133.5,72000.0,2,90000.0,2,0
33135.0,48000.0,2,60000.0,2,0
33136.5,256000.0,2,320000.0,2,1
33138.0,256000.0,2,320000.0,2,0
33139.5,152000.0,2,190000.0,2,0
33141.0,64000.0,2,80000.0,2,1
33142.5,184000.0,2,230000.0,2,1
33144.0,248000.0,2,310000.0,2,0
33145.5,208000.0,2,260000.0,2,0
33147.0,160000.0,2,200000.0,2,0
33148.5,160000.0,2,200000.0,2,0
33150.0,160000.0,2,200000.0,2,0
33151.5,40000.0,2,50000.0,2,0
33153.0,40000.0,2,50000.0,2,1
33154.5,40000.0,2,50000.0,2,0
33156.0,192000.0,2,240000.0,2,0
33157.5,80000.0,2,100000.0,2,0
33159.0,184000.0,2,230000.0,2,0
33160.5,184000.0,2,230000.0,2,0
33162.0,192000.0,2,240000.0,2,1
33163.5,120000.0,2,150000.0,2,0
33165.0,120000.0,2,150000.0,2,0
33166.5,160000.0,2,200000.0,2,0
33168.0,48000.0,2,60000.0,2,1
33169.5,40000.0,2,50000.0,2,0
33171.0,112000.0,2,140000.0,2,0
33172.5,176000.0,2,220000.0,2,0
33174.0,240000.0,2,300000.0,2,0
33175.5,240000.0,2,300000.0,2,0
33177.0,160000.0,2,200000.0,2,0
33178.5,64000.0,2,80000.0,2,0
33180.0,344000.0,2,430000.0,2,1
33181.5,48000.0,2,60000.0,2,0
33183.0,136000.0,2,170000.0,2,0
33184.5,40000.0,2,50000.0,2,0
33186.0,336000.0,2,420000.0,2,0
33187.5,64000.0,2,80000.0,2,1
33189.0,184000.0,2,230000.0,2,1
33190.5,216000.0,2,270000.0,2,0
33192.0,400000.0,2,500000.0,2,0
33193.5,176000.0,2,220000.0,2,0
33195.0,144000.0,2,180000.0,2,0
33196.5,40000.0,2,50000.0,2,0
33198.0,16000.0,2,20000.0,2,0
33199.5,16000.0,2,20000.0,2,0
33201.0,64000.0,2,80000.0,2,0
33202.5,96000.0,2,120000.0,2,0
33204.0,32000.0,2,40000.0,2,0
33205.5,80000.0,2,100000.0,2,0
33207.0,72000.0,2,90000.0,2,0
33208.5,128000.0,2,160000.0,2,0
33210.0,80000.0,2,100000.0,2,0
33211.5,184000.0,2,230000.0,2,0
33213.0,48000.0,2,60000.0,2,0
33214.5,240000.0,2,300000.0,2,0
33216.0,112000.0,2,140000.0,2,0
33217.5,240000.0,2,300000.0,2,1
33219.0,48000.0,2,60000.0,2,0
33220.5,288000.0,2,360000.0,2,0
33222.0,80000.0,2,100000.0,2,0
33223.5,80000.0,2,100000.0,2,0
33225.0,256000.0,2,320000.0,2,0
33226.5,400000.0,2,500000.0,2,0
33228.0,144000.0,2,180000.0,2,0
33229.5,224000.0,2,280000.0,2,1
33231.0,112000.0,2,140000.0,2,0
33232.5,160000.0,2,200000.0,2,0
33234.0,216000.0,2,270000.0,2,0
33235.5,184000.0,2,230000.0,2,0
33237.0,168000.0,2,210000.0,2,0
33238.5,136000.0,2,170000.0,2,0
33240.0,184000.0,2,230000.0,2,0
33241.5,240000.0,2,300000.0,2,0
33243.0,120000.0,2,150000.0,2,0
33244.5,288000.0,2,360000.0,2,0
33246.0,88000.0,2,110000.0,2,1
33247.5,120000.0,2,150000.0,2,0
33249.0,40000.0,2,50000.0,2,0
33250.5,136000.0,2,170000.0,2,0
33252.0,168000.0,2,210000.0,2,0
33253.5,40000.0,2,50000.0,2,1
33255.0,160000.0,2,200000.0,2,0
33256.5,80000.0,2,100000.0,2,0
33258.0,144000.0,2,180000.0,2,0
33259.5,64000.0,2,80000.0,2,0
33261.0,64000.0,2,80000.0,2,1
33262.5,40000.0,2,50000.0,2,0
33264.0,448000.0,2,560000.0,2,0
33265.5,120000.0,2,150000.0,2,1
33267.0,248000.0,2,310000.0,2,1
33268.5,168000.0,2,210000.0,2,0
33270.0,160000.0,2,200000.0,2,0
33271.5,80000.0,2,100000.0,2,0
33273.0,160000.0,2,200000.0,2,0
33274.5,32000.0,2,40000.0,2,0
33276.0,64000.0,2,80000.0,2,0
33277.5,288000.0,2,360000.0,2,0
33279.0,232000.0,2,290000.0,2,0
33280.5,72000.0,2,90000.0,2,0
33282.0,224000.0,2,280000.0,2,0
33283.5,40000.0,2,50000.0,2,0
33285.0,160000.0,2,200000.0,2,0
33286.5,320000.0,2,400000.0,2,0
33288.0,168000.0,2,210000.0,2,0
33289.5,40000.0,2,50000.0,2,1
33291.0,120000.0,2,150000.0,2,0
33292.5,184000.0,2,230000.0,2,0
33294.0,56000.0,2,70000.0,2,0
33295.5,360000.0,2,450000.0,2,0
33297.0,64000.0,2,80000.0,2,0
33298.5,304000.0,2,380000.0,2,0
33300.0,80000.0,2,100000.0,2,0
33301.5,24000.0,2,30000.0,2,0
33303.0,112000.0,2,140000.0,2,0
33304.5,256000.0,2,320000.0,2,1
33306.0,16000.0,2,20000.0,2,0
33307.5,280000.0,2,350000.0,2,1
33309.0,144000.0,2,180000.0,2,0
33310.5,24000.0,2,30000.0,2,0
33312.0,88000.0,2,110000.0,2,0
33313.5,40000.0,2,50000.0,2,0
33315.0,160000.0,2,200000.0,2,0
33316.5,80000.0,2,100000.0,2,0
33318.0,80000.0,2,100000.0,2,0
33319.5,120000.0,2,150000.0,2,1
33321.0,48000.0,2,60000.0,2,0
33322.5,64000.0,2,80000.0,2,0
33324.0,120000.0,2,150000.0,2,0
33325.5,24000.0,2,30000.0,2,1
33327.0,120000.0,2,150000.0,2,0
33328.5,200000.0,2,250000.0,2,0
33330.0,400000.0,2,500000.0,2,0
33331.5,184000.0,2,230000.0,2,0
33333.0,128000.0,2,160000.0,2,0
33334.5,288000.0,2,360000.0,2,0
33336.0,320000.0,2,400000.0,2,0
33337.5,104000.0,2,130000.0,2,0
33339.0,64000.0,2,80000.0,2,0
33340.5,128000.0,2,160000.0,2,0
33342.0,312000.0,2,390000.0,2,0
33343.5,160000.0,2,200000.0,2,1
33345.0,24000.0,2,30000.0,2,0
33346.5,40000.0,2,50000.0,2,0
33348.0,144000.0,2,180000.0,2,0
33349.5,160000.0,2,200000.0,2,0
33351.0,144000.0,2,180000.0,2,0
33352.5,200000.0,2,250000.0,2,0
33354.0,144000.0,2,180000.0,2,0
33355.5,40000.0,2,50000.0,2,0
33357.0,176000.0,2,220000.0,2,0
33358.5,288000.0,2,360000.0,2,0
33360.0,400000.0,2,500000.0,2,0
33361.5,40000.0,2,50000.0,2,0
33363.0,120000.0,2,150000.0,2,0
33364.5,120000.0,2,150000.0,2,0
33366.0,240000.0,2,300000.0,2,0
33367.5,104000.0,2,130000.0,2,0
33369.0,24000.0,2,30000.0,2,0
33370.5,72000.0,2,90000.0,2,0
33372.0,72000.0,2,90000.0,2,1
33373.5,56000.0,2,70000.0,2,0
33375.0,64000.0,2,80000.0,2,1
33376.5,48000.0,2,60000.0,2,1
33378.0,48000.0,2,60000.0,2,0
33379.5,336000.0,2,420000.0,2,0
33381.0,160000.0,2,200000.0,2,1
33382.5,176000.0,2,220000.0,2,0
33384.0,136000.0,2,170000.0,2,0
33385.5,400000.0,2,500000.0,2,1
33387.0,48000.0,2,60000.0,2,1
33388.5,112000.0,2,140000.0,2,0
33390.0,80000.0,2,100000.0,2,0
33391.5,144000.0,2,180000.0,2,0
33393.0,288000.0,2,360000.0,2,0
33394.5,336000.0,2,420000.0,2,1
33396.0,160000.0,2,200000.0,2,0
33397.5,208000.0,2,260000.0,2,0
33399.0,240000.0,2,300000.0,2,0
33400.5,320000.0,2,400000.0,2,1
33402.0,176000.0,2,220000.0,2,0
33403.5,104000.0,2,130000.0,2,1
33405.0,120000.0,2,150000.0,2,0
33406.5,224000.0,2,280000.0,2,0
33408.0,184000.0,2,230000.0,2,0
33409.5,144000.0,2,180000.0,2,0
33411.0,216000.0,2,270000.0,2,0
33412.5,152000.0,2,190000.0,2,0
33414.0,120000.0,2,150000.0,2,0
33415.5,184000.0,2,230000.0,2,1
33417.0,56000.0,2,70000.0,2,0
33418.5,400000.0,2,500000.0,2,0
33420.0,40000.0,2,50000.0,2,1
33421.5,176000.0,2,220000.0,2,1
33423.0,168000.0,2,210000.0,2,0
33424.5,208000.0,2,260000.0,2,0
33426.0,224000.0,2,280000.0,2,0
33427.5,144000.0,2,180000.0,2,0
33429.0,24000.0,2,30000.0,2,1
33430.5,16000.0,2,20000.0,2,1
33432.0,160000.0,2,200000.0,2,0
33433.5,64000.0,2,80000.0,2,1
33435.0,72000.0,2,90000.0,2,1
33436.5,16000.0,2,20000.0,2,1
33438.0,24000.0,2,30000.0,2,0
33439.5,56000.0,2,70000.0,2,0
33441.0,160000.0,2,200000.0,2,0
33442.5,336000.0,2,420000.0,2,0
33444.0,104000.0,2,130000.0,2,0
33445.5,128000.0,2,160000.0,2,0
33447.0,256000.0,2,320000.0,2,0
33448.5,104000.0,2,130000.0,2,0
33450.0,160000.0,2,200000.0,2,1
33451.5,256000.0,2,320000.0,2,0
33453.0,320000.0,2,400000.0,2,0
33454.5,312000.0,2,390000.0,2,0
33456.0,80000.0,2,100000.0,2,0
33457.5,80000.0,2,100000.0,2,0
33459.0,320000.0,2,400000.0,2,0
33460.5,80000.0,2,100000.0,2,1
33462.0,240000.0,2,300000.0,2,0
33463.5,16000.0,2,20000.0,2,0
33465.0,40000.0,2,50000.0,2,0
33466.5,80000.0,2,100000.0,2,0
33468.0,160000.0,2,200000.0,2,0
33469.5,240000.0,2,300000.0,2,0
33471.0,192000.0,2,240000.0,2,0
33472.5,192000.0,2,240000.0,2,0
33474.0,96000.0,2,120000.0,2,1
33475.5,280000.0,2,350000.0,2,0
33477.0,472000.0,2,590000.0,2,0
33478.5,192000.0,2,240000.0,2,0
33480.0,160000.0,2,200000.0,2,0
33481.5,240000.0,2,300000.0,2,0
33483.0,192000.0,2,240000.0,2,0
33484.5,136000.0,2,170000.0,2,0
33486.0,376000.0,2,470000.0,2,0
33487.5,88000.0,2,110000.0,2,0
33489.0,24000.0,2,30000.0,2,1
33490.5,64000.0,2,80000.0,2,0
33492.0,80000.0,2,100000.0,2,0
33493.5,128000.0,2,160000.0,2,0
33495.0,88000.0,2,110000.0,2,0
33496.5,120000.0,2,150000.0,2,0
33498.0,312000.0,2,390000.0,2,0
33499.5,144000.0,2,180000.0,2,1
33501.0,240000.0,2,300000.0,2,0
33502.5,320000.0,2,400000.0,2,0
33504.0,88000.0,2,110000.0,2,0
33505.5,96000.0,2,120000.0,2,0
33507.0,160000.0,2,200000.0,2,0
33508.5,96000.0,2,120000.0,2,0
33510.0,216000.0,2,270000.0,2,0
33511.5,200000.0,2,250000.0,2,0
33513.0,104000.0,2,130000.0,2,0
33514.5,232000.0,2,290000.0,2,0
33516.0,168000.0,2,210000.0,2,0
33517.5,160000.0,2,200000.0,2,0
33519.0,192000.0,2,240000.0,2,0
33520.5,136000.0,2,170000.0,2,0
33522.0,144000.0,2,180000.0,2,0
33523.5,224000.0,2,280000.0,2,0
33525.0,392000.0,2,490000.0,2,0
33526.5,192000.0,2,240000.0,2,0
33528.0,120000.0,2,150000.0,2,0
33529.5,280000.0,2,350000.0,2,0
33531.0,64000.0,2,80000.0,2,0
33532.5,264000.0,2,330000.0,2,0
33534.0,16000.0,2,20000.0,2,0
33535.5,168000.0,2,210000.0,2,0
33537.0,320000.0,2,400000.0,2,0
33538.5,184000.0,2,230000.0,2,0
33540.0,160000.0,2,200000.0,2,0
33541.5,144000.0,2,180000.0,2,0
33543.0,160000.0,2,200000.0,2,0
33544.5,40000.0,2,50000.0,2,0
33546.0,232000.0,2,290000.0,2,0
33547.5,80000.0,2,100000.0,2,0
33549.0,120000.0,2,150000.0,2,1
33550.5,16000.0,2,20000.0,2,0
33552.0,160000.0,2,200000.0,2,0
33553.5,64000.0,2,80000.0,2,0
33555.0,232000.0,2,290000.0,2,0
33556.5,160000.0,2,200000.0,2,0
33558.0,120000.0,2,150000.0,2,0
33559.5,144000.0,2,180000.0,2,0
33561.0,336000.0,2,420000.0,2,0
33562.5,24000.0,2,30000.0,2,1
33564.0,184000.0,2,230000.0,2,0
33565.5,48000.0,2,60000.0,2,0
33567.0,176000.0,2,220000.0,2,0
33568.5,192000.0,2,240000.0,2,0
33570.0,112000.0,2,140000.0,2,0
33571.5,160000.0,2,200000.0,2,0
33573.0,328000.0,2,410000.0,2,0
33574.5,112000.0,2,140000.0,2,0
33576.0,64000.0,2,80000.0,2,0
33577.5,272000.0,2,340000.0,2,0
33579.0,112000.0,2,140000.0,2,1
33580.5,136000.0,2,170000.0,2,1
33582.0,232000.0,2,290000.0,2,0
33583.5,288000.0,2,360000.0,2,0
33585.0,248000.0,2,310000.0,2,1
33586.5,400000.0,2,500000.0,2,0
33588.0,200000.0,2,250000.0,2,1
33589.5,400000.0,2,500000.0,2,0
33591.0,64000.0,2,80000.0,2,0
33592.5,144000.0,2,180000.0,2,0
33594.0,256000.0,2,320000.0,2,0
33595.5,104000.0,2,130000.0,2,0
33597.0,200000.0,2,250000.0,2,0
33598.5,304000.0,2,380000.0,2,0
33600.0,160000.0,2,200000.0,2,0
33601.5,208000.0,2,260000.0,2,0
33603.0,120000.0,2,150000.0,2,1
33604.5,80000.0,2,100000.0,2,0
33606.0,144000.0,2,180000.0,2,0
33607.5,120000.0,2,150000.0,2,0
33609.0,184000.0,2,230000.0,2,0
33610.5,128000.0,2,160000.0,2,0
33612.0,288000.0,2,360000.0,2,0
33613.5,120000.0,2,150000.0,2,0
33615.0,288000.0,2,360000.0,2,1
33616.5,8000.0,2,10000.0,2,0
33618.0,16000.0,2,20000.0,2,1
33619.5,40000.0,2,50000.0,2,0
33621.0,40000.0,2,50000.0,2,0
33622.5,48000.0,2,60000.0,2,1
33624.0,16000.0,2,20000.0,2,0
33625.5,104000.0,2,130000.0,2,0
33627.0,40000.0,2,50000.0,2,0
33628.5,280000.0,2,350000.0,2,0
33630.0,168000.0,2,210000.0,2,0
33631.5,8000.0,2,10000.0,2,0
33633.0,16000.0,2,20000.0,2,0
33634.5,64000.0,2,80000.0,2,0
33636.0,88000.0,2,110000.0,2,1
33637.5,144000.0,2,180000.0,2,0
33639.0,288000.0,2,360000.0,2,0
33640.5,200000.0,2,250000.0,2,0
33642.0,144000.0,2,180000.0,2,0
33643.5,152000.0,2,190000.0,2,0
33645.0,120000.0,2,150000.0,2,0
33646.5,72000.0,2,90000.0,2,0
33648.0,184000.0,2,230000.0,2,0
33649.5,96000.0,2,120000.0,2,0
33651.0,80000.0,2,100000.0,2,1
33652.5,48000.0,2,60000.0,2,0
33654.0,288000.0,2,360000.0,2,0
33655.5,248000.0,2,310000.0,2,0
33657.0,224000.0,2,280000.0,2,0
33658.5,24000.0,2,30000.0,2,0
33660.0,208000.0,2,260000.0,2,0
33661.5,144000.0,2,180000.0,2,0
33663.0,264000.0,2,330000.0,2,0
33664.5,320000.0,2,400000.0,2,1
33666.0,72000.0,2,90000.0,2,0
33667.5,160000.0,2,200000.0,2,1
33669.0,224000.0,2,280000.0,2,0
33670.5,280000.0,2,350000.0,2,0
33672.0,40000.0,2,50000.0,2,0
33673.5,40000.0,2,50000.0,2,0
33675.0,96000.0,2,120000.0,2,0
33676.5,64000.0,2,80000.0,2,0
33678.0,72000.0,2,90000.0,2,0
33679.5,40000.0,2,50000.0,2,0
33681.0,144000.0,2,180000.0,2,0
33682.5,160000.0,2,200000.0,2,0
33684.0,336000.0,2,420000.0,2,0
33685.5,216000.0,2,270000.0,2,0
33687.0,40000.0,2,50000.0,2,0
33688.5,24000.0,2,30000.0,2,0
33690.0,136000.0,2,170000.0,2,0
33691.5,136000.0,2,170000.0,2,0
33693.0,120000.0,2,150000.0,2,1
33694.5,16000.0,2,20000.0,2,0
33696.0,96000.0,2,120000.0,2,0
33697.5,40000.0,2,50000.0,2,1
33699.0,400000.0,2,500000.0,2,0
33700.5,32000.0,2,40000.0,2,1
33702.0,56000.0,2,70000.0,2,0
33703.5,24000.0,2,30000.0,2,1
33705.0,56000.0,2,70000.0,2,1
33706.5,16000.0,2,20000.0,2,1
33708.0,112000.0,2,140000.0,2,0
33709.5,160000.0,2,200000.0,2,1
33711.0,72000.0,2,90000.0,2,0
33712.5,24000.0,2,30000.0,2,0
33714.0,208000.0,2,260000.0,2,0
33715.5,80000.0,2,100000.0,2,0
33717.0,120000.0,2,150000.0,2,0
33718.5,40000.0,2,50000.0,2,1
33720.0,160000.0,2,200000.0,2,0
33721.5,384000.0,2,480000.0,2,0
33723.0,120000.0,2,150000.0,2,0
33724.5,64000.0,2,80000.0,2,0
33726.0,248000.0,2,310000.0,2,0
33727.5,160000.0,2,200000.0,2,0
33729.0,16000.0,2,20000.0,2,0
33730.5,384000.0,2,480000.0,2,0
33732.0,160000.0,2,200000.0,2,0
33733.5,16000.0,2,20000.0,2,0
33735.0,240000.0,2,300000.0,2,0
33736.5,184000.0,2,230000.0,2,0
33738.0,40000.0,2,50000.0,2,1
33739.5,40000.0,2,50000.0,2,0
33741.0,88000.0,2,110000.0,2,0
33742.5,56000.0,2,70000.0,2,1
33744.0,40000.0,2,50000.0,2,0
33745.5,40000.0,2,50000.0,2,1
33747.0,352000.0,2,440000.0,2,0
33748.5,120000.0,2,150000.0,2,0
33750.0,336000.0,2,420000.0,2,0
33751.5,144000.0,2,180000.0,2,0
33753.0,184000.0,2,230000.0,2,0
33754.5,40000.0,2,50000.0,2,1
33756.0,208000.0,2,260000.0,2,1
33757.5,208000.0,2,260000.0,2,1
33759.0,248000.0,2,310000.0,2,1
33760.5,48000.0,2,60000.0,2,1
33762.0,96000.0,2,120000.0,2,0
33763.5,320000.0,2,400000.0,2,0
33765.0,64000.0,2,80000.0,2,0
33766.5,48000.0,2,60000.0,2,0
33768.0,128000.0,2,160000.0,2,0
33769.5,176000.0,2,220000.0,2,0
33771.0,240000.0,2,300000.0,2,0
33772.5,80000.0,2,100000.0,2,0
33774.0,48000.0,2,60000.0,2,0
33775.5,64000.0,2,80000.0,2,0
33777.0,8000.0,2,10000.0,2,0
33778.5,24000.0,2,30000.0,2,0
33780.0,400000.0,2,500000.0,2,0
33781.5,32000.0,2,40000.0,2,1
33783.0,240000.0,2,300000.0,2,0
33784.5,16000.0,2,20000.0,2,0
33786.0,224000.0,2,280000.0,2,1
33787.5,152000.0,2,190000.0,2,0
33789.0,400000.0,2,500000.0,2,0
33790.5,200000.0,2,250000.0,2,0
33792.0,96000.0,2,120000.0,2,0
33793.5,16000.0,2,20000.0,2,0
33795.0,168000.0,2,210000.0,2,0
33796.5,176000.0,2,220000.0,2,0
33798.0,24000.0,2,30000.0,2,0
33799.5,272000.0,2,340000.0,2,0
33801.0,144000.0,2,180000.0,2,0
33802.5,32000.0,2,40000.0,2,1
33804.0,16000.0,2,20000.0,2,0
33805.5,104000.0,2,130000.0,2,1
33807.0,40000.0,2,50000.0,2,1
33808.5,240000.0,2,300000.0,2,0
33810.0,112000.0,2,140000.0,2,0
33811.5,208000.0,2,260000.0,2,0
33813.0,80000.0,2,100000.0,2,0
33814.5,104000.0,2,130000.0,2,1
33816.0,160000.0,2,200000.0,2,1
33817.5,160000.0,2,200000.0,2,1
33819.0,160000.0,2,200000.0,2,0
33820.5,144000.0,2,180000.0,2,0
33822.0,288000.0,2,360000.0,2,1
33823.5,336000.0,2,420000.0,2,0
33825.0,144000.0,2,180000.0,2,0
33826.5,40000.0,2,50000.0,2,0
33828.0,96000.0,2,120000.0,2,1
33829.5,64000.0,2,80000.0,2,0
33831.0,144000.0,2,180000.0,2,0
33832.5,16000.0,2,20000.0,2,1
33834.0,144000.0,2,180000.0,2,0
33835.5,184000.0,2,230000.0,2,0
33837.0,64000.0,2,80000.0,2,0
33838.5,72000.0,2,90000.0,2,0
33840.0,240000.0,2,300000.0,2,0
33841.5,128000.0,2,160000.0,2,1
33843.0,144000.0,2,180000.0,2,0
33844.5,128000.0,2,160000.0,2,0
33846.0,184000.0,2,230000.0,2,0
33847.5,288000.0,2,360000.0,2,0
33849.0,400000.0,1,500000.0,1,0
33850.5,96000.0,1,120000.0,1,0
33852.0,224000.0,1,280000.0,1,1
33853.5,160000.0,1,200000.0,1,0
33855.0,144000.0,1,180000.0,1,0
33856.5,192000.0,2,240000.0,2,1
33858.0,400000.0,2,500000.0,2,0
33859.5,144000.0,2,180000.0,2,0
33861.0,264000.0,2,330000.0,2,0
33862.5,336000.0,2,420000.0,2,0
33864.0,176000.0,2,220000.0,2,0
33865.5,136000.0,2,170000.0,2,0
33867.0,112000.0,2,140000.0,2,0
33868.5,160000.0,2,200000.0,2,0
33870.0,184000.0,2,230000.0,2,0
33871.5,120000.0,2,150000.0,2,0
33873.0,192000.0,2,240000.0,2,0
33874.5,168000.0,2,210000.0,2,0
33876.0,400000.0,2,500000.0,2,0
33877.5,144000.0,2,180000.0,2,0
33879.0,48000.0,2,60000.0,2,0
33880.5,232000.0,2,290000.0,2,0
33882.0,64000.0,2,80000.0,2,0
33883.5,144000.0,2,180000.0,2,0
33885.0,280000.0,2,350000.0,2,0
33886.5,128000.0,2,160000.0,2,1
33888.0,168000.0,2,210000.0,2,0
33889.5,128000.0,2,160000.0,2,0
33891.0,280000.0,2,350000.0,2,0
33892.5,104000.0,2,130000.0,2,0
33894.0,192000.0,2,240000.0,2,0
33895.5,264000.0,2,330000.0,2,0
33897.0,400000.0,2,500000.0,2,1
33898.5,136000.0,2,170000.0,2,0
33900.0,192000.0,2,240000.0,2,0
33901.5,144000.0,2,180000.0,2,1
33903.0,208000.0,2,260000.0,2,0
33904.5,104000.0,2,130000.0,2,0
33906.0,24000.0,2,30000.0,2,0
33907.5,352000.0,2,440000.0,2,0
33909.0,208000.0,2,260000.0,2,0
33910.5,24000.0,2,30000.0,2,0
33912.0,312000.0,2,390000.0,2,0
33913.5,208000.0,2,260000.0,2,0
33915.0,56000.0,2,70000.0,2,0
33916.5,160000.0,2,200000.0,2,0
33918.0,120000.0,2,150000.0,2,0
33919.5,368000.0,2,460000.0,2,0
33921.0,144000.0,2,180000.0,2,0
33922.5,56000.0,2,70000.0,2,0
33924.0,200000.0,2,250000.0,2,0
33925.5,136000.0,2,170000.0,2,0
33927.0,128000.0,2,160000.0,2,0
33928.5,64000.0,2,80000.0,2,1
33930.0,320000.0,2,400000.0,2,0
33931.5,16000.0,2,20000.0,2,1
33933.0,104000.0,2,130000.0,2,0
33934.5,48000.0,2,60000.0,2,0
33936.0,72000.0,2,90000.0,2,0
33937.5,168000.0,2,210000.0,2,0
33939.0,304000.0,2,380000.0,2,0
33940.5,160000.0,2,200000.0,2,0
33942.0,144000.0,2,180000.0,2,1
33943.5,16000.0,2,20000.0,2,0
33945.0,280000.0,2,350000.0,2,0
33946.5,160000.0,2,200000.0,2,0
33948.0,320000.0,2,400000.0,2,0
33949.5,184000.0,2,230000.0,2,0
33951.0,184000.0,2,230000.0,2,1
33952.5,40000.0,2,50000.0,2,0
33954.0,240000.0,2,300000.0,2,0
33955.5,184000.0,2,230000.0,2,0
33957.0,40000.0,2,50000.0,2,0
33958.5,120000.0,2,150000.0,2,0
33960.0,208000.0,2,260000.0,2,0
33961.5,256000.0,2,320000.0,2,1
33963.0,80000.0,2,100000.0,2,0
33964.5,48000.0,2,60000.0,2,0
33966.0,336000.0,2,420000.0,2,0
33967.5,400000.0,2,500000.0,2,0
33969.0,360000.0,2,450000.0,2,0
33970.5,24000.0,2,30000.0,2,1
33972.0,48000.0,2,60000.0,2,1
33973.5,144000.0,2,180000.0,2,0
33975.0,256000.0,2,320000.0,2,0
33976.5,200000.0,2,250000.0,2,0
33978.0,24000.0,2,30000.0,2,0
33979.5,288000.0,2,360000.0,2,0
33981.0,288000.0,2,360000.0,2,0
33982.5,120000.0,2,150000.0,2,0
33984.0,320000.0,2,400000.0,2,0
33985.5,280000.0,2,350000.0,2,1
33987.0,64000.0,2,80000.0,2,0
33988.5,112000.0,2,140000.0,2,0
33990.0,120000.0,2,150000.0,2,0
33991.5,384000.0,2,480000.0,2,0
33993.0,160000.0,2,200000.0,2,0
33994.5,144000.0,2,180000.0,2,0
33996.0,208000.0,2,260000.0,2,0
33997.5,360000.0,2,450000.0,2,0
33999.0,112000.0,2,140000.0,2,0
34000.5,176000.0,2,220000.0,2,1
34002.0,80000.0,2,100000.0,2,0
34003.5,128000.0,2,160000.0,2,0
34005.0,112000.0,2,140000.0,2,0
34006.5,160000.0,2,200000.0,2,0
34008.0,368000.0,2,460000.0,2,0
34009.5,40000.0,2,50000.0,2,0
34011.0,80000.0,2,100000.0,2,0
34012.5,120000.0,2,150000.0,2,0
34014.0,368000.0,2,460000.0,2,0
34015.5,288000.0,2,360000.0,2,0
34017.0,144000.0,2,180000.0,2,0
34018.5,376000.0,2,470000.0,2,0
34020.0,256000.0,2,320000.0,2,0
34021.5,288000.0,2,360000.0,2,0
34023.0,48000.0,2,60000.0,2,0
34024.5,248000.0,2,310000.0,2,0
34026.0,112000.0,2,140000.0,2,0
34027.5,360000.0,2,450000.0,2,0
34029.0,168000.0,2,210000.0,2,0
34030.5,144000.0,2,180000.0,2,1
34032.0,288000.0,2,360000.0,2,0
34033.5,40000.0,2,50000.0,2,1
34035.0,272000.0,2,340000.0,2,0
34036.5,112000.0,2,140000.0,2,0
34038.0,96000.0,2,120000.0,2,0
34039.5,144000.0,2,180000.0,2,1
34041.0,288000.0,2,360000.0,2,0
34042.5,272000.0,2,340000.0,2,0
34044.0,160000.0,2,200000.0,2,0
34045.5,64000.0,2,80000.0,2,0
34047.0,400000.0,2,500000.0,2,0
34048.5,120000.0,2,150000.0,2,0
34050.0,16000.0,2,20000.0,2,1
34051.5,400000.0,2,500000.0,2,0
34053.0,272000.0,2,340000.0,2,0
34054.5,400000.0,2,500000.0,2,0
34056.0,192000.0,2,240000.0,2,0
34057.5,64000.0,2,80000.0,2,0
34059.0,160000.0,2,200000.0,2,0
34060.5,184000.0,2,230000.0,2,0
34062.0,240000.0,2,300000.0,2,0
34063.5,112000.0,2,140000.0,2,1
34065.0,240000.0,2,300000.0,2,0
34066.5,288000.0,2,360000.0,2,1
34068.0,256000.0,2,320000.0,2,1
34069.5,304000.0,2,380000.0,2,0
34071.0,136000.0,2,170000.0,2,0
34072.5,240000.0,2,300000.0,2,0
34074.0,48000.0,2,60000.0,2,0
34075.5,192000.0,2,240000.0,2,0
34077.0,400000.0,2,500000.0,2,0
34078.5,184000.0,2,230000.0,2,0
34080.0,232000.0,2,290000.0,2,0
34081.5,48000.0,2,60000.0,2,0
34083.0,80000.0,2,100000.0,2,0
34084.5,216000.0,2,270000.0,2,0
34086.0,224000.0,2,280000.0,2,0
34087.5,80000.0,2,100000.0,2,0
34089.0,80000.0,2,100000.0,2,0
34090.5,72000.0,2,90000.0,2,0
34092.0,224000.0,2,280000.0,2,1
34093.5,120000.0,2,150000.0,2,0
34095.0,56000.0,2,70000.0,2,0
34096.5,144000.0,2,180000.0,2,0
34098.0,152000.0,2,190000.0,2,0
34099.5,400000.0,2,500000.0,2,0
34101.0,152000.0,2,190000.0,2,0
34102.5,168000.0,2,210000.0,2,0
34104.0,48000.0,2,60000.0,2,0
34105.5,160000.0,2,200000.0,2,0
34107.0,376000.0,2,470000.0,2,0
34108.5,208000.0,2,260000.0,2,0
34110.0,112000.0,2,140000.0,2,0
34111.5,152000.0,2,190000.0,2,1
34113.0,64000.0,2,80000.0,2,0
34114.5,248000.0,2,310000.0,2,0
34116.0,120000.0,2,150000.0,2,0
34117.5,272000.0,2,340000.0,2,1
34119.0,288000.0,2,360000.0,2,0
34120.5,200000.0,2,250000.0,2,0
34122.0,176000.0,2,220000.0,2,0
34123.5,24000.0,2,30000.0,2,0
34125.0,168000.0,2,210000.0,2,0
34126.5,280000.0,2,350000.0,2,1
34128.0,216000.0,2,270000.0,2,0
34129.5,160000.0,2,200000.0,2,0
34131.0,56000.0,2,70000.0,2,1
34132.5,176000.0,2,220000.0,2,0
34134.0,184000.0,2,230000.0,2,1
34135.5,96000.0,2,120000.0,2,0
34137.0,288000.0,2,360000.0,2,0
34138.5,168000.0,2,210000.0,2,0
34140.0,368000.0,2,460000.0,2,1
34141.5,400000.0,2,500000.0,2,0
34143.0,144000.0,2,180000.0,2,0
34144.5,144000.0,2,180000.0,2,0
34146.0,176000.0,2,220000.0,2,0
34147.5,480000.0,2,600000.0,2,0
34149.0,144000.0,2,180000.0,2,1
34150.5,288000.0,2,360000.0,2,0
34152.0,496000.0,2,620000.0,2,0
34153.5,48000.0,2,60000.0,2,1
34155.0,80000.0,2,100000.0,2,0
34156.5,160000.0,2,200000.0,2,0
34158.0,40000.0,2,50000.0,2,0
34159.5,160000.0,2,200000.0,2,1
34161.0,8000.0,2,10000.0,2,1
34162.5,224000.0,2,280000.0,2,0
34164.0,360000.0,2,450000.0,2,0
34165.5,208000.0,2,260000.0,2,1
34167.0,112000.0,2,140000.0,2,0
34168.5,312000.0,2,390000.0,2,0
34170.0,280000.0,2,350000.0,2,0
34171.5,40000.0,2,50000.0,2,0
34173.0,96000.0,2,120000.0,2,0
34174.5,64000.0,2,80000.0,2,0
34176.0,128000.0,2,160000.0,2,0
34177.5,72000.0,2,90000.0,2,0
34179.0,152000.0,2,190000.0,2,1
34180.5,80000.0,2,100000.0,2,1
34182.0,168000.0,2,210000.0,2,0
34183.5,128000.0,2,160000.0,2,0
34185.0,192000.0,2,240000.0,2,1
34186.5,16000.0,2,20000.0,2,0
34188.0,176000.0,2,220000.0,2,1
34189.5,208000.0,2,260000.0,2,0
34191.0,400000.0,2,500000.0,2,0
34192.5,160000.0,2,200000.0,2,0
34194.0,208000.0,2,260000.0,2,1
34195.5,136000.0,2,170000.0,2,0
34197.0,120000.0,2,150000.0,2,0
34198.5,288000.0,2,360000.0,2,0
34200.0,208000.0,2,260000.0,2,0
34201.5,136000.0,2,170000.0,2,0
34203.0,184000.0,2,230000.0,2,0
34204.5,496000.0,2,620000.0,2,0
34206.0,144000.0,2,180000.0,2,0
34207.5,144000.0,2,180000.0,2,0
34209.0,24000.0,2,30000.0,2,1
34210.5,240000.0,2,300000.0,2,0
34212.0,296000.0,2,370000.0,2,0
34213.5,64000.0,2,80000.0,2,0
34215.0,160000.0,2,200000.0,2,0
34216.5,120000.0,2,150000.0,2,0
34218.0,168000.0,2,210000.0,2,0
34219.5,56000.0,2,70000.0,2,0
34221.0,64000.0,2,80000.0,2,0
34222.5,40000.0,2,50000.0,2,0
34224.0,168000.0,2,210000.0,2,1
34225.5,208000.0,2,260000.0,2,0
34227.0,136000.0,2,170000.0,2,0
34228.5,288000.0,2,360000.0,2,0
34230.0,400000.0,2,500000.0,2,0
34231.5,232000.0,2,290000.0,2,0
34233.0,160000.0,2,200000.0,2,0
34234.5,72000.0,2,90000.0,2,0
34236.0,80000.0,2,100000.0,2,0
34237.5,232000.0,2,290000.0,2,0
34239.0,40000.0,2,50000.0,2,1
34240.5,120000.0,2,150000.0,2,0
34242.0,320000.0,2,400000.0,2,0
34243.5,40000.0,2,50000.0,2,0
34245.0,320000.0,2,400000.0,2,0
34246.5,40000.0,2,50000.0,2,1
34248.0,40000.0,2,50000.0,2,1
34249.5,80000.0,2,100000.0,2,0
34251.0,136000.0,2,170000.0,2,0
34252.5,120000.0,2,150000.0,2,0
34254.0,288000.0,2,360000.0,2,0
34255.5,40000.0,2,50000.0,2,1
34257.0,144000.0,2,180000.0,2,0
34258.5,280000.0,2,350000.0,2,0
34260.0,96000.0,2,120000.0,2,0
34261.5,112000.0,2,140000.0,2,0
34263.0,120000.0,2,150000.0,2,0
34264.5,208000.0,2,260000.0,2,1
34266.0,40000.0,2,50000.0,2,1
34267.5,144000.0,2,180000.0,2,0
34269.0,232000.0,2,290000.0,2,0
34270.5,32000.0,2,40000.0,2,0
34272.0,248000.0,2,310000.0,2,0
34273.5,56000.0,2,70000.0,2,1
34275.0,144000.0,2,180000.0,2,0
34276.5,456000.0,2,570000.0,2,0
34278.0,120000.0,2,150000.0,2,1
34279.5,16000.0,2,20000.0,2,0
34281.0,144000.0,2,180000.0,2,0
34282.5,80000.0,2,100000.0,2,0
34284.0,72000.0,2,90000.0,2,1
34285.5,120000.0,2,150000.0,2,0
34287.0,392000.0,2,490000.0,2,0
34288.5,24000.0,2,30000.0,2,1
34290.0,240000.0,2,300000.0,2,0
34291.5,112000.0,2,140000.0,2,1
34293.0,40000.0,2,50000.0,2,0
34294.5,120000.0,2,150000.0,2,1
34296.0,280000.0,2,350000.0,2,0
34297.5,112000.0,2,140000.0,2,0
34299.0,64000.0,2,80000.0,2,0
34300.5,64000.0,2,80000.0,2,0
34302.0,168000.0,2,210000.0,2,0
34303.5,88000.0,2,110000.0,2,0
34305.0,96000.0,2,120000.0,2,0
34306.5,144000.0,2,180000.0,2,0
34308.0,272000.0,2,340000.0,2,1
34309.5,176000.0,2,220000.0,2,0
34311.0,184000.0,2,230000.0,2,0
34312.5,136000.0,2,170000.0,2,0
34314.0,56000.0,2,70000.0,2,0
34315.5,40000.0,2,50000.0,2,0
34317.0,160000.0,2,200000.0,2,0
34318.5,232000.0,2,290000.0,2,1
34320.0,64000.0,2,80000.0,2,0
34321.5,24000.0,2,30000.0,2,0
34323.0,224000.0,2,280000.0,2,1
34324.5,80000.0,2,100000.0,2,0
34326.0,40000.0,2,50000.0,2,0
34327.5,192000.0,2,240000.0,2,1
34329.0,192000.0,2,240000.0,2,0
34330.5,80000.0,2,100000.0,2,0
34332.0,168000.0,2,210000.0,2,0
34333.5,320000.0,2,400000.0,2,0
34335.0,224000.0,2,280000.0,2,0
34336.5,144000.0,2,180000.0,2,0
34338.0,400000.0,2,500000.0,2,0
34339.5,160000.0,2,200000.0,2,0
34341.0,400000.0,2,500000.0,2,1
34342.5,160000.0,2,200000.0,2,0
34344.0,88000.0,2,110000.0,2,0
34345.5,224000.0,2,280000.0,2,0
34347.0,80000.0,2,100000.0,2,1
34348.5,56000.0,2,70000.0,2,0
34350.0,104000.0,2,130000.0,2,0
34351.5,24000.0,2,30000.0,2,1
34353.0,24000.0,2,30000.0,2,0
34354.5,144000.0,2,180000.0,2,0
34356.0,80000.0,2,100000.0,2,0
34357.5,120000.0,2,150000.0,2,0
34359.0,112000.0,2,140000.0,2,0
34360.5,192000.0,2,240000.0,2,0
34362.0,144000.0,2,180000.0,2,0
34363.5,272000.0,2,340000.0,2,0
34365.0,160000.0,2,200000.0,2,0
34366.5,288000.0,2,360000.0,2,1
34368.0,400000.0,2,500000.0,2,0
34369.5,216000.0,2,270000.0,2,0
34371.0,112000.0,2,140000.0,2,0
34372.5,96000.0,2,120000.0,2,0
34374.0,168000.0,2,210000.0,2,0
34375.5,240000.0,2,300000.0,2,0
34377.0,288000.0,2,360000.0,2,0
34378.5,96000.0,2,120000.0,2,0
34380.0,344000.0,2,430000.0,2,0
34381.5,200000.0,2,250000.0,2,0
34383.0,144000.0,2,180000.0,2,1
34384.5,136000.0,2,170000.0,2,0
34386.0,400000.0,2,500000.0,2,0
34387.5,16000.0,2,20000.0,2,0
34389.0,160000.0,2,200000.0,2,0
34390.5,40000.0,2,50000.0,2,0
34392.0,96000.0,2,120000.0,2,0
34393.5,272000.0,2,340000.0,2,0
34395.0,64000.0,2,80000.0,2,0
34396.5,72000.0,2,90000.0,2,0
34398.0,72000.0,2,90000.0,2,0
34399.5,64000.0,2,80000.0,2,0
34401.0,136000.0,2,170000.0,2,0
34402.5,184000.0,2,230000.0,2,0
34404.0,232000.0,2,290000.0,2,0
34405.5,288000.0,2,360000.0,2,0
34407.0,216000.0,2,270000.0,2,0
34408.5,48000.0,2,60000.0,2,0
34410.0,288000.0,2,360000.0,2,0
34411.5,80000.0,2,100000.0,2,0
34413.0,144000.0,2,180000.0,2,0
34414.5,64000.0,2,80000.0,2,0
34416.0,64000.0,2,80000.0,2,0
34417.5,176000.0,2,220000.0,2,0
34419.0,192000.0,2,240000.0,2,0
34420.5,168000.0,2,210000.0,2,1
34422.0,216000.0,2,270000.0,2,0
34423.5,136000.0,2,170000.0,2,1
34425.0,152000.0,2,190000.0,2,0
34426.5,160000.0,2,200000.0,2,1
34428.0,192000.0,2,240000.0,2,0
34429.5,120000.0,2,150000.0,2,0
34431.0,72000.0,2,90000.0,2,0
34432.5,320000.0,2,400000.0,2,0
34434.0,336000.0,2,420000.0,2,0
34435.5,112000.0,2,140000.0,2,0
34437.0,40000.0,2,50000.0,2,0
34438.5,168000.0,2,210000.0,2,0
34440.0,168000.0,2,210000.0,2,0
34441.5,144000.0,2,180000.0,2,0
34443.0,80000.0,2,100000.0,2,0
34444.5,240000.0,2,300000.0,2,0
34446.0,200000.0,2,250000.0,2,0
34447.5,160000.0,2,200000.0,2,0
34449.0,304000.0,2,380000.0,2,0
34450.5,24000.0,2,30000.0,2,0
34452.0,64000.0,2,80000.0,2,1
34453.5,240000.0,2,300000.0,2,0
34455.0,192000.0,2,240000.0,2,0
34456.5,64000.0,2,80000.0,2,0
34458.0,224000.0,2,280000.0,2,0
34459.5,40000.0,2,50000.0,2,1
34461.0,160000.0,2,200000.0,2,1
34462.5,168000.0,2,210000.0,2,0
34464.0,128000.0,2,160000.0,2,0
34465.5,104000.0,2,130000.0,2,0
34467.0,240000.0,2,300000.0,2,0
34468.5,40000.0,2,50000.0,2,1
34470.0,120000.0,2,150000.0,2,0
34471.5,400000.0,2,500000.0,2,0
34473.0,216000.0,2,270000.0,2,0
34474.5,400000.0,2,500000.0,2,0
34476.0,160000.0,2,200000.0,2,0
34477.5,240000.0,2,300000.0,2,0
34479.0,184000.0,2,230000.0,2,0
34480.5,400000.0,2,500000.0,2,0
34482.0,64000.0,2,80000.0,2,0
34483.5,400000.0,2,500000.0,2,0
34485.0,24000.0,2,30000.0,2,0
34486.5,136000.0,2,170000.0,2,0
34488.0,56000.0,2,70000.0,2,0
34489.5,248000.0,2,310000.0,2,0
34491.0,40000.0,2,50000.0,2,0
34492.5,144000.0,2,180000.0,2,0
34494.0,248000.0,2,310000.0,2,0
34495.5,400000.0,2,500000.0,2,0
34497.0,264000.0,2,330000.0,2,0
34498.5,120000.0,2,150000.0,2,0
34500.0,88000.0,2,110000.0,2,0
34501.5,184000.0,2,230000.0,2,1
34503.0,40000.0,2,50000.0,2,0
34504.5,48000.0,2,60000.0,2,0
34506.0,200000.0,2,250000.0,2,0
34507.5,360000.0,2,450000.0,2,0
34509.0,208000.0,2,260000.0,2,1
34510.5,304000.0,2,380000.0,2,0
34512.0,192000.0,2,240000.0,2,0
34513.5,24000.0,2,30000.0,2,1
34515.0,72000.0,2,90000.0,2,0
34516.5,184000.0,2,230000.0,2,1
34518.0,48000.0,2,60000.0,2,0
34519.5,136000.0,2,170000.0,2,0
34521.0,352000.0,2,440000.0,2,0
34522.5,96000.0,2,120000.0,2,0
34524.0,192000.0,2,240000.0,2,0
34525.5,208000.0,2,260000.0,2,0
34527.0,240000.0,2,300000.0,2,0
34528.5,152000.0,2,190000.0,2,0
34530.0,88000.0,2,110000.0,2,1
34531.5,224000.0,2,280000.0,2,0
34533.0,176000.0,2,220000.0,2,0
34534.5,224000.0,2,280000.0,2,0
34536.0,56000.0,2,70000.0,2,1
34537.5,400000.0,2,500000.0,2,0
34539.0,104000.0,2,130000.0,2,0
34540.5,488000.0,2,610000.0,2,0
34542.0,168000.0,2,210000.0,2,0
34543.5,168000.0,2,210000.0,2,0
34545.0,64000.0,2,80000.0,2,0
34546.5,120000.0,2,150000.0,2,1
34548.0,128000.0,2,160000.0,2,0
34549.5,120000.0,2,150000.0,2,0
34551.0,104000.0,2,130000.0,2,0
34552.5,168000.0,2,210000.0,2,0
34554.0,288000.0,2,360000.0,2,0
34555.5,400000.0,2,500000.0,2,0
34557.0,176000.0,2,220000.0,2,0
34558.5,256000.0,2,320000.0,2,0
34560.0,176000.0,2,220000.0,2,1
34561.5,64000.0,2,80000.0,2,0
34563.0,168000.0,2,210000.0,2,0
34564.5,128000.0,2,160000.0,2,0
34566.0,128000.0,2,160000.0,2,1
34567.5,352000.0,2,440000.0,2,0
34569.0,72000.0,2,90000.0,2,0
34570.5,184000.0,2,230000.0,2,0
34572.0,144000.0,2,180000.0,2,0
34573.5,352000.0,2,440000.0,2,0
34575.0,160000.0,2,200000.0,2,1
34576.5,176000.0,2,220000.0,2,0
34578.0,288000.0,2,360000.0,2,0
34579.5,96000.0,2,120000.0,2,1
34581.0,16000.0,2,20000.0,2,0
34582.5,184000.0,2,230000.0,2,0
34584.0,24000.0,2,30000.0,2,0
34585.5,128000.0,2,160000.0,2,1
34587.0,136000.0,2,170000.0,2,0
34588.5,112000.0,2,140000.0,2,0
34590.0,128000.0,2,160000.0,2,1
34591.5,400000.0,2,500000.0,2,0
34593.0,64000.0,2,80000.0,2,1
34594.5,120000.0,2,150000.0,2,0
34596.0,24000.0,2,30000.0,2,0
34597.5,144000.0,2,180000.0,2,0
34599.0,120000.0,2,150000.0,2,1
34600.5,256000.0,2,320000.0,2,0
34602.0,352000.0,2,440000.0,2,0
34603.5,160000.0,2,200000.0,2,0
34605.0,160000.0,2,200000.0,2,0
34606.5,184000.0,2,230000.0,2,1
34608.0,280000.0,2,350000.0,2,0
34609.5,80000.0,2,100000.0,2,0
34611.0,288000.0,2,360000.0,2,1
34612.5,168000.0,2,210000.0,2,0
34614.0,288000.0,2,360000.0,2,0
34615.5,160000.0,2,200000.0,2,0
34617.0,184000.0,2,230000.0,2,0
34618.5,144000.0,2,180000.0,2,0
34620.0,136000.0,2,170000.0,2,0
34621.5,40000.0,2,50000.0,2,0
34623.0,144000.0,2,180000.0,2,0
34624.5,80000.0,2,100000.0,2,1
34626.0,120000.0,2,150000.0,2,0
34627.5,144000.0,2,180000.0,2,0
34629.0,224000.0,2,280000.0,2,0
34630.5,120000.0,2,150000.0,2,0
34632.0,80000.0,2,100000.0,2,1
34633.5,56000.0,2,70000.0,2,1
34635.0,176000.0,2,220000.0,2,0
34636.5,192000.0,2,240000.0,2,1
34638.0,568000.0,2,710000.0,2,0
34639.5,376000.0,2,470000.0,2,1
34641.0,64000.0,2,80000.0,2,1
34642.5,144000.0,2,180000.0,2,1
34644.0,200000.0,2,250000.0,2,0
34645.5,552000.0,2,690000.0,2,0
34647.0,272000.0,2,340000.0,2,0
34648.5,176000.0,2,220000.0,2,0
34650.0,48000.0,2,60000.0,2,1
34651.5,64000.0,2,80000.0,2,0
34653.0,232000.0,2,290000.0,2,0
34654.5,136000.0,2,170000.0,2,0
34656.0,72000.0,2,90000.0,2,1
34657.5,104000.0,2,130000.0,2,0
34659.0,160000.0,2,200000.0,2,0
34660.5,288000.0,2,360000.0,2,0
34662.0,192000.0,2,240000.0,2,0
34663.5,48000.0,2,60000.0,2,0
34665.0,104000.0,2,130000.0,2,0
34666.5,248000.0,2,310000.0,2,0
34668.0,64000.0,2,80000.0,2,1
34669.5,56000.0,2,70000.0,2,0
34671.0,144000.0,2,180000.0,2,0
34672.5,88000.0,2,110000.0,2,0
34674.0,24000.0,2,30000.0,2,0
34675.5,160000.0,2,200000.0,2,0
34677.0,24000.0,2,30000.0,2,0
34678.5,168000.0,2,210000.0,2,1
34680.0,64000.0,2,80000.0,2,0
34681.5,96000.0,2,120000.0,2,0
34683.0,24000.0,2,30000.0,2,0
34684.5,392000.0,2,490000.0,2,0
34686.0,208000.0,2,260000.0,2,0
34687.5,184000.0,2,230000.0,2,1
34689.0,88000.0,2,110000.0,2,1
34690.5,120000.0,2,150000.0,2,0
34692.0,136000.0,2,170000.0,2,0
34693.5,72000.0,2,90000.0,2,0
34695.0,56000.0,2,70000.0,2,0
34696.5,80000.0,2,100000.0,2,0
34698.0,40000.0,2,50000.0,2,0
34699.5,24000.0,2,30000.0,2,0
34701.0,224000.0,2,280000.0,2,1
34702.5,168000.0,2,210000.0,2,0
34704.0,16000.0,2,20000.0,2,0
34705.5,200000.0,2,250000.0,2,0
34707.0,56000.0,2,70000.0,2,1
34708.5,96000.0,2,120000.0,2,0
34710.0,240000.0,2,300000.0,2,0
34711.5,248000.0,2,310000.0,2,0
34713.0,16000.0,2,20000.0,2,1
34714.5,40000.0,2,50000.0,2,0
34716.0,80000.0,2,100000.0,2,0
34717.5,224000.0,2,280000.0,2,0
34719.0,168000.0,2,210000.0,2,0
34720.5,232000.0,2,290000.0,2,0
34722.0,128000.0,2,160000.0,2,0
34723.5,80000.0,2,100000.0,2,1
34725.0,224000.0,2,280000.0,2,0
34726.5,160000.0,2,200000.0,2,0
34728.0,144000.0,2,180000.0,2,0
34729.5,192000.0,2,240000.0,2,0
34731.0,144000.0,2,180000.0,2,0
34732.5,144000.0,2,180000.0,2,0
34734.0,40000.0,2,50000.0,2,0
34735.5,24000.0,2,30000.0,2,1
34737.0,144000.0,2,180000.0,2,0
34738.5,40000.0,2,50000.0,2,0
34740.0,184000.0,2,230000.0,2,0
34741.5,48000.0,2,60000.0,2,0
34743.0,40000.0,2,50000.0,2,0
34744.5,224000.0,2,280000.0,2,0
34746.0,136000.0,2,170000.0,2,0
34747.5,88000.0,2,110000.0,2,1
34749.0,56000.0,2,70000.0,2,1
34750.5,72000.0,2,90000.0,2,1
34752.0,208000.0,2,260000.0,2,0
34753.5,48000.0,2,60000.0,2,0
34755.0,256000.0,2,320000.0,2,0
34756.5,128000.0,2,160000.0,2,0
34758.0,184000.0,2,230000.0,2,0
34759.5,40000.0,2,50000.0,2,0
34761.0,144000.0,2,180000.0,2,0
34762.5,312000.0,2,390000.0,2,0
34764.0,232000.0,2,290000.0,2,0
34765.5,232000.0,2,290000.0,2,0
34767.0,24000.0,2,30000.0,2,0
34768.5,80000.0,2,100000.0,2,0
34770.0,152000.0,2,190000.0,2,0
34771.5,160000.0,2,200000.0,2,0
34773.0,144000.0,2,180000.0,2,0
34774.5,200000.0,2,250000.0,2,0
34776.0,64000.0,2,80000.0,2,0
34777.5,112000.0,2,140000.0,2,0
34779.0,208000.0,2,260000.0,2,0
34780.5,288000.0,2,360000.0,2,1
34782.0,200000.0,2,250000.0,2,0
34783.5,256000.0,2,320000.0,2,0
34785.0,80000.0,2,100000.0,2,0
34786.5,272000.0,2,340000.0,2,0
34788.0,184000.0,2,230000.0,2,0
34789.5,120000.0,2,150000.0,2,1
34791.0,48000.0,2,60000.0,2,0
34792.5,400000.0,2,500000.0,2,0
34794.0,8000.0,2,10000.0,2,0
34795.5,112000.0,2,140000.0,2,0
34797.0,72000.0,2,90000.0,2,0
34798.5,312000.0,2,390000.0,2,0
34800.0,120000.0,2,150000.0,2,0
34801.5,136000.0,2,170000.0,2,0
34803.0,320000.0,2,400000.0,2,0
34804.5,144000.0,2,180000.0,2,0
34806.0,352000.0,2,440000.0,2,0
34807.5,272000.0,2,340000.0,2,0
34809.0,136000.0,2,170000.0,2,1
34810.5,224000.0,2,280000.0,2,0
34812.0,256000.0,2,320000.0,2,0
34813.5,152000.0,2,190000.0,2,0
34815.0,168000.0,2,210000.0,2,0
34816.5,88000.0,2,110000.0,2,0
34818.0,72000.0,2,90000.0,2,0
34819.5,400000.0,2,500000.0,2,0
34821.0,40000.0,2,50000.0,2,1
34822.5,168000.0,2,210000.0,2,0
34824.0,64000.0,2,80000.0,2,1
34825.5,256000.0,2,320000.0,2,0
34827.0,40000.0,2,50000.0,2,0
34828.5,216000.0,2,270000.0,2,0
34830.0,24000.0,2,30000.0,2,0
34831.5,120000.0,2,150000.0,2,0
34833.0,112000.0,2,140000.0,2,0
34834.5,96000.0,2,120000.0,2,0
34836.0,240000.0,2,300000.0,2,0
34837.5,384000.0,2,480000.0,2,0
34839.0,368000.0,2,460000.0,2,1
34840.5,224000.0,2,280000.0,2,0
34842.0,40000.0,2,50000.0,2,0
34843.5,280000.0,2,350000.0,2,0
34845.0,240000.0,2,300000.0,2,0
34846.5,304000.0,2,380000.0,2,0
34848.0,152000.0,2,190000.0,2,0
34849.5,184000.0,2,230000.0,2,1
34851.0,312000.0,2,390000.0,2,0
34852.5,176000.0,2,220000.0,2,0
34854.0,96000.0,2,120000.0,2,1
34855.5,240000.0,2,300000.0,2,0
34857.0,168000.0,2,210000.0,2,0
34858.5,40000.0,2,50000.0,2,0
34860.0,264000.0,2,330000.0,2,1
34861.5,88000.0,2,110000.0,2,0
34863.0,16000.0,2,20000.0,2,0
34864.5,120000.0,2,150000.0,2,0
34866.0,112000.0,2,140000.0,2,0
34867.5,128000.0,2,160000.0,2,0
34869.0,208000.0,2,260000.0,2,0
34870.5,120000.0,2,150000.0,2,0
34872.0,40000.0,2,50000.0,2,0
34873.5,64000.0,2,80000.0,2,0
34875.0,216000.0,2,270000.0,2,0
34876.5,48000.0,2,60000.0,2,0
34878.0,40000.0,2,50000.0,2,0
34879.5,232000.0,2,290000.0,2,1
34881.0,144000.0,2,180000.0,2,1
34882.5,288000.0,2,360000.0,2,0
34884.0,208000.0,2,260000.0,2,0
34885.5,160000.0,2,200000.0,2,0
34887.0,232000.0,2,290000.0,2,0
34888.5,40000.0,2,50000.0,2,0
34890.0,8000.0,2,10000.0,2,0
34891.5,144000.0,2,180000.0,2,1
34893.0,120000.0,2,150000.0,2,0
34894.5,200000.0,2,250000.0,2,0
34896.0,104000.0,2,130000.0,2,1
34897.5,432000.0,2,540000.0,2,0
34899.0,256000.0,2,320000.0,2,0
34900.5,352000.0,2,440000.0,2,0
34902.0,64000.0,2,80000.0,2,0
34903.5,96000.0,2,120000.0,2,1
34905.0,184000.0,2,230000.0,2,0
34906.5,48000.0,2,60000.0,2,0
34908.0,232000.0,2,290000.0,2,0
34909.5,104000.0,2,130000.0,2,0
34911.0,144000.0,2,180000.0,2,0
34912.5,112000.0,2,140000.0,2,1
34914.0,400000.0,2,500000.0,2,0
34915.5,240000.0,2,300000.0,2,0
34917.0,168000.0,2,210000.0,2,0
34918.5,120000.0,2,150000.0,2,0
34920.0,288000.0,2,360000.0,2,0
34921.5,200000.0,2,250000.0,2,0
34923.0,24000.0,2,30000.0,2,0
34924.5,160000.0,2,200000.0,2,0
34926.0,104000.0,2,130000.0,2,0
34927.5,232000.0,2,290000.0,2,0
34929.0,80000.0,2,100000.0,2,0
34930.5,32000.0,2,40000.0,2,0
34932.0,104000.0,2,130000.0,2,1
34933.5,128000.0,2,160000.0,2,0
34935.0,120000.0,2,150000.0,2,0
34936.5,104000.0,2,130000.0,2,0
34938.0,144000.0,2,180000.0,2,1
34939.5,120000.0,2,150000.0,2,0
34941.0,80000.0,2,100000.0,2,1
34942.5,24000.0,2,30000.0,2,0
34944.0,128000.0,2,160000.0,2,0
34945.5,40000.0,2,50000.0,2,1
34947.0,104000.0,2,130000.0,2,0
34948.5,112000.0,2,140000.0,2,0
34950.0,272000.0,2,340000.0,2,0
34951.5,272000.0,2,340000.0,2,0
34953.0,72000.0,2,90000.0,2,0
34954.5,240000.0,2,300000.0,2,0
34956.0,40000.0,2,50000.0,2,0
34957.5,40000.0,2,50000.0,2,0
34959.0,80000.0,2,100000.0,2,0
34960.5,16000.0,2,20000.0,2,0
34962.0,128000.0,2,160000.0,2,1
34963.5,312000.0,2,390000.0,2,0
34965.0,24000.0,2,30000.0,2,1
34966.5,16000.0,2,20000.0,2,1
34968.0,168000.0,2,210000.0,2,0
34969.5,240000.0,2,300000.0,2,0
34971.0,176000.0,2,220000.0,2,0
34972.5,216000.0,2,270000.0,2,0
34974.0,72000.0,2,90000.0,2,1
34975.5,288000.0,2,360000.0,2,0
34977.0,240000.0,2,300000.0,2,0
34978.5,248000.0,2,310000.0,2,1
34980.0,104000.0,2,130000.0,2,0
34981.5,64000.0,2,80000.0,2,0
34983.0,224000.0,2,280000.0,2,0
34984.5,64000.0,2,80000.0,2,1
34986.0,104000.0,2,130000.0,2,0
34987.5,216000.0,2,270000.0,2,0
34989.0,16000.0,2,20000.0,2,0
34990.5,208000.0,2,260000.0,2,0
34992.0,136000.0,2,170000.0,2,0
34993.5,128000.0,2,160000.0,2,0
34995.0,192000.0,2,240000.0,2,0
34996.5,136000.0,2,170000.0,2,0
34998.0,400000.0,2,500000.0,2,0
34999.5,208000.0,2,260000.0,2,1
35001.0,120000.0,2,150000.0,2,0
35002.5,400000.0,2,500000.0,2,1
35004.0,256000.0,2,320000.0,2,0
35005.5,72000.0,2,90000.0,2,0
35007.0,240000.0,2,300000.0,2,0
35008.5,160000.0,2,200000.0,2,0
35010.0,128000.0,2,160000.0,2,1
35011.5,96000.0,2,120000.0,2,0
35013.0,96000.0,2,120000.0,2,1
35014.5,72000.0,2,90000.0,2,1
35016.0,136000.0,2,170000.0,2,1
35017.5,136000.0,2,170000.0,2,0
35019.0,400000.0,2,500000.0,2,0
35020.5,192000.0,2,240000.0,2,0
35022.0,184000.0,2,230000.0,2,0
35023.5,168000.0,2,210000.0,2,0
35025.0,320000.0,2,400000.0,2,0
35026.5,120000.0,2,150000.0,2,1
35028.0,40000.0,2,50000.0,2,0
35029.5,120000.0,2,150000.0,2,1
35031.0,184000.0,2,230000.0,2,1
35032.5,376000.0,2,470000.0,2,0
35034.0,24000.0,2,30000.0,2,1
35035.5,80000.0,2,100000.0,2,0
35037.0,24000.0,2,30000.0,2,1
35038.5,88000.0,2,110000.0,2,0
35040.0,240000.0,2,300000.0,2,0
35041.5,192000.0,2,240000.0,2,0
35043.0,280000.0,2,350000.0,2,1
35044.5,176000.0,2,220000.0,2,0
35046.0,320000.0,2,400000.0,2,0
35047.5,400000.0,2,500000.0,2,0
35049.0,224000.0,2,280000.0,2,0
35050.5,24000.0,2,30000.0,2,0
35052.0,16000.0,2,20000.0,2,0
35053.5,216000.0,2,270000.0,2,0
35055.0,216000.0,2,270000.0,2,0
35056.5,320000.0,2,400000.0,2,0
35058.0,256000.0,2,320000.0,2,0
35059.5,344000.0,2,430000.0,2,0
35061.0,112000.0,2,140000.0,2,1
35062.5,56000.0,2,70000.0,2,0
35064.0,88000.0,2,110000.0,2,0
35065.5,24000.0,2,30000.0,2,0
35067.0,440000.0,2,550000.0,2,1
35068.5,248000.0,2,310000.0,2,0
35070.0,104000.0,2,130000.0,2,0
35071.5,104000.0,2,130000.0,2,0
35073.0,176000.0,2,220000.0,2,0
35074.5,240000.0,2,300000.0,2,0
35076.0,88000.0,2,110000.0,2,0
35077.5,40000.0,2,50000.0,2,1
35079.0,240000.0,2,300000.0,2,1
35080.5,160000.0,2,200000.0,2,0
35082.0,288000.0,2,360000.0,2,1
35083.5,400000.0,2,500000.0,2,0
35085.0,232000.0,2,290000.0,2,0
35086.5,344000.0,2,430000.0,2,1
35088.0,144000.0,2,180000.0,2,0
35089.5,72000.0,2,90000.0,2,0
35091.0,224000.0,2,280000.0,2,0
35092.5,184000.0,2,230000.0,2,0
35094.0,56000.0,2,70000.0,2,0
35095.5,88000.0,2,110000.0,2,0
35097.0,56000.0,2,70000.0,2,0
35098.5,144000.0,2,180000.0,2,0
35100.0,192000.0,2,240000.0,2,1
35101.5,168000.0,2,210000.0,2,0
35103.0,16000.0,2,20000.0,2,1
35104.5,64000.0,2,80000.0,2,0
35106.0,40000.0,2,50000.0,2,0
35107.5,64000.0,2,80000.0,2,0
35109.0,64000.0,2,80000.0,2,0
35110.5,48000.0,2,60000.0,2,0
35112.0,288000.0,2,360000.0,2,0
35113.5,40000.0,2,50000.0,2,0
35115.0,160000.0,2,200000.0,2,0
35116.5,112000.0,2,140000.0,2,0
35118.0,144000.0,2,180000.0,2,0
35119.5,128000.0,2,160000.0,2,0
35121.0,160000.0,2,200000.0,2,1
35122.5,480000.0,2,600000.0,2,0
35124.0,16000.0,2,20000.0,2,1
35125.5,176000.0,2,220000.0,2,0
35127.0,112000.0,2,140000.0,2,1
35128.5,192000.0,2,240000.0,2,1
35130.0,120000.0,2,150000.0,2,0
35131.5,16000.0,2,20000.0,2,1
35133.0,248000.0,2,310000.0,2,0
35134.5,184000.0,2,230000.0,2,0
35136.0,104000.0,2,130000.0,2,0
35137.5,240000.0,2,300000.0,2,0
35139.0,240000.0,2,300000.0,2,0
35140.5,16000.0,2,20000.0,2,0
35142.0,160000.0,2,200000.0,2,0
35143.5,160000.0,2,200000.0,2,0
35145.0,400000.0,2,500000.0,2,0
35146.5,64000.0,2,80000.0,2,0
35148.0,288000.0,2,360000.0,2,1
35149.5,24000.0,2,30000.0,2,0
35151.0,152000.0,2,190000.0,2,0
35152.5,280000.0,2,350000.0,2,0
35154.0,208000.0,2,260000.0,2,0
35155.5,152000.0,2,190000.0,2,0
35157.0,184000.0,2,230000.0,2,0
35158.5,520000.0,2,650000.0,2,0
35160.0,200000.0,2,250000.0,2,0
35161.5,560000.0,2,700000.0,2,0
35163.0,216000.0,2,270000.0,2,0
35164.5,80000.0,2,100000.0,2,0
35166.0,208000.0,2,260000.0,2,0
35167.5,328000.0,2,410000.0,2,0
35169.0,416000.0,2,520000.0,2,0
35170.5,64000.0,2,80000.0,2,1
35172.0,360000.0,2,450000.0,2,0
35173.5,24000.0,2,30000.0,2,0
35175.0,480000.0,2,600000.0,2,0
35176.5,160000.0,2,200000.0,2,0
35178.0,48000.0,2,60000.0,2,0
35179.5,224000.0,2,280000.0,2,0
35181.0,184000.0,2,230000.0,2,0
35182.5,168000.0,2,210000.0,2,1
35184.0,48000.0,2,60000.0,2,0
35185.5,216000.0,2,270000.0,2,0
35187.0,64000.0,2,80000.0,2,0
35188.5,64000.0,2,80000.0,2,0
35190.0,288000.0,2,360000.0,2,0
35191.5,240000.0,2,300000.0,2,1
35193.0,216000.0,2,270000.0,2,0
35194.5,160000.0,2,200000.0,2,0
35196.0,16000.0,2,20000.0,2,1
35197.5,16000.0,2,20000.0,2,1
35199.0,24000.0,2,30000.0,2,1
35200.5,40000.0,2,50000.0,2,0
35202.0,184000.0,2,230000.0,2,0
35203.5,40000.0,2,50000.0,2,1
35205.0,56000.0,2,70000.0,2,0
35206.5,80000.0,2,100000.0,2,0
35208.0,80000.0,2,100000.0,2,0
35209.5,168000.0,2,210000.0,2,0
35211.0,360000.0,2,450000.0,2,0
35212.5,240000.0,2,300000.0,2,0
35214.0,112000.0,2,140000.0,2,0
35215.5,384000.0,2,480000.0,2,0
35217.0,80000.0,2,100000.0,2,1
35218.5,88000.0,2,110000.0,2,0
35220.0,80000.0,2,100000.0,2,1
35221.5,160000.0,2,200000.0,2,0
35223.0,80000.0,2,100000.0,2,0
35224.5,40000.0,2,50000.0,2,1
35226.0,16000.0,2,20000.0,2,0
35227.5,392000.0,2,490000.0,2,0
35229.0,72000.0,2,90000.0,2,0
35230.5,248000.0,2,310000.0,2,0
35232.0,192000.0,2,240000.0,2,0
35233.5,312000.0,2,390000.0,2,0
35235.0,112000.0,2,140000.0,2,0
35236.5,96000.0,2,120000.0,2,1
35238.0,24000.0,2,30000.0,2,0
35239.5,184000.0,2,230000.0,2,0
35241.0,256000.0,2,320000.0,2,0
35242.5,88000.0,2,110000.0,2,0
35244.0,48000.0,2,60000.0,2,1
35245.5,144000.0,2,180000.0,2,0
35247.0,344000.0,2,430000.0,2,0
35248.5,184000.0,2,230000.0,2,0
35250.0,112000.0,2,140000.0,2,0
35251.5,144000.0,2,180000.0,2,0
35253.0,48000.0,2,60000.0,2,0
35254.5,248000.0,2,310000.0,2,0
35256.0,256000.0,2,320000.0,2,0
35257.5,80000.0,2,100000.0,2,0
35259.0,96000.0,2,120000.0,2,1
35260.5,208000.0,2,260000.0,2,1
35262.0,136000.0,2,170000.0,2,0
35263.5,160000.0,2,200000.0,2,0
35265.0,88000.0,2,110000.0,2,0
35266.5,40000.0,2,50000.0,2,0
35268.0,280000.0,2,350000.0,2,0
35269.5,88000.0,2,110000.0,2,0
35271.0,192000.0,2,240000.0,2,0
35272.5,96000.0,2,120000.0,2,0
35274.0,120000.0,2,150000.0,2,0
35275.5,144000.0,2,180000.0,2,1
35277.0,160000.0,2,200000.0,2,0
35278.5,200000.0,2,250000.0,2,0
35280.0,280000.0,2,350000.0,2,0
35281.5,160000.0,2,200000.0,2,0
35283.0,24000.0,2,30000.0,2,0
35284.5,120000.0,2,150000.0,2,0
35286.0,304000.0,2,380000.0,2,0
35287.5,144000.0,2,180000.0,2,0
35289.0,16000.0,2,20000.0,2,1
35290.5,80000.0,2,100000.0,2,1
35292.0,240000.0,2,300000.0,2,0
35293.5,360000.0,2,450000.0,2,0
35295.0,176000.0,2,220000.0,2,1
35296.5,400000.0,2,500000.0,2,0
35298.0,160000.0,2,200000.0,2,0
35299.5,64000.0,2,80000.0,2,1
35301.0,344000.0,2,430000.0,2,0
35302.5,160000.0,2,200000.0,2,0
35304.0,72000.0,2,90000.0,2,0
35305.5,160000.0,2,200000.0,2,0
35307.0,48000.0,2,60000.0,2,0
35308.5,200000.0,2,250000.0,2,0
35310.0,160000.0,2,200000.0,2,0
35311.5,288000.0,2,360000.0,2,0
35313.0,160000.0,2,200000.0,2,0
35314.5,400000.0,2,500000.0,2,0
35316.0,160000.0,2,200000.0,2,0
35317.5,184000.0,2,230000.0,2,0
35319.0,40000.0,2,50000.0,2,0
35320.5,208000.0,2,260000.0,2,0
35322.0,112000.0,2,140000.0,2,0
35323.5,256000.0,2,320000.0,2,0
35325.0,40000.0,2,50000.0,2,0
35326.5,120000.0,2,150000.0,2,1
35328.0,128000.0,2,160000.0,2,0
35329.5,400000.0,2,500000.0,2,0
35331.0,280000.0,2,350000.0,2,0
35332.5,184000.0,2,230000.0,2,1
35334.0,160000.0,2,200000.0,2,0
35335.5,400000.0,2,500000.0,2,0
35337.0,104000.0,2,130000.0,2,0
35338.5,232000.0,2,290000.0,2,0
35340.0,168000.0,2,210000.0,2,0
35341.5,192000.0,2,240000.0,2,0
35343.0,64000.0,2,80000.0,2,0
35344.5,120000.0,2,150000.0,2,1
35346.0,160000.0,2,200000.0,2,0
35347.5,88000.0,2,110000.0,2,1
35349.0,256000.0,2,320000.0,2,0
35350.5,272000.0,2,340000.0,2,0
35352.0,304000.0,2,380000.0,2,0
35353.5,120000.0,2,150000.0,2,0
35355.0,400000.0,2,500000.0,2,0
35356.5,400000.0,2,500000.0,2,0
35358.0,296000.0,2,370000.0,2,0
35359.5,288000.0,2,360000.0,2,0
35361.0,240000.0,2,300000.0,2,0
35362.5,120000.0,2,150000.0,2,0
35364.0,168000.0,2,210000.0,2,0
35365.5,224000.0,2,280000.0,2,0
35367.0,184000.0,2,230000.0,2,0
35368.5,288000.0,2,360000.0,2,0
35370.0,184000.0,2,230000.0,2,0
35371.5,360000.0,2,450000.0,2,0
35373.0,192000.0,2,240000.0,2,1
35374.5,240000.0,2,300000.0,2,0
35376.0,192000.0,2,240000.0,2,0
35377.5,184000.0,2,230000.0,2,1
35379.0,184000.0,2,230000.0,2,0
35380.5,192000.0,2,240000.0,2,1
35382.0,128000.0,2,160000.0,2,0
35383.5,288000.0,2,360000.0,2,0
35385.0,128000.0,2,160000.0,2,0
35386.5,8000.0,2,10000.0,2,0
35388.0,344000.0,2,430000.0,2,0
35389.5,64000.0,2,80000.0,2,0
35391.0,248000.0,2,310000.0,2,0
35392.5,120000.0,2,150000.0,2,0
35394.0,160000.0,2,200000.0,2,0
35395.5,168000.0,2,210000.0,2,0
35397.0,320000.0,2,400000.0,2,0
35398.5,64000.0,2,80000.0,2,0
35400.0,128000.0,2,160000.0,2,0
35401.5,136000.0,2,170000.0,2,0
35403.0,192000.0,2,240000.0,2,0
35404.5,240000.0,2,300000.0,2,1
35406.0,72000.0,2,90000.0,2,0
35407.5,144000.0,2,180000.0,2,0
35409.0,168000.0,2,210000.0,2,0
35410.5,240000.0,2,300000.0,2,0
35412.0,192000.0,2,240000.0,2,1
35413.5,136000.0,2,170000.0,2,0
35415.0,40000.0,2,50000.0,2,0
35416.5,40000.0,2,50000.0,2,0
35418.0,184000.0,2,230000.0,2,0
35419.5,248000.0,2,310000.0,2,0
35421.0,120000.0,2,150000.0,2,0
35422.5,160000.0,2,200000.0,2,0
35424.0,64000.0,2,80000.0,2,1
35425.5,400000.0,2,500000.0,2,0
35427.0,16000.0,2,20000.0,2,1
35428.5,16000.0,2,20000.0,2,1
35430.0,120000.0,2,150000.0,2,1
35431.5,80000.0,2,100000.0,2,0
35433.0,168000.0,2,210000.0,2,1
35434.5,240000.0,2,300000.0,2,0
35436.0,64000.0,2,80000.0,2,1
35437.5,328000.0,2,410000.0,2,0
35439.0,72000.0,2,90000.0,2,0
35440.5,216000.0,2,270000.0,2,0
35442.0,288000.0,2,360000.0,2,0
35443.5,184000.0,2,230000.0,2,0
35445.0,120000.0,2,150000.0,2,0
35446.5,120000.0,2,150000.0,2,1
35448.0,280000.0,2,350000.0,2,0
35449.5,168000.0,2,210000.0,2,0
35451.0,104000.0,2,130000.0,2,0
35452.5,400000.0,2,500000.0,2,0
35454.0,224000.0,2,280000.0,2,1
35455.5,360000.0,2,450000.0,2,0
35457.0,160000.0,2,200000.0,2,0
35458.5,232000.0,2,290000.0,2,0
35460.0,136000.0,2,170000.0,2,0
35461.5,304000.0,2,380000.0,2,0
35463.0,144000.0,2,180000.0,2,1
35464.5,224000.0,2,280000.0,2,0
35466.0,160000.0,2,200000.0,2,0
35467.5,176000.0,2,220000.0,2,0
35469.0,192000.0,2,240000.0,2,1
35470.5,376000.0,2,470000.0,2,0
35472.0,224000.0,2,280000.0,2,0
35473.5,160000.0,2,200000.0,2,1
35475.0,16000.0,2,20000.0,2,0
35476.5,16000.0,2,20000.0,2,0
35478.0,232000.0,2,290000.0,2,0
35479.5,16000.0,2,20000.0,2,1
35481.0,120000.0,2,150000.0,2,0
35482.5,128000.0,2,160000.0,2,1
35484.0,288000.0,2,360000.0,2,1
35485.5,128000.0,2,160000.0,2,0
35487.0,320000.0,2,400000.0,2,0
35488.5,144000.0,2,180000.0,2,0
35490.0,96000.0,2,120000.0,2,0
35491.5,160000.0,2,200000.0,2,0
35493.0,168000.0,2,210000.0,2,0
35494.5,56000.0,2,70000.0,2,1
35496.0,88000.0,2,110000.0,2,1
35497.5,24000.0,2,30000.0,2,1
35499.0,32000.0,2,40000.0,2,0
35500.5,248000.0,2,310000.0,2,0
35502.0,160000.0,2,200000.0,2,0
35503.5,184000.0,2,230000.0,2,0
35505.0,360000.0,2,450000.0,2,0
35506.5,64000.0,2,80000.0,2,0
35508.0,168000.0,2,210000.0,2,0
35509.5,104000.0,2,130000.0,2,0
35511.0,400000.0,2,500000.0,2,0
35512.5,144000.0,2,180000.0,2,1
35514.0,272000.0,2,340000.0,2,0
35515.5,360000.0,2,450000.0,2,0
35517.0,64000.0,2,80000.0,2,0
35518.5,120000.0,2,150000.0,2,0
35520.0,168000.0,2,210000.0,2,0
35521.5,304000.0,2,380000.0,2,0
35523.0,320000.0,2,400000.0,2,0
35524.5,64000.0,2,80000.0,2,0
35526.0,192000.0,2,240000.0,2,0
35527.5,96000.0,2,120000.0,2,0
35529.0,48000.0,2,60000.0,2,0
35530.5,288000.0,2,360000.0,2,0
35532.0,40000.0,2,50000.0,2,1
35533.5,288000.0,2,360000.0,2,1
35535.0,24000.0,2,30000.0,2,0
35536.5,400000.0,2,500000.0,2,0
35538.0,16000.0,2,20000.0,2,1
35539.5,72000.0,2,90000.0,2,0
35541.0,64000.0,2,80000.0,2,0
35542.5,80000.0,2,100000.0,2,0
35544.0,96000.0,2,120000.0,2,0
35545.5,80000.0,2,100000.0,2,1
35547.0,120000.0,2,150000.0,2,0
35548.5,8000.0,2,10000.0,2,0
35550.0,40000.0,2,50000.0,2,0
35551.5,392000.0,2,490000.0,2,0
35553.0,40000.0,2,50000.0,2,0
35554.5,272000.0,2,340000.0,2,0
35556.0,192000.0,2,240000.0,2,0
35557.5,40000.0,2,50000.0,2,1
35559.0,400000.0,2,500000.0,2,0
35560.5,328000.0,2,410000.0,2,0
35562.0,224000.0,2,280000.0,2,0
35563.5,192000.0,2,240000.0,2,0
35565.0,16000.0,2,20000.0,2,0
35566.5,80000.0,2,100000.0,2,1
35568.0,232000.0,2,290000.0,2,0
35569.5,80000.0,2,100000.0,2,0
35571.0,216000.0,2,270000.0,2,0
35572.5,64000.0,2,80000.0,2,0
35574.0,224000.0,2,280000.0,2,1
35575.5,24000.0,2,30000.0,2,0
35577.0,72000.0,2,90000.0,2,1
35578.5,480000.0,2,600000.0,2,0
35580.0,56000.0,2,70000.0,2,0
35581.5,216000.0,2,270000.0,2,0
35583.0,208000.0,2,260000.0,2,0
35584.5,40000.0,2,50000.0,2,0
35586.0,40000.0,2,50000.0,2,1
35587.5,56000.0,2,70000.0,2,0
35589.0,168000.0,2,210000.0,2,0
35590.5,264000.0,2,330000.0,2,0
35592.0,160000.0,2,200000.0,2,0
35593.5,176000.0,2,220000.0,2,0
35595.0,40000.0,2,50000.0,2,0
35596.5,16000.0,2,20000.0,2,0
35598.0,24000.0,2,30000.0,2,1
35599.5,224000.0,2,280000.0,2,1
35601.0,48000.0,2,60000.0,2,0
35602.5,160000.0,2,200000.0,2,0
35604.0,184000.0,2,230000.0,2,0
35605.5,184000.0,2,230000.0,2,1
35607.0,80000.0,2,100000.0,2,0
35608.5,64000.0,2,80000.0,2,0
35610.0,64000.0,2,80000.0,2,1
35611.5,56000.0,2,70000.0,2,0
35613.0,160000.0,2,200000.0,2,1
35614.5,16000.0,2,20000.0,2,0
35616.0,160000.0,2,200000.0,2,0
35617.5,40000.0,2,50000.0,2,0
35619.0,288000.0,2,360000.0,2,0
35620.5,160000.0,2,200000.0,2,0
35622.0,72000.0,2,90000.0,2,1
35623.5,40000.0,2,50000.0,2,0
35625.0,320000.0,2,400000.0,2,0
35626.5,88000.0,2,110000.0,2,0
35628.0,40000.0,2,50000.0,2,1
35629.5,400000.0,2,500000.0,2,1
35631.0,120000.0,2,150000.0,2,0
35632.5,240000.0,2,300000.0,2,0
35634.0,40000.0,2,50000.0,2,0
35635.5,240000.0,2,300000.0,2,0
35637.0,232000.0,2,290000.0,2,1
35638.5,400000.0,2,500000.0,2,0
35640.0,112000.0,2,140000.0,2,1
35641.5,280000.0,2,350000.0,2,0
35643.0,144000.0,2,180000.0,2,0
35644.5,312000.0,2,390000.0,2,0
35646.0,40000.0,2,50000.0,2,0
35647.5,40000.0,2,50000.0,2,0
35649.0,120000.0,2,150000.0,2,0
35650.5,160000.0,2,200000.0,2,0
35652.0,144000.0,2,180000.0,2,0
35653.5,40000.0,2,50000.0,2,0
35655.0,88000.0,2,110000.0,2,0
35656.5,248000.0,2,310000.0,2,0
35658.0,64000.0,2,80000.0,2,0
35659.5,64000.0,2,80000.0,2,0
35661.0,192000.0,2,240000.0,2,0
35662.5,168000.0,2,210000.0,2,0
35664.0,24000.0,2,30000.0,2,0
35665.5,64000.0,2,80000.0,2,0
35667.0,56000.0,2,70000.0,2,1
35668.5,40000.0,2,50000.0,2,1
35670.0,144000.0,2,180000.0,2,0
35671.5,128000.0,2,160000.0,2,0
35673.0,16000.0,2,20000.0,2,1
35674.5,144000.0,2,180000.0,2,0
35676.0,24000.0,2,30000.0,2,0
35677.5,168000.0,2,210000.0,2,0
35679.0,96000.0,2,120000.0,2,0
35680.5,16000.0,2,20000.0,2,1
35682.0,24000.0,2,30000.0,2,0
35683.5,40000.0,2,50000.0,2,0
35685.0,16000.0,2,20000.0,2,0
35686.5,96000.0,2,120000.0,2,0
35688.0,56000.0,2,70000.0,2,1
35689.5,40000.0,2,50000.0,2,0
35691.0,16000.0,2,20000.0,2,0
35692.5,248000.0,2,310000.0,2,0
35694.0,96000.0,2,120000.0,2,0
35695.5,288000.0,2,360000.0,2,0
35697.0,192000.0,2,240000.0,2,0
35698.5,400000.0,2,500000.0,2,1
35700.0,400000.0,2,500000.0,2,0
35701.5,192000.0,2,240000.0,2,0
35703.0,160000.0,2,200000.0,2,0
35704.5,24000.0,2,30000.0,2,1
35706.0,104000.0,2,130000.0,2,0
35707.5,64000.0,2,80000.0,2,0
35709.0,120000.0,2,150000.0,2,0
35710.5,424000.0,2,530000.0,2,0
35712.0,168000.0,2,210000.0,2,0
35713.5,24000.0,2,30000.0,2,0
35715.0,328000.0,2,410000.0,2,0
35716.5,192000.0,2,240000.0,2,0
35718.0,40000.0,2,50000.0,2,1
35719.5,160000.0,2,200000.0,2,0
35721.0,56000.0,2,70000.0,2,0
35722.5,112000.0,2,140000.0,2,0
35724.0,256000.0,2,320000.0,2,0
35725.5,40000.0,2,50000.0,2,0
35727.0,400000.0,2,500000.0,2,1
35728.5,240000.0,2,300000.0,2,1
35730.0,320000.0,2,400000.0,2,0
35731.5,136000.0,2,170000.0,2,0
35733.0,48000.0,2,60000.0,2,1
35734.5,96000.0,2,120000.0,2,1
35736.0,168000.0,2,210000.0,2,0
35737.5,40000.0,2,50000.0,2,0
35739.0,24000.0,2,30000.0,2,0
35740.5,104000.0,2,130000.0,2,0
35742.0,224000.0,2,280000.0,2,1
35743.5,192000.0,2,240000.0,2,0
35745.0,192000.0,2,240000.0,2,0
35746.5,216000.0,2,270000.0,2,0
35748.0,400000.0,2,500000.0,2,0
35749.5,136000.0,2,170000.0,2,0
35751.0,64000.0,2,80000.0,2,0
35752.5,224000.0,2,280000.0,2,0
35754.0,88000.0,2,110000.0,2,0
35755.5,200000.0,2,250000.0,2,0
35757.0,288000.0,2,360000.0,2,0
35758.5,40000.0,2,50000.0,2,1
35760.0,224000.0,2,280000.0,2,0
35761.5,400000.0,2,500000.0,2,0
35763.0,208000.0,2,260000.0,2,0
35764.5,200000.0,2,250000.0,2,1
35766.0,112000.0,2,140000.0,2,0
35767.5,144000.0,2,180000.0,2,0
35769.0,152000.0,2,190000.0,2,0
35770.5,232000.0,2,290000.0,2,0
35772.0,184000.0,2,230000.0,2,0
35773.5,176000.0,2,220000.0,2,0
35775.0,24000.0,2,30000.0,2,0
35776.5,240000.0,2,300000.0,2,0
35778.0,208000.0,2,260000.0,2,0
35779.5,112000.0,2,140000.0,2,1
35781.0,280000.0,2,350000.0,2,0
35782.5,56000.0,1,70000.0,1,0
35784.0,160000.0,1,200000.0,1,0
35785.5,72000.0,1,90000.0,1,1
35787.0,24000.0,1,30000.0,1,0
35788.5,64000.0,1,80000.0,1,0
35790.0,120000.0,1,150000.0,1,0
35791.5,288000.0,1,360000.0,1,0
35793.0,320000.0,1,400000.0,1,0
35794.5,240000.0,1,300000.0,1,0
35796.0,40000.0,1,50000.0,1,1
35797.5,16000.0,1,20000.0,1,0
35799.0,72000.0,1,90000.0,1,1
35800.5,144000.0,1,180000.0,1,0
35802.0,184000.0,1,230000.0,1,0
35803.5,128000.0,1,160000.0,1,0
35805.0,160000.0,1,200000.0,1,0
35806.5,240000.0,1,300000.0,1,0
35808.0,288000.0,1,360000.0,1,0
35809.5,184000.0,1,230000.0,1,0
35811.0,64000.0,1,80000.0,1,0
35812.5,72000.0,1,90000.0,1,1
35814.0,64000.0,1,80000.0,1,0
35815.5,128000.0,1,160000.0,1,0
35817.0,160000.0,1,200000.0,1,0
35818.5,48000.0,1,60000.0,1,0
35820.0,288000.0,1,360000.0,1,0
35821.5,288000.0,1,360000.0,1,0
35823.0,176000.0,1,220000.0,1,0
35824.5,96000.0,1,120000.0,1,0
35826.0,40000.0,1,50000.0,1,0
35827.5,240000.0,1,300000.0,1,1
35829.0,320000.0,1,400000.0,1,1
35830.5,208000.0,1,260000.0,1,0
35832.0,64000.0,1,80000.0,1,0
35833.5,40000.0,1,50000.0,1,0
35835.0,16000.0,1,20000.0,1,0
35836.5,40000.0,1,50000.0,1,0
35838.0,16000.0,1,20000.0,1,0
35839.5,120000.0,1,150000.0,1,0
35841.0,496000.0,1,620000.0,1,0
35842.5,216000.0,1,270000.0,1,0
35844.0,104000.0,1,130000.0,1,1
35845.5,120000.0,1,150000.0,1,0
35847.0,40000.0,1,50000.0,1,0
35848.5,40000.0,1,50000.0,1,1
35850.0,16000.0,1,20000.0,1,1
35851.5,40000.0,1,50000.0,1,0
35853.0,136000.0,1,170000.0,1,0
35854.5,40000.0,1,50000.0,1,0
35856.0,16000.0,1,20000.0,1,0
35857.5,16000.0,1,20000.0,1,1
35859.0,16000.0,1,20000.0,1,0
35860.5,16000.0,1,20000.0,1,0
35862.0,16000.0,1,20000.0,1,1
35863.5,72000.0,1,90000.0,1,0
35865.0,64000.0,1,80000.0,1,0
35866.5,40000.0,1,50000.0,1,1
35868.0,48000.0,1,60000.0,1,0
35869.5,40000.0,1,50000.0,1,0
35871.0,16000.0,1,20000.0,1,0
35872.5,16000.0,1,20000.0,1,0
35874.0,40000.0,1,50000.0,1,0
35875.5,64000.0,1,80000.0,1,0
35877.0,40000.0,1,50000.0,1,0
35878.5,16000.0,1,20000.0,1,1
35880.0,16000.0,1,20000.0,1,0
35881.5,40000.0,1,50000.0,1,1
35883.0,40000.0,1,50000.0,1,0
35884.5,40000.0,1,50000.0,1,0
35886.0,16000.0,1,20000.0,1,0
35887.5,336000.0,1,420000.0,1,0
35889.0,40000.0,1,50000.0,1,0
35890.5,88000.0,1,110000.0,1,0
35892.0,16000.0,1,20000.0,1,0
35893.5,16000.0,1,20000.0,1,0
35895.0,40000.0,1,50000.0,1,0
35896.5,144000.0,1,180000.0,1,0
35898.0,16000.0,1,20000.0,1,0
35899.5,16000.0,1,20000.0,1,0
35901.0,16000.0,1,20000.0,1,0
35902.5,16000.0,1,20000.0,1,1
35904.0,40000.0,1,50000.0,1,0
35905.5,40000.0,1,50000.0,1,0
35907.0,120000.0,1,150000.0,1,0
35908.5,56000.0,1,70000.0,1,1
35910.0,40000.0,1,50000.0,1,1
35911.5,120000.0,1,150000.0,1,0
35913.0,80000.0,1,100000.0,1,0
35914.5,16000.0,1,20000.0,1,0
35916.0,16000.0,1,20000.0,1,0
35917.5,16000.0,1,20000.0,1,0
35919.0,16000.0,1,20000.0,1,0
35920.5,80000.0,1,100000.0,1,0
35922.0,152000.0,1,190000.0,1,0
35923.5,40000.0,1,50000.0,1,0
35925.0,16000.0,1,20000.0,1,1
35926.5,56000.0,1,70000.0,1,0
35928.0,40000.0,1,50000.0,1,0
35929.5,16000.0,1,20000.0,1,1
35931.0,16000.0,1,20000.0,1,1
35932.5,16000.0,1,20000.0,1,0
35934.0,40000.0,1,50000.0,1,0
35935.5,16000.0,1,20000.0,1,0
35937.0,40000.0,1,50000.0,1,0
35938.5,40000.0,1,50000.0,1,0
35940.0,16000.0,1,20000.0,1,0
35941.5,16000.0,1,20000.0,1,0
35943.0,40000.0,1,50000.0,1,1
35944.5,56000.0,1,70000.0,1,0
35946.0,16000.0,1,20000.0,1,1
35947.5,16000.0,1,20000.0,1,0
35949.0,16000.0,1,20000.0,1,0
35950.5,16000.0,1,20000.0,1,1
35952.0,176000.0,1,220000.0,1,0
35953.5,96000.0,1,120000.0,1,1
35955.0,112000.0,1,140000.0,1,0
35956.5,40000.0,1,50000.0,1,0
35958.0,40000.0,1,50000.0,1,0
35959.5,8000.0,1,10000.0,1,0
35961.0,40000.0,1,50000.0,1,0
35962.5,40000.0,1,50000.0,1,0
35964.0,16000.0,1,20000.0,1,0
35965.5,160000.0,1,200000.0,1,0
35967.0,32000.0,1,40000.0,1,0
35968.5,24000.0,1,30000.0,1,0
35970.0,16000.0,1,20000.0,1,1
35971.5,40000.0,1,50000.0,1,0
35973.0,16000.0,1,20000.0,1,0
35974.5,104000.0,1,130000.0,1,0
35976.0,128000.0,1,160000.0,1,0
35977.5,88000.0,1,110000.0,1,0
35979.0,40000.0,1,50000.0,1,1
35980.5,40000.0,1,50000.0,1,0
35982.0,192000.0,1,240000.0,1,0
35983.5,16000.0,1,20000.0,1,0
35985.0,400000.0,1,500000.0,1,0
35986.5,48000.0,1,60000.0,1,0
35988.0,40000.0,1,50000.0,1,0
35989.5,40000.0,1,50000.0,1,0
35991.0,16000.0,1,20000.0,1,0
35992.5,24000.0,1,30000.0,1,0
35994.0,64000.0,1,80000.0,1,0
35995.5,16000.0,1,20000.0,1,0
35997.0,8000.0,1,10000.0,1,0
35998.5,16000.0,1,20000.0,1,0
36000.0,80000.0,1,100000.0,1,1
36001.5,40000.0,1,50000.0,1,0
36003.0,48000.0,1,60000.0,1,1
36004.5,320000.0,1,400000.0,1,0
36006.0,16000.0,1,20000.0,1,0
36007.5,40000.0,1,50000.0,1,0
36009.0,88000.0,1,110000.0,1,0
36010.5,24000.0,1,30000.0,1,0
36012.0,184000.0,1,230000.0,1,0
36013.5,16000.0,1,20000.0,1,0
36015.0,24000.0,1,30000.0,1,0
36016.5,72000.0,1,90000.0,1,0
36018.0,24000.0,1,30000.0,1,1
36019.5,16000.0,1,20000.0,1,1
36021.0,16000.0,1,20000.0,1,1
36022.5,40000.0,1,50000.0,1,0
36024.0,64000.0,1,80000.0,1,0
36025.5,96000.0,1,120000.0,1,0
36027.0,40000.0,1,50000.0,1,0
36028.5,160000.0,1,200000.0,1,0
36030.0,120000.0,1,150000.0,1,0
36031.5,288000.0,1,360000.0,1,1
36033.0,48000.0,1,60000.0,1,0
36034.5,64000.0,1,80000.0,1,0
36036.0,256000.0,1,320000.0,1,0
36037.5,112000.0,1,140000.0,1,1
36039.0,16000.0,1,20000.0,1,1
36040.5,88000.0,1,110000.0,1,0
36042.0,152000.0,1,190000.0,1,0
36043.5,104000.0,1,130000.0,1,0
36045.0,128000.0,1,160000.0,1,1
36046.5,208000.0,1,260000.0,1,0
36048.0,64000.0,1,80000.0,1,0
36049.5,40000.0,1,50000.0,1,1
36051.0,80000.0,1,100000.0,1,0
36052.5,16000.0,1,20000.0,1,1
36054.0,168000.0,1,210000.0,1,0
36055.5,128000.0,1,160000.0,1,0
36057.0,272000.0,1,340000.0,1,0
36058.5,56000.0,1,70000.0,1,1
36060.0,40000.0,1,50000.0,1,1
36061.5,48000.0,1,60000.0,1,0
36063.0,16000.0,1,20000.0,1,1
36064.5,40000.0,1,50000.0,1,0
36066.0,192000.0,1,240000.0,1,0
36067.5,16000.0,1,20000.0,1,0
36069.0,40000.0,1,50000.0,1,0
36070.5,104000.0,1,130000.0,1,0
36072.0,40000.0,1,50000.0,1,0
36073.5,104000.0,1,130000.0,1,0
36075.0,16000.0,1,20000.0,1,0
36076.5,296000.0,1,370000.0,1,0
36078.0,88000.0,1,110000.0,1,0
36079.5,160000.0,1,200000.0,1,0
36081.0,128000.0,1,160000.0,1,0
36082.5,248000.0,1,310000.0,1,0
36084.0,72000.0,1,90000.0,1,0
36085.5,16000.0,1,20000.0,1,1
36087.0,24000.0,1,30000.0,1,0
36088.5,72000.0,1,90000.0,1,0
36090.0,192000.0,1,240000.0,1,0
36091.5,208000.0,1,260000.0,1,0
36093.0,96000.0,1,120000.0,1,0
36094.5,64000.0,1,80000.0,1,0
36096.0,128000.0,1,160000.0,1,0
36097.5,104000.0,1,130000.0,1,0
36099.0,16000.0,1,20000.0,1,0
36100.5,136000.0,1,170000.0,1,0
36102.0,88000.0,1,110000.0,1,0
36103.5,40000.0,1,50000.0,1,0
36105.0,56000.0,1,70000.0,1,0
36106.5,64000.0,1,80000.0,1,0
36108.0,40000.0,1,50000.0,1,0
36109.5,48000.0,1,60000.0,1,0
36111.0,80000.0,1,100000.0,1,0
36112.5,40000.0,1,50000.0,1,0
36114.0,144000.0,1,180000.0,1,0
36115.5,200000.0,1,250000.0,1,0
36117.0,112000.0,1,140000.0,1,0
36118.5,160000.0,1,200000.0,1,0
36120.0,56000.0,1,70000.0,1,0
36121.5,128000.0,1,160000.0,1,0
36123.0,40000.0,1,50000.0,1,0
36124.5,24000.0,1,30000.0,1,0
36126.0,88000.0,1,110000.0,1,0
36127.5,144000.0,1,180000.0,1,0
36129.0,120000.0,1,150000.0,1,0
36130.5,88000.0,1,110000.0,1,0
36132.0,72000.0,1,90000.0,1,0
36133.5,88000.0,1,110000.0,1,0
36135.0,32000.0,1,40000.0,1,0
36136.5,104000.0,1,130000.0,1,0
36138.0,32000.0,1,40000.0,1,0
36139.5,144000.0,1,180000.0,1,0
36141.0,168000.0,1,210000.0,1,1
36142.5,160000.0,1,200000.0,1,0
36144.0,208000.0,1,260000.0,1,0
36145.5,16000.0,1,20000.0,1,0
36147.0,120000.0,1,150000.0,1,0
36148.5,200000.0,1,250000.0,1,0
36150.0,64000.0,1,80000.0,1,0
36151.5,24000.0,1,30000.0,1,1
36153.0,16000.0,1,20000.0,1,0
36154.5,40000.0,1,50000.0,1,1
36156.0,368000.0,1,460000.0,1,0
36157.5,272000.0,1,340000.0,1,0
36159.0,8000.0,1,10000.0,1,0
36160.5,40000.0,1,50000.0,1,0
36162.0,88000.0,1,110000.0,1,0
36163.5,40000.0,1,50000.0,1,0
36165.0,80000.0,1,100000.0,1,1
36166.5,64000.0,1,80000.0,1,0
36168.0,400000.0,1,500000.0,1,0
36169.5,288000.0,1,360000.0,1,0
36171.0,224000.0,1,280000.0,1,0
36172.5,240000.0,1,300000.0,1,0
36174.0,16000.0,1,20000.0,1,0
36175.5,368000.0,1,460000.0,1,0
36177.0,400000.0,1,500000.0,1,0
36178.5,400000.0,1,500000.0,1,0
36180.0,288000.0,1,360000.0,1,0
36181.5,40000.0,1,50000.0,1,0
36183.0,24000.0,1,30000.0,1,0
36184.5,112000.0,1,140000.0,1,0
36186.0,40000.0,1,50000.0,1,0
36187.5,16000.0,1,20000.0,1,0
36189.0,16000.0,1,20000.0,1,0
36190.5,64000.0,1,80000.0,1,1
36192.0,184000.0,1,230000.0,1,0
36193.5,88000.0,1,110000.0,1,0
36195.0,72000.0,1,90000.0,1,0
36196.5,160000.0,1,200000.0,1,0
36198.0,48000.0,1,60000.0,1,0
36199.5,40000.0,1,50000.0,1,1
36201.0,104000.0,1,130000.0,1,0
36202.5,208000.0,1,260000.0,1,0
36204.0,144000.0,2,180000.0,2,1
36205.5,192000.0,1,240000.0,1,0
36207.0,120000.0,1,150000.0,1,0
36208.5,208000.0,1,260000.0,1,0
36210.0,80000.0,1,100000.0,1,1
36211.5,40000.0,1,50000.0,1,0
36213.0,120000.0,1,150000.0,1,0
36214.5,32000.0,1,40000.0,1,0
36216.0,16000.0,1,20000.0,1,0
36217.5,24000.0,1,30000.0,1,0
36219.0,224000.0,1,280000.0,1,0
36220.5,344000.0,1,430000.0,1,0
36222.0,56000.0,1,70000.0,1,1
36223.5,24000.0,1,30000.0,1,0
36225.0,24000.0,1,30000.0,1,0
36226.5,64000.0,1,80000.0,1,0
36228.0,40000.0,1,50000.0,1,0
36229.5,184000.0,1,230000.0,1,0
36231.0,184000.0,1,230000.0,1,0
36232.5,88000.0,1,110000.0,1,1
36234.0,160000.0,1,200000.0,1,1
36235.5,40000.0,1,50000.0,1,0
36237.0,48000.0,1,60000.0,1,0
36238.5,16000.0,1,20000.0,1,0
36240.0,256000.0,1,320000.0,1,0
36241.5,176000.0,1,220000.0,1,0
36243.0,376000.0,1,470000.0,1,0
36244.5,48000.0,1,60000.0,1,0
36246.0,264000.0,1,330000.0,1,0
36247.5,88000.0,1,110000.0,1,1
36249.0,64000.0,1,80000.0,1,1
36250.5,232000.0,1,290000.0,1,0
36252.0,16000.0,1,20000.0,1,1
36253.5,24000.0,1,30000.0,1,0
36255.0,64000.0,1,80000.0,1,0
36256.5,40000.0,1,50000.0,1,1
36258.0,120000.0,1,150000.0,1,0
36259.5,16000.0,1,20000.0,1,0
36261.0,112000.0,1,140000.0,1,0
36262.5,208000.0,1,260000.0,1,0
36264.0,96000.0,1,120000.0,1,0
36265.5,88000.0,1,110000.0,1,0
36267.0,112000.0,1,140000.0,1,0
36268.5,80000.0,1,100000.0,1,0
36270.0,288000.0,1,360000.0,1,0
36271.5,56000.0,1,70000.0,1,0
36273.0,168000.0,1,210000.0,1,0
36274.5,160000.0,1,200000.0,1,0
36276.0,160000.0,1,200000.0,1,0
36277.5,128000.0,1,160000.0,1,0
36279.0,96000.0,1,120000.0,1,1
36280.5,144000.0,1,180000.0,1,0
36282.0,192000.0,1,240000.0,1,0
36283.5,96000.0,1,120000.0,1,1
36285.0,160000.0,1,200000.0,1,0
36286.5,224000.0,1,280000.0,1,0
36288.0,16000.0,1,20000.0,1,1
36289.5,16000.0,1,20000.0,1,1
36291.0,208000.0,1,260000.0,1,1
36292.5,176000.0,1,220000.0,1,0
36294.0,24000.0,1,30000.0,1,0
36295.5,64000.0,1,80000.0,1,0
36297.0,64000.0,1,80000.0,1,1
36298.5,112000.0,1,140000.0,1,0
36300.0,176000.0,1,220000.0,1,1
36301.5,88000.0,1,110000.0,1,0
36303.0,192000.0,1,240000.0,1,0
36304.5,136000.0,1,170000.0,1,0
36306.0,168000.0,1,210000.0,1,0
36307.5,240000.0,1,300000.0,1,1
36309.0,152000.0,1,190000.0,1,0
36310.5,160000.0,1,200000.0,1,0
36312.0,120000.0,1,150000.0,1,0
36313.5,40000.0,1,50000.0,1,0
36315.0,8000.0,1,10000.0,1,0
36316.5,56000.0,1,70000.0,1,0
36318.0,376000.0,1,470000.0,1,0
36319.5,200000.0,1,250000.0,1,0
36321.0,56000.0,1,70000.0,1,0
36322.5,64000.0,1,80000.0,1,0
36324.0,216000.0,1,270000.0,1,0
36325.5,144000.0,1,180000.0,1,1
36327.0,184000.0,1,230000.0,1,0
36328.5,64000.0,1,80000.0,1,1
36330.0,232000.0,1,290000.0,1,0
36331.5,184000.0,1,230000.0,1,0
36333.0,104000.0,1,130000.0,1,0
36334.5,400000.0,1,500000.0,1,0
36336.0,464000.0,1,580000.0,1,0
36337.5,144000.0,1,180000.0,1,0
36339.0,368000.0,1,460000.0,1,0
36340.5,56000.0,1,70000.0,1,1
36342.0,248000.0,1,310000.0,1,0
36343.5,40000.0,1,50000.0,1,1
36345.0,160000.0,1,200000.0,1,1
36346.5,240000.0,1,300000.0,1,0
36348.0,88000.0,1,110000.0,1,0
36349.5,40000.0,1,50000.0,1,1
36351.0,288000.0,1,360000.0,1,0
36352.5,176000.0,1,220000.0,1,0
36354.0,152000.0,1,190000.0,1,0
36355.5,16000.0,1,20000.0,1,1
36357.0,64000.0,1,80000.0,1,0
36358.5,40000.0,1,50000.0,1,0
36360.0,40000.0,1,50000.0,1,0
36361.5,288000.0,1,360000.0,1,0
36363.0,72000.0,1,90000.0,1,0
36364.5,160000.0,1,200000.0,1,0
36366.0,328000.0,1,410000.0,1,0
36367.5,264000.0,1,330000.0,1,0
36369.0,80000.0,1,100000.0,1,0
36370.5,160000.0,1,200000.0,1,0
36372.0,88000.0,1,110000.0,1,0
36373.5,72000.0,1,90000.0,1,1
36375.0,256000.0,1,320000.0,1,0
36376.5,56000.0,1,70000.0,1,0
36378.0,176000.0,1,220000.0,1,0
36379.5,144000.0,1,180000.0,1,1
36381.0,144000.0,1,180000.0,1,0
36382.5,192000.0,1,240000.0,1,1
36384.0,112000.0,1,140000.0,1,1
36385.5,224000.0,1,280000.0,1,0
36387.0,24000.0,1,30000.0,1,1
36388.5,16000.0,1,20000.0,1,0
36390.0,64000.0,1,80000.0,1,0
36391.5,184000.0,1,230000.0,1,0
36393.0,160000.0,1,200000.0,1,1
36394.5,416000.0,1,520000.0,1,0
36396.0,320000.0,1,400000.0,1,1
36397.5,24000.0,1,30000.0,1,0
36399.0,296000.0,1,370000.0,1,0
36400.5,120000.0,1,150000.0,1,0
36402.0,64000.0,1,80000.0,1,1
36403.5,344000.0,1,430000.0,1,0
36405.0,16000.0,1,20000.0,1,1
36406.5,40000.0,1,50000.0,1,0
36408.0,48000.0,1,60000.0,1,1
36409.5,288000.0,1,360000.0,1,0
36411.0,224000.0,1,280000.0,1,0
36412.5,288000.0,1,360000.0,1,0
36414.0,336000.0,1,420000.0,1,0
36415.5,256000.0,1,320000.0,1,0
36417.0,72000.0,1,90000.0,1,0
36418.5,288000.0,1,360000.0,1,1
36420.0,56000.0,1,70000.0,1,0
36421.5,40000.0,1,50000.0,1,0
36423.0,160000.0,1,200000.0,1,0
36424.5,200000.0,1,250000.0,1,0
36426.0,120000.0,1,150000.0,1,0
36427.5,280000.0,1,350000.0,1,0
36429.0,24000.0,1,30000.0,1,0
36430.5,160000.0,1,200000.0,1,0
36432.0,160000.0,1,200000.0,1,0
36433.5,120000.0,1,150000.0,1,0
36435.0,152000.0,1,190000.0,1,0
36436.5,272000.0,1,340000.0,1,0
36438.0,288000.0,1,360000.0,1,0
36439.5,224000.0,1,280000.0,1,0
36441.0,24000.0,1,30000.0,1,0
36442.5,240000.0,1,300000.0,1,0
36444.0,176000.0,1,220000.0,1,0
36445.5,64000.0,1,80000.0,1,0
36447.0,24000.0,1,30000.0,1,1
36448.5,32000.0,1,40000.0,1,0
36450.0,160000.0,1,200000.0,1,0
36451.5,160000.0,1,200000.0,1,0
36453.0,88000.0,1,110000.0,1,0
36454.5,80000.0,1,100000.0,1,1
36456.0,16000.0,1,20000.0,1,1
36457.5,96000.0,1,120000.0,1,0
36459.0,224000.0,1,280000.0,1,0
36460.5,224000.0,1,280000.0,1,0
36462.0,240000.0,1,300000.0,1,0
36463.5,336000.0,1,420000.0,1,0
36465.0,64000.0,1,80000.0,1,0
36466.5,288000.0,1,360000.0,1,1
36468.0,208000.0,1,260000.0,1,0
36469.5,208000.0,1,260000.0,1,0
36471.0,88000.0,1,110000.0,1,0
36472.5,320000.0,1,400000.0,1,0
36474.0,16000.0,1,20000.0,1,1
36475.5,136000.0,1,170000.0,1,0
36477.0,56000.0,1,70000.0,1,0
36478.5,168000.0,1,210000.0,1,0
36480.0,8000.0,1,10000.0,1,1
36481.5,624000.0,1,780000.0,1,0
36483.0,336000.0,1,420000.0,1,0
36484.5,224000.0,1,280000.0,1,0
36486.0,40000.0,1,50000.0,1,0
36487.5,40000.0,1,50000.0,1,1
36489.0,48000.0,1,60000.0,1,0
36490.5,16000.0,1,20000.0,1,0
36492.0,136000.0,1,170000.0,1,1
36493.5,264000.0,1,330000.0,1,0
36495.0,24000.0,1,30000.0,1,1
36496.5,280000.0,1,350000.0,1,1
36498.0,232000.0,1,290000.0,1,0
36499.5,40000.0,1,50000.0,1,1
36501.0,16000.0,1,20000.0,1,0
36502.5,24000.0,1,30000.0,1,1
36504.0,40000.0,1,50000.0,1,0
36505.5,56000.0,1,70000.0,1,0
36507.0,248000.0,1,310000.0,1,0
36508.5,176000.0,1,220000.0,1,0
36510.0,288000.0,1,360000.0,1,0
36511.5,112000.0,1,140000.0,1,0
36513.0,160000.0,1,200000.0,1,1
36514.5,16000.0,1,20000.0,1,1
36516.0,232000.0,1,290000.0,1,0
36517.5,240000.0,1,300000.0,1,0
36519.0,160000.0,1,200000.0,1,1
36520.5,120000.0,1,150000.0,1,0
36522.0,192000.0,1,240000.0,1,0
36523.5,360000.0,1,450000.0,1,0
36525.0,16000.0,1,20000.0,1,0
36526.5,40000.0,1,50000.0,1,1
36528.0,152000.0,1,190000.0,1,1
36529.5,312000.0,1,390000.0,1,0
36531.0,72000.0,1,90000.0,1,0
36532.5,96000.0,1,120000.0,1,0
36534.0,168000.0,1,210000.0,1,0
36535.5,400000.0,1,500000.0,1,0
36537.0,256000.0,1,320000.0,1,0
36538.5,168000.0,1,210000.0,1,0
36540.0,72000.0,1,90000.0,1,1
36541.5,80000.0,1,100000.0,1,0
36543.0,288000.0,1,360000.0,1,0
36544.5,32000.0,1,40000.0,1,0
36546.0,64000.0,1,80000.0,1,0
36547.5,240000.0,1,300000.0,1,0
36549.0,104000.0,1,130000.0,1,0
36550.5,384000.0,1,480000.0,1,0
36552.0,256000.0,1,320000.0,1,0
36553.5,264000.0,1,330000.0,1,0
36555.0,56000.0,2,70000.0,2,0
36556.5,192000.0,1,240000.0,1,1
36558.0,168000.0,1,210000.0,1,0
36559.5,40000.0,1,50000.0,1,0
36561.0,40000.0,1,50000.0,1,0
36562.5,24000.0,1,30000.0,1,0
36564.0,248000.0,1,310000.0,1,0
36565.5,184000.0,1,230000.0,1,0
36567.0,136000.0,1,170000.0,1,0
36568.5,144000.0,1,180000.0,1,0
36570.0,264000.0,1,330000.0,1,0
36571.5,136000.0,1,170000.0,1,0
36573.0,128000.0,1,160000.0,1,0
36574.5,40000.0,1,50000.0,1,1
36576.0,48000.0,1,60000.0,1,0
36577.5,400000.0,1,500000.0,1,0
36579.0,184000.0,1,230000.0,1,0
36580.5,144000.0,1,180000.0,1,0
36582.0,256000.0,1,320000.0,1,0
36583.5,392000.0,1,490000.0,1,0
36585.0,168000.0,1,210000.0,1,0
36586.5,40000.0,1,50000.0,1,1
36588.0,128000.0,1,160000.0,1,0
36589.5,64000.0,1,80000.0,1,1
36591.0,176000.0,1,220000.0,1,0
36592.5,16000.0,1,20000.0,1,1
36594.0,160000.0,1,200000.0,1,0
36595.5,240000.0,1,300000.0,1,1
36597.0,16000.0,1,20000.0,1,1
36598.5,144000.0,1,180000.0,1,0
36600.0,160000.0,1,200000.0,1,0
36601.5,112000.0,1,140000.0,1,1
36603.0,120000.0,1,150000.0,1,0
36604.5,128000.0,1,160000.0,1,0
36606.0,128000.0,1,160000.0,1,0
36607.5,160000.0,1,200000.0,1,0
36609.0,16000.0,1,20000.0,1,1
36610.5,208000.0,1,260000.0,1,0
36612.0,208000.0,1,260000.0,1,1
36613.5,496000.0,1,620000.0,1,0
36615.0,40000.0,1,50000.0,1,1
36616.5,16000.0,1,20000.0,1,0
36618.0,152000.0,1,190000.0,1,0
36619.5,24000.0,1,30000.0,1,1
36621.0,128000.0,1,160000.0,1,0
36622.5,288000.0,1,360000.0,1,0
36624.0,16000.0,1,20000.0,1,0
36625.5,120000.0,1,150000.0,1,0
36627.0,320000.0,1,400000.0,1,0
36628.5,64000.0,1,80000.0,1,0
36630.0,208000.0,1,260000.0,1,0
36631.5,400000.0,1,500000.0,1,0
36633.0,192000.0,1,240000.0,1,0
36634.5,40000.0,1,50000.0,1,0
36636.0,8000.0,1,10000.0,1,0
36637.5,40000.0,1,50000.0,1,0
36639.0,120000.0,1,150000.0,1,0
36640.5,120000.0,1,150000.0,1,0
36642.0,104000.0,1,130000.0,1,0
36643.5,96000.0,1,120000.0,1,0
36645.0,40000.0,1,50000.0,1,1
36646.5,128000.0,1,160000.0,1,0
36648.0,56000.0,1,70000.0,1,1
36649.5,304000.0,1,380000.0,1,0
36651.0,224000.0,1,280000.0,1,0
36652.5,40000.0,1,50000.0,1,1
36654.0,24000.0,1,30000.0,1,1
36655.5,208000.0,1,260000.0,1,0
36657.0,168000.0,1,210000.0,1,0
36658.5,256000.0,1,320000.0,1,0
36660.0,384000.0,1,480000.0,1,0
36661.5,64000.0,1,80000.0,1,0
36663.0,80000.0,1,100000.0,1,0
36664.5,56000.0,1,70000.0,1,0
36666.0,240000.0,1,300000.0,1,0
36667.5,120000.0,1,150000.0,1,0
36669.0,112000.0,1,140000.0,1,1
36670.5,288000.0,1,360000.0,1,0
36672.0,400000.0,1,500000.0,1,0
36673.5,256000.0,1,320000.0,1,1
36675.0,152000.0,1,190000.0,1,0
36676.5,40000.0,1,50000.0,1,1
36678.0,40000.0,1,50000.0,1,1
36679.5,232000.0,1,290000.0,1,0
36681.0,88000.0,1,110000.0,1,0
36682.5,168000.0,1,210000.0,1,0
36684.0,16000.0,1,20000.0,1,1
36685.5,72000.0,1,90000.0,1,0
36687.0,96000.0,1,120000.0,1,0
36688.5,16000.0,1,20000.0,1,1
36690.0,216000.0,1,270000.0,1,0
36691.5,152000.0,1,190000.0,1,0
36693.0,160000.0,1,200000.0,1,0
36694.5,272000.0,1,340000.0,1,0
36696.0,248000.0,1,310000.0,1,0
36697.5,144000.0,1,180000.0,1,0
36699.0,64000.0,1,80000.0,1,1
36700.5,408000.0,1,510000.0,1,1
36702.0,160000.0,1,200000.0,1,0
36703.5,80000.0,1,100000.0,1,0
36705.0,120000.0,1,150000.0,1,1
36706.5,320000.0,1,400000.0,1,0
36708.0,104000.0,1,130000.0,1,1
36709.5,336000.0,1,420000.0,1,0
36711.0,272000.0,1,340000.0,1,0
36712.5,160000.0,1,200000.0,1,0
36714.0,336000.0,1,420000.0,1,0
36715.5,40000.0,1,50000.0,1,0
36717.0,224000.0,1,280000.0,1,0
36718.5,224000.0,1,280000.0,1,1
36720.0,48000.0,1,60000.0,1,0
36721.5,288000.0,1,360000.0,1,0
36723.0,176000.0,1,220000.0,1,1
36724.5,16000.0,1,20000.0,1,0
36726.0,128000.0,1,160000.0,1,1
36727.5,16000.0,1,20000.0,1,0
36729.0,144000.0,1,180000.0,1,0
36730.5,400000.0,1,500000.0,1,0
36732.0,16000.0,1,20000.0,1,1
36733.5,16000.0,1,20000.0,1,0
36735.0,200000.0,1,250000.0,1,0
36736.5,256000.0,1,320000.0,1,0
36738.0,376000.0,1,470000.0,1,0
36739.5,144000.0,1,180000.0,1,0
36741.0,136000.0,1,170000.0,1,0
36742.5,16000.0,1,20000.0,1,0
36744.0,224000.0,1,280000.0,1,0
36745.5,232000.0,1,290000.0,1,0
36747.0,48000.0,1,60000.0,1,1
36748.5,104000.0,1,130000.0,1,0
36750.0,80000.0,1,100000.0,1,0
36751.5,48000.0,1,60000.0,1,0
36753.0,80000.0,1,100000.0,1,0
36754.5,40000.0,1,50000.0,1,0
36756.0,440000.0,1,550000.0,1,0
36757.5,80000.0,1,100000.0,1,1
36759.0,224000.0,1,280000.0,1,0
36760.5,24000.0,1,30000.0,1,0
36762.0,184000.0,1,230000.0,1,0
36763.5,64000.0,1,80000.0,1,0
36765.0,64000.0,1,80000.0,1,0
36766.5,40000.0,1,50000.0,1,0
36768.0,40000.0,1,50000.0,1,0
36769.5,224000.0,1,280000.0,1,0
36771.0,232000.0,1,290000.0,1,0
36772.5,40000.0,1,50000.0,1,0
36774.0,112000.0,1,140000.0,1,0
36775.5,64000.0,1,80000.0,1,0
36777.0,224000.0,1,280000.0,1,0
36778.5,16000.0,1,20000.0,1,0
36780.0,376000.0,1,470000.0,1,0
36781.5,280000.0,1,350000.0,1,0
36783.0,136000.0,1,170000.0,1,0
36784.5,160000.0,1,200000.0,1,0
36786.0,288000.0,1,360000.0,1,0
36787.5,112000.0,1,140000.0,1,1
36789.0,192000.0,1,240000.0,1,1
36790.5,400000.0,1,500000.0,1,0
36792.0,152000.0,1,190000.0,1,1
36793.5,160000.0,1,200000.0,1,0
36795.0,168000.0,1,210000.0,1,1
36796.5,24000.0,1,30000.0,1,0
36798.0,40000.0,1,50000.0,1,1
36799.5,288000.0,1,360000.0,1,0
36801.0,224000.0,1,280000.0,1,0
36802.5,288000.0,1,360000.0,1,1
36804.0,40000.0,1,50000.0,1,0
36805.5,216000.0,1,270000.0,1,0
36807.0,16000.0,1,20000.0,1,0
36808.5,160000.0,1,200000.0,1,0
36810.0,256000.0,1,320000.0,1,0
36811.5,184000.0,1,230000.0,1,0
36813.0,280000.0,1,350000.0,1,0
36814.5,176000.0,1,220000.0,1,1
36816.0,40000.0,1,50000.0,1,0
36817.5,16000.0,1,20000.0,1,1
36819.0,312000.0,1,390000.0,1,0
36820.5,96000.0,1,120000.0,1,0
36822.0,392000.0,1,490000.0,1,0
36823.5,152000.0,1,190000.0,1,0
36825.0,120000.0,1,150000.0,1,0
36826.5,120000.0,1,150000.0,1,0
36828.0,216000.0,1,270000.0,1,1
36829.5,120000.0,1,150000.0,1,0
36831.0,480000.0,1,600000.0,1,0
36832.5,192000.0,1,240000.0,1,0
36834.0,80000.0,1,100000.0,1,0
36835.5,208000.0,1,260000.0,1,1
36837.0,64000.0,1,80000.0,1,0
36838.5,16000.0,1,20000.0,1,1
36840.0,208000.0,1,260000.0,1,0
36841.5,296000.0,1,370000.0,1,0
36843.0,56000.0,1,70000.0,1,0
36844.5,216000.0,1,270000.0,1,0
36846.0,200000.0,1,250000.0,1,0
36847.5,56000.0,1,70000.0,1,0
36849.0,128000.0,1,160000.0,1,0
36850.5,240000.0,1,300000.0,1,0
36852.0,224000.0,1,280000.0,1,0
36853.5,168000.0,1,210000.0,1,0
36855.0,160000.0,1,200000.0,1,0
36856.5,40000.0,1,50000.0,1,1
36858.0,48000.0,1,60000.0,1,0
36859.5,40000.0,1,50000.0,1,0
36861.0,40000.0,1,50000.0,1,1
36862.5,112000.0,1,140000.0,1,0
36864.0,120000.0,1,150000.0,1,0
36865.5,184000.0,1,230000.0,1,0
36867.0,248000.0,1,310000.0,1,0
36868.5,400000.0,1,500000.0,1,0
36870.0,136000.0,1,170000.0,1,0
36871.5,184000.0,1,230000.0,1,1
36873.0,40000.0,1,50000.0,1,0
36874.5,136000.0,1,170000.0,1,0
36876.0,272000.0,1,340000.0,1,1
36877.5,176000.0,1,220000.0,1,0
36879.0,48000.0,1,60000.0,1,0
36880.5,160000.0,1,200000.0,1,0
36882.0,280000.0,1,350000.0,1,0
36883.5,48000.0,1,60000.0,1,0
36885.0,80000.0,1,100000.0,1,0
36886.5,56000.0,1,70000.0,1,1
36888.0,288000.0,1,360000.0,1,0
36889.5,80000.0,1,100000.0,1,1
36891.0,232000.0,1,290000.0,1,0
36892.5,304000.0,1,380000.0,1,1
36894.0,304000.0,1,380000.0,1,0
36895.5,48000.0,1,60000.0,1,1
36897.0,256000.0,1,320000.0,1,0
36898.5,64000.0,1,80000.0,1,1
36900.0,224000.0,1,280000.0,1,0
36901.5,88000.0,1,110000.0,1,1
36903.0,248000.0,1,310000.0,1,1
36904.5,184000.0,1,230000.0,1,0
36906.0,160000.0,1,200000.0,1,1
36907.5,56000.0,1,70000.0,1,0
36909.0,168000.0,1,210000.0,1,0
36910.5,232000.0,1,290000.0,1,0
36912.0,368000.0,1,460000.0,1,0
36913.5,288000.0,1,360000.0,1,0
36915.0,160000.0,1,200000.0,1,0
36916.5,184000.0,1,230000.0,1,0
36918.0,64000.0,1,80000.0,1,0
36919.5,64000.0,1,80000.0,1,0
36921.0,120000.0,1,150000.0,1,0
36922.5,232000.0,1,290000.0,1,0
36924.0,72000.0,1,90000.0,1,0
36925.5,288000.0,1,360000.0,1,1
36927.0,152000.0,1,190000.0,1,1
36928.5,16000.0,1,20000.0,1,0
36930.0,120000.0,1,150000.0,1,0
36931.5,40000.0,1,50000.0,1,0
36933.0,248000.0,1,310000.0,1,0
36934.5,208000.0,1,260000.0,1,0
36936.0,152000.0,1,190000.0,1,0
36937.5,24000.0,1,30000.0,1,1
36939.0,224000.0,1,280000.0,1,0
36940.5,48000.0,1,60000.0,1,1
36942.0,16000.0,1,20000.0,1,0
36943.5,112000.0,1,140000.0,1,0
36945.0,64000.0,1,80000.0,1,1
36946.5,160000.0,1,200000.0,1,0
36948.0,136000.0,1,170000.0,1,0
36949.5,168000.0,1,210000.0,1,0
36951.0,400000.0,1,500000.0,1,0
36952.5,48000.0,1,60000.0,1,0
36954.0,328000.0,1,410000.0,1,1
36955.5,176000.0,1,220000.0,1,1
36957.0,336000.0,1,420000.0,1,0
36958.5,200000.0,1,250000.0,1,0
36960.0,64000.0,1,80000.0,1,0
36961.5,64000.0,1,80000.0,1,0
36963.0,16000.0,1,20000.0,1,0
36964.5,240000.0,1,300000.0,1,0
36966.0,40000.0,1,50000.0,1,1
36967.5,288000.0,1,360000.0,1,0
36969.0,112000.0,1,140000.0,1,0
36970.5,56000.0,1,70000.0,1,1
36972.0,56000.0,1,70000.0,1,0
36973.5,344000.0,1,430000.0,1,0
36975.0,136000.0,1,170000.0,1,0
36976.5,168000.0,1,210000.0,1,0
36978.0,120000.0,1,150000.0,1,0
36979.5,208000.0,1,260000.0,1,0
36981.0,400000.0,1,500000.0,1,0
36982.5,128000.0,1,160000.0,1,0
36984.0,168000.0,1,210000.0,1,1
36985.5,184000.0,1,230000.0,1,0
36987.0,144000.0,1,180000.0,1,0
36988.5,16000.0,1,20000.0,1,0
36990.0,248000.0,1,310000.0,1,0
36991.5,144000.0,1,180000.0,1,0
36993.0,64000.0,1,80000.0,1,0
36994.5,184000.0,1,230000.0,1,0
36996.0,168000.0,1,210000.0,1,1
36997.5,72000.0,1,90000.0,1,1
36999.0,24000.0,1,30000.0,1,0
37000.5,344000.0,1,430000.0,1,0
37002.0,160000.0,1,200000.0,1,0
37003.5,176000.0,1,220000.0,1,1
37005.0,384000.0,1,480000.0,1,0
37006.5,288000.0,1,360000.0,1,0
37008.0,312000.0,1,390000.0,1,0
37009.5,16000.0,1,20000.0,1,1
37011.0,160000.0,1,200000.0,1,0
37012.5,24000.0,1,30000.0,1,1
37014.0,328000.0,1,410000.0,1,0
37015.5,32000.0,1,40000.0,1,0
37017.0,40000.0,2,50000.0,2,1
37018.5,184000.0,2,230000.0,2,0
37020.0,104000.0,2,130000.0,2,1
37021.5,80000.0,2,100000.0,2,0
37023.0,320000.0,1,400000.0,1,0
37024.5,264000.0,1,330000.0,1,0
37026.0,472000.0,1,590000.0,1,0
37027.5,40000.0,1,50000.0,1,1
37029.0,112000.0,1,140000.0,1,1
37030.5,584000.0,1,730000.0,1,0
37032.0,88000.0,1,110000.0,1,1
37033.5,400000.0,1,500000.0,1,0
37035.0,160000.0,1,200000.0,1,0
37036.5,144000.0,1,180000.0,1,0
37038.0,56000.0,1,70000.0,1,0
37039.5,136000.0,1,170000.0,1,0
37041.0,336000.0,1,420000.0,1,0
37042.5,48000.0,1,60000.0,1,0
37044.0,224000.0,1,280000.0,1,0
37045.5,24000.0,1,30000.0,1,0
37047.0,72000.0,1,90000.0,1,1
37048.5,160000.0,1,200000.0,1,0
37050.0,176000.0,1,220000.0,1,0
37051.5,224000.0,1,280000.0,1,0
37053.0,224000.0,1,280000.0,1,0
37054.5,344000.0,1,430000.0,1,0
37056.0,144000.0,1,180000.0,1,0
37057.5,40000.0,1,50000.0,1,1
37059.0,400000.0,1,500000.0,1,0
37060.5,40000.0,1,50000.0,1,0
37062.0,160000.0,1,200000.0,1,0
37063.5,80000.0,1,100000.0,1,0
37065.0,48000.0,1,60000.0,1,0
37066.5,24000.0,1,30000.0,1,1
37068.0,144000.0,1,180000.0,1,0
37069.5,16000.0,1,20000.0,1,1
37071.0,280000.0,1,350000.0,1,0
37072.5,16000.0,1,20000.0,1,0
37074.0,80000.0,1,100000.0,1,0
37075.5,16000.0,1,20000.0,1,1
37077.0,24000.0,1,30000.0,1,0
37078.5,24000.0,1,30000.0,1,0
37080.0,144000.0,1,180000.0,1,0
37081.5,240000.0,1,300000.0,1,0
37083.0,288000.0,1,360000.0,1,0
37084.5,168000.0,1,210000.0,1,0
37086.0,24000.0,1,30000.0,1,1
37087.5,120000.0,1,150000.0,1,0
37089.0,120000.0,1,150000.0,1,0
37090.5,120000.0,1,150000.0,1,1
37092.0,376000.0,1,470000.0,1,0
37093.5,160000.0,1,200000.0,1,0
37095.0,64000.0,1,80000.0,1,0
37096.5,200000.0,1,250000.0,1,0
37098.0,400000.0,1,500000.0,1,0
37099.5,160000.0,1,200000.0,1,0
37101.0,72000.0,1,90000.0,1,0
37102.5,320000.0,1,400000.0,1,0
37104.0,144000.0,1,180000.0,1,0
37105.5,128000.0,1,160000.0,1,0
37107.0,104000.0,1,130000.0,1,0
37108.5,48000.0,1,60000.0,1,0
37110.0,192000.0,1,240000.0,1,0
37111.5,128000.0,1,160000.0,1,1
37113.0,40000.0,1,50000.0,1,0
37114.5,224000.0,1,280000.0,1,0
37116.0,24000.0,1,30000.0,1,0
37117.5,104000.0,1,130000.0,1,0
37119.0,128000.0,1,160000.0,1,0
37120.5,336000.0,1,420000.0,1,0
37122.0,168000.0,1,210000.0,1,1
37123.5,56000.0,1,70000.0,1,0
37125.0,40000.0,1,50000.0,1,0
37126.5,40000.0,1,50000.0,1,1
37128.0,264000.0,1,330000.0,1,0
37129.5,56000.0,1,70000.0,1,1
37131.0,136000.0,1,170000.0,1,0
37132.5,40000.0,1,50000.0,1,1
37134.0,200000.0,1,250000.0,1,0
37135.5,160000.0,1,200000.0,1,0
37137.0,368000.0,1,460000.0,1,0
37138.5,80000.0,1,100000.0,1,0
37140.0,176000.0,1,220000.0,1,1
37141.5,24000.0,1,30000.0,1,1
37143.0,64000.0,1,80000.0,1,0
37144.5,256000.0,1,320000.0,1,0
37146.0,88000.0,1,110000.0,1,0
37147.5,16000.0,1,20000.0,1,0
37149.0,40000.0,1,50000.0,1,1
37150.5,344000.0,1,430000.0,1,0
37152.0,64000.0,1,80000.0,1,1
37153.5,32000.0,1,40000.0,1,1
37155.0,120000.0,1,150000.0,1,0
37156.5,264000.0,1,330000.0,1,0
37158.0,16000.0,1,20000.0,1,0
37159.5,16000.0,1,20000.0,1,0
37161.0,400000.0,1,500000.0,1,0
37162.5,160000.0,1,200000.0,1,1
37164.0,16000.0,1,20000.0,1,0
37165.5,168000.0,1,210000.0,1,0
37167.0,400000.0,1,500000.0,1,0
37168.5,240000.0,1,300000.0,1,0
37170.0,88000.0,1,110000.0,1,0
37171.5,400000.0,1,500000.0,1,0
37173.0,96000.0,1,120000.0,1,1
37174.5,288000.0,1,360000.0,1,0
37176.0,280000.0,1,350000.0,1,0
37177.5,64000.0,1,80000.0,1,1
37179.0,256000.0,1,320000.0,1,0
37180.5,184000.0,1,230000.0,1,0
37182.0,88000.0,1,110000.0,1,0
37183.5,48000.0,1,60000.0,1,0
37185.0,16000.0,1,20000.0,1,0
37186.5,256000.0,1,320000.0,1,0
37188.0,72000.0,1,90000.0,1,0
37189.5,160000.0,1,200000.0,1,0
37191.0,192000.0,1,240000.0,1,1
37192.5,192000.0,1,240000.0,1,1
37194.0,96000.0,1,120000.0,1,0
37195.5,56000.0,1,70000.0,1,0
37197.0,16000.0,1,20000.0,1,0
37198.5,112000.0,1,140000.0,1,0
37200.0,192000.0,1,240000.0,1,0
37201.5,40000.0,1,50000.0,1,0
37203.0,80000.0,1,100000.0,1,0
37204.5,112000.0,1,140000.0,1,0
37206.0,208000.0,1,260000.0,1,0
37207.5,184000.0,1,230000.0,1,0
37209.0,16000.0,1,20000.0,1,0
37210.5,88000.0,1,110000.0,1,0
37212.0,368000.0,1,460000.0,1,0
37213.5,96000.0,1,120000.0,1,0
37215.0,48000.0,1,60000.0,1,1
37216.5,40000.0,1,50000.0,1,1
37218.0,40000.0,1,50000.0,1,0
37219.5,24000.0,1,30000.0,1,0
37221.0,16000.0,1,20000.0,1,0
37222.5,16000.0,1,20000.0,1,0
37224.0,280000.0,1,350000.0,1,0
37225.5,192000.0,1,240000.0,1,0
37227.0,96000.0,1,120000.0,1,1
37228.5,160000.0,1,200000.0,1,0
37230.0,120000.0,1,150000.0,1,0
37231.5,144000.0,1,180000.0,1,0
37233.0,208000.0,1,260000.0,1,0
37234.5,144000.0,1,180000.0,1,0
37236.0,104000.0,1,130000.0,1,0
37237.5,200000.0,1,250000.0,1,0
37239.0,368000.0,1,460000.0,1,0
37240.5,32000.0,1,40000.0,1,0
37242.0,16000.0,1,20000.0,1,1
37243.5,248000.0,1,310000.0,1,0
37245.0,72000.0,1,90000.0,1,0
37246.5,16000.0,1,20000.0,1,0
37248.0,216000.0,1,270000.0,1,0
37249.5,136000.0,1,170000.0,1,0
37251.0,240000.0,1,300000.0,1,0
37252.5,280000.0,1,350000.0,1,1
37254.0,288000.0,1,360000.0,1,0
37255.5,208000.0,1,260000.0,1,0
37257.0,80000.0,1,100000.0,1,0
37258.5,160000.0,1,200000.0,1,0
37260.0,24000.0,1,30000.0,1,0
37261.5,128000.0,1,160000.0,1,0
37263.0,296000.0,1,370000.0,1,0
37264.5,304000.0,1,380000.0,1,0
37266.0,168000.0,1,210000.0,1,0
37267.5,72000.0,1,90000.0,1,0
37269.0,168000.0,1,210000.0,1,0
37270.5,96000.0,1,120000.0,1,1
37272.0,400000.0,1,500000.0,1,0
37273.5,312000.0,1,390000.0,1,0
37275.0,248000.0,1,310000.0,1,0
37276.5,224000.0,1,280000.0,1,0
37278.0,160000.0,1,200000.0,1,0
37279.5,40000.0,1,50000.0,1,0
37281.0,400000.0,1,500000.0,1,0
37282.5,24000.0,1,30000.0,1,0
37284.0,40000.0,1,50000.0,1,1
37285.5,168000.0,1,210000.0,1,1
37287.0,120000.0,1,150000.0,1,0
37288.5,184000.0,1,230000.0,1,0
37290.0,160000.0,1,200000.0,1,0
37291.5,160000.0,1,200000.0,1,0
37293.0,264000.0,1,330000.0,1,1
37294.5,56000.0,1,70000.0,1,0
37296.0,80000.0,1,100000.0,1,1
37297.5,104000.0,1,130000.0,1,0
37299.0,72000.0,1,90000.0,1,1
37300.5,120000.0,1,150000.0,1,0
37302.0,184000.0,1,230000.0,1,0
37303.5,64000.0,1,80000.0,1,0
37305.0,80000.0,1,100000.0,1,0
37306.5,136000.0,1,170000.0,1,1
37308.0,248000.0,1,310000.0,1,0
37309.5,128000.0,1,160000.0,1,0
37311.0,56000.0,1,70000.0,1,1
37312.5,400000.0,1,500000.0,1,0
37314.0,40000.0,1,50000.0,1,0
37315.5,328000.0,1,410000.0,1,1
37317.0,96000.0,1,120000.0,1,0
37318.5,16000.0,1,20000.0,1,1
37320.0,248000.0,1,310000.0,1,0
37321.5,72000.0,1,90000.0,1,0
37323.0,160000.0,1,200000.0,1,0
37324.5,288000.0,1,360000.0,1,0
37326.0,280000.0,1,350000.0,1,0
37327.5,16000.0,1,20000.0,1,0
37329.0,208000.0,1,260000.0,1,0
37330.5,88000.0,1,110000.0,1,1
37332.0,112000.0,1,140000.0,1,0
37333.5,248000.0,1,310000.0,1,0
37335.0,136000.0,1,170000.0,1,0
37336.5,64000.0,1,80000.0,1,0
37338.0,328000.0,1,410000.0,1,0
37339.5,104000.0,1,130000.0,1,0
37341.0,208000.0,1,260000.0,1,0
37342.5,400000.0,1,500000.0,1,0
37344.0,128000.0,1,160000.0,1,0
37345.5,144000.0,1,180000.0,1,0
37347.0,56000.0,1,70000.0,1,0
37348.5,40000.0,1,50000.0,1,0
37350.0,72000.0,1,90000.0,1,1
37351.5,168000.0,1,210000.0,1,1
37353.0,168000.0,1,210000.0,1,0
37354.5,288000.0,1,360000.0,1,0
37356.0,224000.0,1,280000.0,1,0
37357.5,128000.0,1,160000.0,1,0
37359.0,160000.0,1,200000.0,1,0
37360.5,40000.0,1,50000.0,1,0
37362.0,320000.0,1,400000.0,1,1
37363.5,168000.0,1,210000.0,1,0
37365.0,352000.0,1,440000.0,1,0
37366.5,304000.0,1,380000.0,1,0
37368.0,96000.0,1,120000.0,1,0
37369.5,88000.0,1,110000.0,1,1
37371.0,88000.0,1,110000.0,1,1
37372.5,288000.0,1,360000.0,1,0
37374.0,160000.0,1,200000.0,1,1
37375.5,160000.0,1,200000.0,1,1
37377.0,40000.0,1,50000.0,1,0
37378.5,320000.0,1,400000.0,1,0
37380.0,120000.0,1,150000.0,1,0
37381.5,344000.0,1,430000.0,1,0
37383.0,136000.0,1,170000.0,1,0
37384.5,240000.0,1,300000.0,1,0
37386.0,400000.0,1,500000.0,1,0
37387.5,184000.0,1,230000.0,1,0
37389.0,40000.0,1,50000.0,1,0
37390.5,40000.0,1,50000.0,1,1
37392.0,176000.0,1,220000.0,1,0
37393.5,400000.0,1,500000.0,1,0
37395.0,280000.0,1,350000.0,1,0
37396.5,160000.0,1,200000.0,1,0
37398.0,24000.0,1,30000.0,1,0
37399.5,144000.0,1,180000.0,1,0
37401.0,40000.0,1,50000.0,1,0
37402.5,64000.0,1,80000.0,1,0
37404.0,216000.0,1,270000.0,1,0
37405.5,248000.0,1,310000.0,1,0
37407.0,360000.0,1,450000.0,1,1
37408.5,168000.0,1,210000.0,1,1
37410.0,240000.0,1,300000.0,1,0
37411.5,48000.0,1,60000.0,1,0
37413.0,288000.0,1,360000.0,1,0
37414.5,224000.0,1,280000.0,1,0
37416.0,120000.0,1,150000.0,1,1
37417.5,208000.0,1,260000.0,1,0
37419.0,120000.0,1,150000.0,1,0
37420.5,144000.0,1,180000.0,1,0
37422.0,96000.0,1,120000.0,1,0
37423.5,160000.0,1,200000.0,1,0
37425.0,104000.0,1,130000.0,1,0
37426.5,40000.0,1,50000.0,1,0
37428.0,344000.0,1,430000.0,1,0
37429.5,24000.0,1,30000.0,1,1
37431.0,48000.0,1,60000.0,1,1
37432.5,144000.0,1,180000.0,1,0
37434.0,288000.0,1,360000.0,1,0
37435.5,48000.0,1,60000.0,1,0
37437.0,80000.0,1,100000.0,1,0
37438.5,64000.0,1,80000.0,1,0
37440.0,192000.0,1,240000.0,1,0
37441.5,32000.0,1,40000.0,1,0
37443.0,64000.0,1,80000.0,1,0
37444.5,96000.0,1,120000.0,1,1
37446.0,224000.0,1,280000.0,1,0
37447.5,168000.0,1,210000.0,1,0
37449.0,56000.0,1,70000.0,1,0
37450.5,128000.0,1,160000.0,1,1
37452.0,208000.0,1,260000.0,1,0
37453.5,80000.0,1,100000.0,1,1
37455.0,64000.0,1,80000.0,1,1
37456.5,112000.0,1,140000.0,1,0
37458.0,80000.0,1,100000.0,1,0
37459.5,40000.0,1,50000.0,1,0
37461.0,16000.0,1,20000.0,1,0
37462.5,192000.0,1,240000.0,1,0
37464.0,72000.0,1,90000.0,1,0
37465.5,336000.0,1,420000.0,1,0
37467.0,400000.0,1,500000.0,1,0
37468.5,280000.0,1,350000.0,1,0
37470.0,40000.0,1,50000.0,1,0
37471.5,64000.0,1,80000.0,1,0
37473.0,160000.0,1,200000.0,1,0
37474.5,192000.0,1,240000.0,1,0
37476.0,24000.0,1,30000.0,1,0
37477.5,40000.0,1,50000.0,1,0
37479.0,232000.0,1,290000.0,1,0
37480.5,16000.0,1,20000.0,1,0
37482.0,264000.0,1,330000.0,1,0
37483.5,8000.0,1,10000.0,1,1
37485.0,296000.0,1,370000.0,1,0
37486.5,64000.0,1,80000.0,1,0
37488.0,272000.0,1,340000.0,1,0
37489.5,400000.0,1,500000.0,1,1
37491.0,368000.0,1,460000.0,1,0
37492.5,40000.0,1,50000.0,1,1
37494.0,128000.0,1,160000.0,1,0
37495.5,64000.0,1,80000.0,1,1
37497.0,168000.0,1,210000.0,1,0
37498.5,24000.0,1,30000.0,1,0
37500.0,24000.0,1,30000.0,1,1
37501.5,328000.0,1,410000.0,1,0
37503.0,208000.0,1,260000.0,1,1
37504.5,40000.0,1,50000.0,1,0
37506.0,288000.0,1,360000.0,1,0
37507.5,40000.0,1,50000.0,1,0
37509.0,176000.0,1,220000.0,1,0
37510.5,24000.0,1,30000.0,1,1
37512.0,184000.0,1,230000.0,1,1
37513.5,16000.0,1,20000.0,1,0
37515.0,400000.0,1,500000.0,1,0
37516.5,40000.0,1,50000.0,1,0
37518.0,352000.0,1,440000.0,1,0
37519.5,112000.0,1,140000.0,1,0
37521.0,384000.0,1,480000.0,1,0
37522.5,16000.0,1,20000.0,1,1
37524.0,136000.0,1,170000.0,1,0
37525.5,208000.0,1,260000.0,1,0
37527.0,112000.0,1,140000.0,1,1
37528.5,80000.0,1,100000.0,1,0
37530.0,176000.0,1,220000.0,1,0
37531.5,128000.0,1,160000.0,1,0
37533.0,16000.0,1,20000.0,1,0
37534.5,168000.0,1,210000.0,1,1
37536.0,48000.0,1,60000.0,1,0
37537.5,152000.0,1,190000.0,1,1
37539.0,400000.0,1,500000.0,1,0
37540.5,16000.0,1,20000.0,1,0
37542.0,368000.0,1,460000.0,1,0
37543.5,368000.0,1,460000.0,1,0
37545.0,240000.0,1,300000.0,1,0
37546.5,392000.0,1,490000.0,1,0
37548.0,72000.0,1,90000.0,1,0
37549.5,56000.0,1,70000.0,1,1
37551.0,16000.0,1,20000.0,1,1
37552.5,16000.0,1,20000.0,1,0
37554.0,8000.0,1,10000.0,1,1
37555.5,336000.0,1,420000.0,1,0
37557.0,160000.0,1,200000.0,1,0
37558.5,400000.0,1,500000.0,1,0
37560.0,120000.0,1,150000.0,1,0
37561.5,40000.0,1,50000.0,1,0
37563.0,144000.0,1,180000.0,1,0
37564.5,16000.0,1,20000.0,1,0
37566.0,120000.0,1,150000.0,1,1
37567.5,40000.0,1,50000.0,1,0
37569.0,104000.0,1,130000.0,1,0
37570.5,296000.0,1,370000.0,1,0
37572.0,288000.0,1,360000.0,1,1
37573.5,80000.0,1,100000.0,1,1
37575.0,40000.0,1,50000.0,1,0
37576.5,160000.0,1,200000.0,1,1
37578.0,320000.0,1,400000.0,1,0
37579.5,16000.0,1,20000.0,1,0
37581.0,400000.0,1,500000.0,1,1
37582.5,16000.0,1,20000.0,1,1
37584.0,192000.0,1,240000.0,1,0
37585.5,168000.0,1,210000.0,1,0
37587.0,104000.0,1,130000.0,1,0
37588.5,104000.0,1,130000.0,1,0
37590.0,288000.0,1,360000.0,1,1
37591.5,40000.0,1,50000.0,1,0
37593.0,400000.0,1,500000.0,1,0
37594.5,104000.0,1,130000.0,1,0
37596.0,16000.0,1,20000.0,1,1
37597.5,384000.0,1,480000.0,1,0
37599.0,192000.0,1,240000.0,1,0
37600.5,48000.0,1,60000.0,1,0
37602.0,360000.0,1,450000.0,1,1
37603.5,280000.0,1,350000.0,1,0
37605.0,104000.0,1,130000.0,1,1
37606.5,192000.0,1,240000.0,1,0
37608.0,40000.0,1,50000.0,1,0
37609.5,48000.0,1,60000.0,1,0
37611.0,16000.0,1,20000.0,1,0
37612.5,24000.0,1,30000.0,1,0
37614.0,320000.0,1,400000.0,1,0
37615.5,320000.0,1,400000.0,1,0
37617.0,160000.0,1,200000.0,1,0
37618.5,208000.0,1,260000.0,1,0
37620.0,24000.0,1,30000.0,1,0
37621.5,24000.0,1,30000.0,1,1
37623.0,216000.0,1,270000.0,1,0
37624.5,208000.0,1,260000.0,1,0
37626.0,168000.0,1,210000.0,1,0
37627.5,400000.0,1,500000.0,1,0
37629.0,40000.0,1,50000.0,1,1
37630.5,128000.0,1,160000.0,1,0
37632.0,440000.0,1,550000.0,1,0
37633.5,264000.0,1,330000.0,1,0
37635.0,224000.0,1,280000.0,1,1
37636.5,320000.0,1,400000.0,1,0
37638.0,240000.0,1,300000.0,1,0
37639.5,16000.0,1,20000.0,1,0
37641.0,224000.0,1,280000.0,1,0
37642.5,320000.0,1,400000.0,1,0
37644.0,184000.0,1,230000.0,1,0
37645.5,16000.0,1,20000.0,1,1
37647.0,40000.0,1,50000.0,1,1
37648.5,384000.0,1,480000.0,1,0
37650.0,288000.0,1,360000.0,1,0
37651.5,88000.0,1,110000.0,1,0
37653.0,120000.0,1,150000.0,1,0
37654.5,40000.0,1,50000.0,1,1
37656.0,160000.0,1,200000.0,1,0
37657.5,88000.0,1,110000.0,1,0
37659.0,80000.0,1,100000.0,1,0
37660.5,16000.0,1,20000.0,1,0
37662.0,24000.0,1,30000.0,1,0
37663.5,184000.0,1,230000.0,1,0
37665.0,40000.0,1,50000.0,1,1
37666.5,24000.0,1,30000.0,1,0
37668.0,40000.0,1,50000.0,1,0
37669.5,104000.0,1,130000.0,1,0
37671.0,40000.0,1,50000.0,1,0
37672.5,288000.0,1,360000.0,1,1
37674.0,40000.0,1,50000.0,1,0
37675.5,120000.0,1,150000.0,1,1
37677.0,192000.0,1,240000.0,1,0
37678.5,400000.0,1,500000.0,1,0
37680.0,136000.0,1,170000.0,1,0
37681.5,280000.0,1,350000.0,1,0
37683.0,128000.0,1,160000.0,1,1
37684.5,176000.0,1,220000.0,1,0
37686.0,400000.0,1,500000.0,1,0
37687.5,368000.0,1,460000.0,1,0
37689.0,40000.0,1,50000.0,1,0
37690.5,592000.0,1,740000.0,1,0
37692.0,40000.0,1,50000.0,1,0
37693.5,232000.0,1,290000.0,1,0
37695.0,256000.0,1,320000.0,1,0
37696.5,336000.0,1,420000.0,1,0
37698.0,400000.0,1,500000.0,1,0
37699.5,360000.0,1,450000.0,1,0
37701.0,96000.0,1,120000.0,1,0
37702.5,64000.0,1,80000.0,1,0
37704.0,200000.0,1,250000.0,1,0
37705.5,144000.0,1,180000.0,1,1
37707.0,208000.0,1,260000.0,1,0
37708.5,16000.0,1,20000.0,1,0
37710.0,176000.0,1,220000.0,1,0
37711.5,72000.0,1,90000.0,1,0
37713.0,168000.0,1,210000.0,1,0
37714.5,240000.0,1,300000.0,1,0
37716.0,24000.0,1,30000.0,1,1
37717.5,72000.0,1,90000.0,1,0
37719.0,240000.0,1,300000.0,1,1
37720.5,400000.0,1,500000.0,1,1
37722.0,136000.0,2,170000.0,2,0
37723.5,120000.0,2,150000.0,2,0
37725.0,288000.0,2,360000.0,2,0
37726.5,56000.0,2,70000.0,2,0
37728.0,280000.0,2,350000.0,2,0
37729.5,40000.0,2,50000.0,2,0
37731.0,40000.0,2,50000.0,2,1
37732.5,56000.0,2,70000.0,2,1
37734.0,24000.0,2,30000.0,2,0
37735.5,24000.0,2,30000.0,2,0
37737.0,208000.0,2,260000.0,2,0
37738.5,24000.0,2,30000.0,2,1
37740.0,192000.0,2,240000.0,2,0
37741.5,64000.0,2,80000.0,2,1
37743.0,32000.0,2,40000.0,2,0
37744.5,104000.0,2,130000.0,2,1
37746.0,48000.0,2,60000.0,2,0
37747.5,200000.0,2,250000.0,2,0
37749.0,48000.0,2,60000.0,2,0
37750.5,312000.0,2,390000.0,2,0
37752.0,88000.0,2,110000.0,2,0
37753.5,24000.0,2,30000.0,2,0
37755.0,40000.0,2,50000.0,2,0
37756.5,8000.0,2,10000.0,2,0
37758.0,40000.0,2,50000.0,2,0
37759.5,64000.0,2,80000.0,2,0
37761.0,24000.0,2,30000.0,2,0
37762.5,24000.0,2,30000.0,2,1
37764.0,40000.0,2,50000.0,2,0
37765.5,40000.0,2,50000.0,2,0
37767.0,40000.0,2,50000.0,2,0
37768.5,8000.0,2,10000.0,2,0
37770.0,40000.0,2,50000.0,2,0
37771.5,40000.0,2,50000.0,2,0
37773.0,8000.0,2,10000.0,2,0
37774.5,8000.0,2,10000.0,2,1
37776.0,56000.0,2,70000.0,2,0
37777.5,16000.0,2,20000.0,2,0
37779.0,24000.0,2,30000.0,2,0
37780.5,24000.0,2,30000.0,2,0
37782.0,40000.0,2,50000.0,2,0
37783.5,80000.0,2,100000.0,2,0
37785.0,24000.0,2,30000.0,2,0
37786.5,16000.0,2,20000.0,2,1
37788.0,40000.0,2,50000.0,2,1
37789.5,24000.0,2,30000.0,2,0
37791.0,24000.0,2,30000.0,2,1
37792.5,24000.0,2,30000.0,2,0
37794.0,16000.0,2,20000.0,2,0
37795.5,24000.0,2,30000.0,2,1
37797.0,40000.0,2,50000.0,2,0
37798.5,64000.0,2,80000.0,2,0
37800.0,24000.0,2,30000.0,2,0
37801.5,8000.0,2,10000.0,2,0
37803.0,24000.0,2,30000.0,2,1
37804.5,16000.0,2,20000.0,2,0
37806.0,24000.0,2,30000.0,2,0
37807.5,96000.0,2,120000.0,2,0
37809.0,24000.0,2,30000.0,2,0
37810.5,88000.0,2,110000.0,2,0
37812.0,24000.0,2,30000.0,2,0
37813.5,64000.0,2,80000.0,2,0
37815.0,16000.0,2,20000.0,2,0
37816.5,136000.0,2,170000.0,2,0
37818.0,96000.0,2,120000.0,2,0
37819.5,24000.0,2,30000.0,2,0
37821.0,40000.0,2,50000.0,2,0
37822.5,160000.0,2,200000.0,2,0
37824.0,24000.0,2,30000.0,2,1
37825.5,72000.0,2,90000.0,2,0
37827.0,40000.0,2,50000.0,2,0
37828.5,40000.0,2,50000.0,2,0
37830.0,120000.0,2,150000.0,2,0
37831.5,8000.0,2,10000.0,2,0
37833.0,104000.0,2,130000.0,2,1
37834.5,56000.0,2,70000.0,2,0
37836.0,32000.0,2,40000.0,2,0
37837.5,160000.0,2,200000.0,2,0
37839.0,88000.0,2,110000.0,2,0
37840.5,64000.0,2,80000.0,2,0
37842.0,72000.0,2,90000.0,2,0
37843.5,24000.0,2,30000.0,2,0
37845.0,16000.0,2,20000.0,2,0
37846.5,24000.0,2,30000.0,2,0
37848.0,184000.0,2,230000.0,2,1
37849.5,40000.0,2,50000.0,2,0
37851.0,64000.0,2,80000.0,2,1
37852.5,104000.0,2,130000.0,2,0
37854.0,120000.0,2,150000.0,2,1
37855.5,64000.0,2,80000.0,2,0
37857.0,112000.0,2,140000.0,2,0
37858.5,120000.0,2,150000.0,2,0
37860.0,40000.0,2,50000.0,2,0
37861.5,64000.0,2,80000.0,2,0
37863.0,104000.0,2,130000.0,2,0
37864.5,32000.0,2,40000.0,2,0
37866.0,112000.0,2,140000.0,2,1
37867.5,24000.0,2,30000.0,2,0
37869.0,400000.0,2,500000.0,2,0
37870.5,216000.0,2,270000.0,2,0
37872.0,48000.0,2,60000.0,2,0
37873.5,96000.0,2,120000.0,2,0
37875.0,104000.0,2,130000.0,2,0
37876.5,24000.0,2,30000.0,2,0
37878.0,232000.0,2,290000.0,2,0
37879.5,24000.0,2,30000.0,2,1
37881.0,40000.0,2,50000.0,2,0
37882.5,168000.0,2,210000.0,2,1
37884.0,24000.0,2,30000.0,2,1
37885.5,48000.0,2,60000.0,2,0
37887.0,40000.0,2,50000.0,2,1
37888.5,64000.0,2,80000.0,2,0
37890.0,40000.0,2,50000.0,2,1
37891.5,72000.0,2,90000.0,2,0
37893.0,40000.0,2,50000.0,2,1
37894.5,40000.0,2,50000.0,2,1
37896.0,16000.0,2,20000.0,2,0
37897.5,120000.0,2,150000.0,2,0
37899.0,88000.0,2,110000.0,2,0
37900.5,112000.0,2,140000.0,2,0
37902.0,24000.0,2,30000.0,2,0
37903.5,96000.0,2,120000.0,2,0
37905.0,64000.0,2,80000.0,2,0
37906.5,64000.0,2,80000.0,2,0
37908.0,64000.0,2,80000.0,2,0
37909.5,40000.0,2,50000.0,2,0
37911.0,24000.0,2,30000.0,2,0
37912.5,64000.0,2,80000.0,2,0
37914.0,24000.0,2,30000.0,2,1
37915.5,40000.0,2,50000.0,2,0
37917.0,136000.0,2,170000.0,2,0
37918.5,64000.0,2,80000.0,2,1
37920.0,168000.0,2,210000.0,2,0
37921.5,128000.0,2,160000.0,2,0
37923.0,120000.0,2,150000.0,2,0
37924.5,56000.0,2,70000.0,2,0
37926.0,48000.0,2,60000.0,2,0
37927.5,40000.0,2,50000.0,2,0
37929.0,112000.0,2,140000.0,2,1
37930.5,64000.0,2,80000.0,2,0
37932.0,64000.0,2,80000.0,2,0
37933.5,48000.0,2,60000.0,2,0
37935.0,160000.0,2,200000.0,2,0
37936.5,80000.0,2,100000.0,2,0
37938.0,80000.0,2,100000.0,2,0
37939.5,64000.0,2,80000.0,2,1
37941.0,56000.0,2,70000.0,2,0
37942.5,64000.0,2,80000.0,2,0
37944.0,48000.0,2,60000.0,2,0
37945.5,64000.0,2,80000.0,2,0
37947.0,40000.0,2,50000.0,2,0
37948.5,64000.0,2,80000.0,2,1
37950.0,24000.0,2,30000.0,2,0
37951.5,40000.0,2,50000.0,2,0
37953.0,64000.0,2,80000.0,2,0
37954.5,16000.0,2,20000.0,2,0
37956.0,64000.0,2,80000.0,2,0
37957.5,80000.0,2,100000.0,2,0
37959.0,24000.0,2,30000.0,2,1
37960.5,160000.0,2,200000.0,2,0
37962.0,48000.0,2,60000.0,2,1
37963.5,136000.0,2,170000.0,2,0
37965.0,16000.0,2,20000.0,2,1
37966.5,184000.0,2,230000.0,2,0
37968.0,40000.0,2,50000.0,2,0
37969.5,72000.0,2,90000.0,2,1
37971.0,56000.0,2,70000.0,2,0
37972.5,40000.0,2,50000.0,2,0
37974.0,96000.0,2,120000.0,2,0
37975.5,40000.0,2,50000.0,2,1
37977.0,304000.0,2,380000.0,2,0
37978.5,112000.0,2,140000.0,2,1
37980.0,160000.0,2,200000.0,2,0
37981.5,48000.0,2,60000.0,2,0
37983.0,64000.0,2,80000.0,2,0
37984.5,216000.0,2,270000.0,2,0
37986.0,120000.0,2,150000.0,2,0
37987.5,208000.0,2,260000.0,2,0
37989.0,160000.0,2,200000.0,2,0
37990.5,72000.0,2,90000.0,2,0
37992.0,160000.0,2,200000.0,2,0
37993.5,160000.0,2,200000.0,2,0
37995.0,24000.0,2,30000.0,2,1
37996.5,144000.0,2,180000.0,2,0
37998.0,24000.0,2,30000.0,2,0
37999.5,416000.0,2,520000.0,2,0
38001.0,64000.0,2,80000.0,2,0
38002.5,96000.0,2,120000.0,2,0
38004.0,288000.0,2,360000.0,2,0
38005.5,40000.0,2,50000.0,2,0
38007.0,160000.0,2,200000.0,2,0
38008.5,24000.0,2,30000.0,2,1
38010.0,40000.0,2,50000.0,2,0
38011.5,64000.0,2,80000.0,2,0
38013.0,40000.0,2,50000.0,2,0
38014.5,96000.0,2,120000.0,2,0
38016.0,168000.0,2,210000.0,2,0
38017.5,64000.0,2,80000.0,2,0
38019.0,40000.0,2,50000.0,2,0
38020.5,240000.0,2,300000.0,2,0
38022.0,80000.0,2,100000.0,2,0
38023.5,64000.0,2,80000.0,2,1
38025.0,104000.0,2,130000.0,2,0
38026.5,64000.0,2,80000.0,2,0
38028.0,128000.0,2,160000.0,2,1
38029.5,104000.0,2,130000.0,2,0
38031.0,24000.0,2,30000.0,2,0
38032.5,40000.0,2,50000.0,2,0
38034.0,16000.0,2,20000.0,2,0
38035.5,112000.0,2,140000.0,2,0
38037.0,144000.0,2,180000.0,2,0
38038.5,320000.0,2,400000.0,2,0
38040.0,208000.0,2,260000.0,2,0
38041.5,208000.0,2,260000.0,2,0
38043.0,144000.0,2,180000.0,2,0
38044.5,128000.0,2,160000.0,2,0
38046.0,16000.0,2,20000.0,2,0
38047.5,24000.0,2,30000.0,2,0
38049.0,200000.0,2,250000.0,2,0
38050.5,64000.0,2,80000.0,2,0
38052.0,72000.0,2,90000.0,2,0
38053.5,40000.0,2,50000.0,2,0
38055.0,168000.0,2,210000.0,2,0
38056.5,160000.0,2,200000.0,2,0
38058.0,256000.0,2,320000.0,2,0
38059.5,160000.0,2,200000.0,2,0
38061.0,64000.0,2,80000.0,2,1
38062.5,112000.0,2,140000.0,2,0
38064.0,64000.0,2,80000.0,2,0
38065.5,160000.0,2,200000.0,2,0
38067.0,184000.0,2,230000.0,2,1
38068.5,184000.0,2,230000.0,2,0
38070.0,16000.0,2,20000.0,2,0
38071.5,72000.0,2,90000.0,2,0
38073.0,104000.0,2,130000.0,2,1
38074.5,256000.0,2,320000.0,2,0
38076.0,24000.0,2,30000.0,2,0
38077.5,192000.0,2,240000.0,2,1
38079.0,288000.0,2,360000.0,2,0
38080.5,24000.0,2,30000.0,2,0
38082.0,192000.0,2,240000.0,2,1
38083.5,256000.0,2,320000.0,2,0
38085.0,328000.0,2,410000.0,2,0
38086.5,176000.0,2,220000.0,2,0
38088.0,192000.0,2,240000.0,2,0
38089.5,160000.0,2,200000.0,2,0
38091.0,64000.0,2,80000.0,2,0
38092.5,16000.0,2,20000.0,2,0
38094.0,16000.0,2,20000.0,2,0
38095.5,240000.0,2,300000.0,2,0
38097.0,272000.0,2,340000.0,2,0
38098.5,240000.0,2,300000.0,2,0
38100.0,280000.0,2,350000.0,2,0
38101.5,16000.0,2,20000.0,2,1
38103.0,72000.0,2,90000.0,2,0
38104.5,64000.0,2,80000.0,2,1
38106.0,16000.0,2,20000.0,2,0
38107.5,192000.0,2,240000.0,2,0
38109.0,120000.0,2,150000.0,2,1
38110.5,80000.0,2,100000.0,2,1
38112.0,120000.0,2,150000.0,2,0
38113.5,40000.0,2,50000.0,2,0
38115.0,208000.0,2,260000.0,2,0
38116.5,112000.0,2,140000.0,2,0
38118.0,24000.0,2,30000.0,2,0
38119.5,72000.0,2,90000.0,2,0
38121.0,40000.0,2,50000.0,2,1
38122.5,184000.0,2,230000.0,2,0
38124.0,56000.0,2,70000.0,2,1
38125.5,240000.0,2,300000.0,2,0
38127.0,240000.0,2,300000.0,2,0
38128.5,88000.0,2,110000.0,2,1
38130.0,24000.0,2,30000.0,2,0
38131.5,16000.0,2,20000.0,2,1
38133.0,24000.0,2,30000.0,2,0
38134.5,280000.0,2,350000.0,2,0
38136.0,160000.0,2,200000.0,2,0
38137.5,160000.0,2,200000.0,2,0
38139.0,40000.0,2,50000.0,2,0
38140.5,80000.0,2,100000.0,2,1
38142.0,112000.0,2,140000.0,2,0
38143.5,40000.0,2,50000.0,2,0
38145.0,40000.0,2,50000.0,2,0
38146.5,128000.0,2,160000.0,2,0
38148.0,136000.0,2,170000.0,2,0
38149.5,128000.0,2,160000.0,2,0
38151.0,80000.0,2,100000.0,2,0
38152.5,80000.0,2,100000.0,2,0
38154.0,160000.0,2,200000.0,2,1
38155.5,288000.0,2,360000.0,2,0
38157.0,128000.0,2,160000.0,2,0
38158.5,400000.0,2,500000.0,2,0
38160.0,40000.0,2,50000.0,2,0
38161.5,72000.0,2,90000.0,2,0
38163.0,240000.0,2,300000.0,2,0
38164.5,96000.0,2,120000.0,2,1
38166.0,240000.0,2,300000.0,2,1
38167.5,400000.0,2,500000.0,2,0
38169.0,40000.0,2,50000.0,2,0
38170.5,16000.0,2,20000.0,2,0
38172.0,192000.0,2,240000.0,2,0
38173.5,168000.0,2,210000.0,2,0
38175.0,40000.0,2,50000.0,2,0
38176.5,40000.0,2,50000.0,2,0
38178.0,48000.0,2,60000.0,2,0
38179.5,248000.0,2,310000.0,2,0
38181.0,112000.0,2,140000.0,2,1
38182.5,256000.0,2,320000.0,2,0
38184.0,72000.0,2,90000.0,2,0
38185.5,224000.0,2,280000.0,2,0
38187.0,64000.0,2,80000.0,2,1
38188.5,136000.0,2,170000.0,2,0
38190.0,192000.0,2,240000.0,2,1
38191.5,24000.0,2,30000.0,2,1
38193.0,96000.0,2,120000.0,2,0
38194.5,40000.0,2,50000.0,2,0
38196.0,8000.0,2,10000.0,2,0
38197.5,64000.0,2,80000.0,2,0
38199.0,136000.0,2,170000.0,2,0
38200.5,288000.0,2,360000.0,2,1
38202.0,88000.0,2,110000.0,2,1
38203.5,168000.0,2,210000.0,2,0
38205.0,120000.0,2,150000.0,2,0
38206.5,160000.0,2,200000.0,2,0
38208.0,112000.0,2,140000.0,2,1
38209.5,64000.0,2,80000.0,2,1
38211.0,192000.0,2,240000.0,2,0
38212.5,40000.0,2,50000.0,2,0
38214.0,64000.0,2,80000.0,2,0
38215.5,56000.0,2,70000.0,2,0
38217.0,40000.0,2,50000.0,2,0
38218.5,144000.0,2,180000.0,2,0
38220.0,88000.0,2,110000.0,2,0
38221.5,240000.0,2,300000.0,2,1
38223.0,168000.0,2,210000.0,2,0
38224.5,160000.0,2,200000.0,2,0
38226.0,80000.0,2,100000.0,2,1
38227.5,56000.0,2,70000.0,2,1
38229.0,200000.0,2,250000.0,2,0
38230.5,480000.0,2,600000.0,2,0
38232.0,256000.0,2,320000.0,2,0
38233.5,144000.0,2,180000.0,2,0
38235.0,88000.0,2,110000.0,2,0
38236.5,16000.0,2,20000.0,2,0
38238.0,48000.0,2,60000.0,2,0
38239.5,256000.0,2,320000.0,2,0
38241.0,256000.0,2,320000.0,2,0
38242.5,88000.0,2,110000.0,2,0
38244.0,64000.0,2,80000.0,2,0
38245.5,400000.0,2,500000.0,2,0
38247.0,152000.0,2,190000.0,2,0
38248.5,64000.0,2,80000.0,2,0
38250.0,72000.0,2,90000.0,2,0
38251.5,112000.0,2,140000.0,2,0
38253.0,160000.0,2,200000.0,2,0
38254.5,200000.0,2,250000.0,2,0
38256.0,208000.0,2,260000.0,2,0
38257.5,176000.0,2,220000.0,2,1
38259.0,88000.0,2,110000.0,2,0
38260.5,168000.0,2,210000.0,2,0
38262.0,304000.0,2,380000.0,2,0
38263.5,96000.0,2,120000.0,2,0
38265.0,48000.0,2,60000.0,2,0
38266.5,80000.0,2,100000.0,2,1
38268.0,16000.0,2,20000.0,2,0
38269.5,24000.0,2,30000.0,2,1
38271.0,40000.0,2,50000.0,2,0
38272.5,160000.0,2,200000.0,2,1
38274.0,168000.0,2,210000.0,2,0
38275.5,192000.0,2,240000.0,2,0
38277.0,120000.0,2,150000.0,2,0
38278.5,264000.0,2,330000.0,2,0
38280.0,224000.0,2,280000.0,2,0
38281.5,168000.0,2,210000.0,2,0
38283.0,320000.0,2,400000.0,2,0
38284.5,160000.0,2,200000.0,2,0
38286.0,48000.0,2,60000.0,2,0
38287.5,40000.0,2,50000.0,2,0
38289.0,288000.0,2,360000.0,2,0
38290.5,240000.0,2,300000.0,2,0
38292.0,8000.0,2,10000.0,2,0
38293.5,336000.0,2,420000.0,2,0
38295.0,176000.0,2,220000.0,2,0
38296.5,104000.0,2,130000.0,2,1
38298.0,160000.0,2,200000.0,2,0
38299.5,40000.0,2,50000.0,2,0
38301.0,240000.0,2,300000.0,2,0
38302.5,96000.0,2,120000.0,2,1
38304.0,288000.0,2,360000.0,2,0
38305.5,40000.0,2,50000.0,2,0
38307.0,184000.0,2,230000.0,2,0
38308.5,40000.0,2,50000.0,2,0
38310.0,24000.0,2,30000.0,2,0
38311.5,120000.0,2,150000.0,2,1
38313.0,56000.0,2,70000.0,2,0
38314.5,256000.0,2,320000.0,2,0
38316.0,264000.0,2,330000.0,2,1
38317.5,96000.0,2,120000.0,2,0
38319.0,288000.0,2,360000.0,2,0
38320.5,24000.0,2,30000.0,2,0
38322.0,120000.0,2,150000.0,2,0
38323.5,24000.0,2,30000.0,2,1
38325.0,120000.0,2,150000.0,2,0
38326.5,376000.0,2,470000.0,2,0
38328.0,328000.0,2,410000.0,2,0
38329.5,312000.0,2,390000.0,2,1
38331.0,256000.0,2,320000.0,2,0
38332.5,360000.0,2,450000.0,2,0
38334.0,56000.0,2,70000.0,2,0
38335.5,40000.0,2,50000.0,2,0
38337.0,80000.0,2,100000.0,2,0
38338.5,88000.0,2,110000.0,2,0
38340.0,224000.0,2,280000.0,2,0
38341.5,400000.0,2,500000.0,2,0
38343.0,288000.0,2,360000.0,2,0
38344.5,144000.0,2,180000.0,2,0
38346.0,384000.0,2,480000.0,2,0
38347.5,360000.0,2,450000.0,2,0
38349.0,64000.0,2,80000.0,2,0
38350.5,232000.0,2,290000.0,2,0
38352.0,400000.0,2,500000.0,2,0
38353.5,160000.0,2,200000.0,2,0
38355.0,104000.0,2,130000.0,2,1
38356.5,288000.0,2,360000.0,2,0
38358.0,240000.0,2,300000.0,2,0
38359.5,56000.0,2,70000.0,2,1
38361.0,64000.0,2,80000.0,2,0
38362.5,24000.0,2,30000.0,2,1
38364.0,224000.0,2,280000.0,2,0
38365.5,168000.0,1,210000.0,1,0
38367.0,64000.0,2,80000.0,2,0
38368.5,208000.0,2,260000.0,2,0
38370.0,96000.0,2,120000.0,2,1
38371.5,120000.0,2,150000.0,2,0
38373.0,144000.0,2,180000.0,2,0
38374.5,112000.0,2,140000.0,2,0
38376.0,296000.0,2,370000.0,2,0
38377.5,24000.0,2,30000.0,2,1
38379.0,128000.0,2,160000.0,2,0
38380.5,48000.0,2,60000.0,2,1
38382.0,184000.0,2,230000.0,2,1
38383.5,64000.0,2,80000.0,2,0
38385.0,288000.0,2,360000.0,2,0
38386.5,104000.0,2,130000.0,2,1
38388.0,400000.0,2,500000.0,2,0
38389.5,288000.0,2,360000.0,2,0
38391.0,96000.0,2,120000.0,2,0
38392.5,120000.0,2,150000.0,2,0
38394.0,96000.0,2,120000.0,2,0
38395.5,152000.0,2,190000.0,2,0
38397.0,184000.0,2,230000.0,2,0
38398.5,40000.0,2,50000.0,2,0
38400.0,16000.0,2,20000.0,2,0
38401.5,80000.0,2,100000.0,2,0
38403.0,160000.0,2,200000.0,2,0
38404.5,128000.0,2,160000.0,2,0
38406.0,128000.0,2,160000.0,2,0
38407.5,40000.0,2,50000.0,2,1
38409.0,80000.0,2,100000.0,2,0
38410.5,336000.0,2,420000.0,2,0
38412.0,400000.0,2,500000.0,2,0
38413.5,288000.0,2,360000.0,2,1
38415.0,152000.0,2,190000.0,2,0
38416.5,96000.0,2,120000.0,2,0
38418.0,240000.0,2,300000.0,2,0
38419.5,40000.0,2,50000.0,2,0
38421.0,232000.0,2,290000.0,2,0
38422.5,192000.0,2,240000.0,2,0
38424.0,96000.0,2,120000.0,2,0
38425.5,120000.0,2,150000.0,2,0
38427.0,216000.0,2,270000.0,2,0
38428.5,248000.0,2,310000.0,2,0
38430.0,16000.0,2,20000.0,2,1
38431.5,56000.0,2,70000.0,2,0
38433.0,232000.0,2,290000.0,2,0
38434.5,96000.0,2,120000.0,2,0
38436.0,112000.0,2,140000.0,2,0
38437.5,176000.0,2,220000.0,2,0
38439.0,192000.0,2,240000.0,2,0
38440.5,256000.0,2,320000.0,2,0
38442.0,40000.0,2,50000.0,2,1
38443.5,80000.0,2,100000.0,2,0
38445.0,56000.0,2,70000.0,2,1
38446.5,184000.0,2,230000.0,2,0
38448.0,96000.0,2,120000.0,2,0
38449.5,280000.0,2,350000.0,2,0
38451.0,56000.0,2,70000.0,2,1
38452.5,40000.0,2,50000.0,2,0
38454.0,120000.0,2,150000.0,2,0
38455.5,328000.0,2,410000.0,2,0
38457.0,328000.0,2,410000.0,2,0
38458.5,320000.0,2,400000.0,2,0
38460.0,40000.0,2,50000.0,2,0
38461.5,312000.0,2,390000.0,2,0
38463.0,288000.0,2,360000.0,2,0
38464.5,24000.0,2,30000.0,2,0
38466.0,240000.0,2,300000.0,2,0
38467.5,136000.0,2,170000.0,2,0
38469.0,32000.0,2,40000.0,2,1
38470.5,344000.0,2,430000.0,2,0
38472.0,104000.0,2,130000.0,2,1
38473.5,360000.0,2,450000.0,2,0
38475.0,72000.0,2,90000.0,2,0
38476.5,152000.0,2,190000.0,2,0
38478.0,168000.0,2,210000.0,2,0
38479.5,16000.0,2,20000.0,2,1
38481.0,160000.0,2,200000.0,2,0
38482.5,128000.0,2,160000.0,2,0
38484.0,176000.0,2,220000.0,2,0
38485.5,184000.0,2,230000.0,2,0
38487.0,232000.0,2,290000.0,2,0
38488.5,288000.0,2,360000.0,2,0
38490.0,128000.0,2,160000.0,2,0
38491.5,192000.0,2,240000.0,2,0
38493.0,208000.0,2,260000.0,2,0
38494.5,80000.0,2,100000.0,2,0
38496.0,56000.0,2,70000.0,2,0
38497.5,136000.0,2,170000.0,2,0
38499.0,32000.0,2,40000.0,2,0
38500.5,64000.0,2,80000.0,2,0
38502.0,24000.0,2,30000.0,2,0
38503.5,112000.0,2,140000.0,2,1
38505.0,184000.0,2,230000.0,2,0
38506.5,160000.0,2,200000.0,2,0
38508.0,320000.0,2,400000.0,2,0
38509.5,136000.0,2,170000.0,2,0
38511.0,216000.0,2,270000.0,2,0
38512.5,24000.0,2,30000.0,2,0
38514.0,160000.0,2,200000.0,2,0
38515.5,224000.0,2,280000.0,2,0
38517.0,336000.0,2,420000.0,2,0
38518.5,24000.0,2,30000.0,2,1
38520.0,144000.0,2,180000.0,2,0
38521.5,232000.0,2,290000.0,2,0
38523.0,16000.0,2,20000.0,2,0
38524.5,400000.0,2,500000.0,2,0
38526.0,272000.0,2,340000.0,2,0
38527.5,216000.0,2,270000.0,2,0
38529.0,120000.0,2,150000.0,2,0
38530.5,32000.0,2,40000.0,2,0
38532.0,288000.0,2,360000.0,2,0
38533.5,400000.0,2,500000.0,2,0
38535.0,224000.0,2,280000.0,2,0
38536.5,40000.0,2,50000.0,2,0
38538.0,264000.0,2,330000.0,2,1
38539.5,288000.0,2,360000.0,2,0
38541.0,272000.0,2,340000.0,2,0
38542.5,400000.0,2,500000.0,2,0
38544.0,216000.0,2,270000.0,2,0
38545.5,96000.0,2,120000.0,2,0
38547.0,112000.0,2,140000.0,2,0
38548.5,160000.0,2,200000.0,2,0
38550.0,40000.0,2,50000.0,2,0
38551.5,176000.0,2,220000.0,2,0
38553.0,64000.0,2,80000.0,2,0
38554.5,160000.0,2,200000.0,2,0
38556.0,16000.0,2,20000.0,2,0
38557.5,208000.0,2,260000.0,2,1
38559.0,344000.0,2,430000.0,2,0
38560.5,288000.0,2,360000.0,2,0
38562.0,400000.0,2,500000.0,2,0
38563.5,40000.0,2,50000.0,2,0
38565.0,40000.0,2,50000.0,2,0
38566.5,288000.0,2,360000.0,2,0
38568.0,8000.0,2,10000.0,2,0
38569.5,176000.0,2,220000.0,2,0
38571.0,88000.0,2,110000.0,2,1
38572.5,232000.0,2,290000.0,2,0
38574.0,88000.0,2,110000.0,2,0
38575.5,96000.0,2,120000.0,2,0
38577.0,112000.0,2,140000.0,2,0
38578.5,400000.0,2,500000.0,2,0
38580.0,288000.0,2,360000.0,2,0
38581.5,224000.0,2,280000.0,2,1
38583.0,176000.0,2,220000.0,2,1
38584.5,168000.0,2,210000.0,2,0
38586.0,136000.0,2,170000.0,2,0
38587.5,40000.0,2,50000.0,2,0
38589.0,240000.0,2,300000.0,2,1
38590.5,128000.0,2,160000.0,2,1
38592.0,256000.0,2,320000.0,2,1
38593.5,224000.0,2,280000.0,2,0
38595.0,232000.0,2,290000.0,2,0
38596.5,16000.0,2,20000.0,2,0
38598.0,64000.0,2,80000.0,2,0
38599.5,160000.0,2,200000.0,2,0
38601.0,216000.0,2,270000.0,2,0
38602.5,160000.0,2,200000.0,2,0
38604.0,104000.0,2,130000.0,2,0
38605.5,24000.0,2,30000.0,2,1
38607.0,48000.0,2,60000.0,2,0
38608.5,144000.0,2,180000.0,2,1
38610.0,72000.0,2,90000.0,2,1
38611.5,344000.0,2,430000.0,2,0
38613.0,24000.0,2,30000.0,2,1
38614.5,152000.0,2,190000.0,2,1
38616.0,192000.0,2,240000.0,2,1
38617.5,192000.0,2,240000.0,2,0
38619.0,192000.0,2,240000.0,2,0
38620.5,128000.0,2,160000.0,2,0
38622.0,88000.0,2,110000.0,2,0
38623.5,288000.0,2,360000.0,2,0
38625.0,104000.0,2,130000.0,2,1
38626.5,24000.0,2,30000.0,2,1
38628.0,296000.0,2,370000.0,2,0
38629.5,96000.0,2,120000.0,2,0
38631.0,80000.0,2,100000.0,2,0
38632.5,64000.0,2,80000.0,2,0
38634.0,96000.0,2,120000.0,2,0
38635.5,232000.0,2,290000.0,2,0
38637.0,120000.0,2,150000.0,2,0
38638.5,216000.0,2,270000.0,2,0
38640.0,16000.0,2,20000.0,2,0
38641.5,288000.0,2,360000.0,2,1
38643.0,256000.0,2,320000.0,2,0
38644.5,208000.0,2,260000.0,2,0
38646.0,256000.0,2,320000.0,2,1
38647.5,288000.0,2,360000.0,2,0
38649.0,152000.0,2,190000.0,2,0
38650.5,264000.0,2,330000.0,2,0
38652.0,72000.0,2,90000.0,2,1
38653.5,192000.0,2,240000.0,2,0
38655.0,224000.0,2,280000.0,2,0
38656.5,288000.0,2,360000.0,2,0
38658.0,280000.0,2,350000.0,2,1
38659.5,336000.0,2,420000.0,2,0
38661.0,224000.0,2,280000.0,2,0
38662.5,56000.0,2,70000.0,2,0
38664.0,112000.0,2,140000.0,2,0
38665.5,48000.0,2,60000.0,2,0
38667.0,88000.0,2,110000.0,2,0
38668.5,240000.0,2,300000.0,2,0
38670.0,64000.0,2,80000.0,2,0
38671.5,160000.0,2,200000.0,2,0
38673.0,360000.0,2,450000.0,2,0
38674.5,112000.0,2,140000.0,2,0
38676.0,120000.0,2,150000.0,2,0
38677.5,64000.0,2,80000.0,2,0
38679.0,160000.0,2,200000.0,2,0
38680.5,288000.0,2,360000.0,2,1
38682.0,128000.0,2,160000.0,2,0
38683.5,160000.0,2,200000.0,2,0
38685.0,120000.0,2,150000.0,2,0
38686.5,40000.0,2,50000.0,2,0
38688.0,288000.0,2,360000.0,2,0
38689.5,400000.0,2,500000.0,2,0
38691.0,176000.0,2,220000.0,2,0
38692.5,176000.0,2,220000.0,2,0
38694.0,64000.0,2,80000.0,2,0
38695.5,160000.0,2,200000.0,2,0
38697.0,80000.0,2,100000.0,2,1
38698.5,208000.0,2,260000.0,2,1
38700.0,240000.0,2,300000.0,2,0
38701.5,128000.0,2,160000.0,2,0
38703.0,40000.0,2,50000.0,2,0
38704.5,120000.0,2,150000.0,2,0
38706.0,56000.0,2,70000.0,2,0
38707.5,64000.0,2,80000.0,2,0
38709.0,80000.0,2,100000.0,2,0
38710.5,120000.0,2,150000.0,2,0
38712.0,272000.0,2,340000.0,2,0
38713.5,168000.0,2,210000.0,2,0
38715.0,192000.0,2,240000.0,2,0
38716.5,200000.0,2,250000.0,2,0
38718.0,160000.0,2,200000.0,2,0
38719.5,40000.0,2,50000.0,2,0
38721.0,360000.0,2,450000.0,2,0
38722.5,160000.0,2,200000.0,2,0
38724.0,280000.0,2,350000.0,2,1
38725.5,160000.0,2,200000.0,2,0
38727.0,424000.0,2,530000.0,2,1
38728.5,48000.0,2,60000.0,2,0
38730.0,224000.0,2,280000.0,2,0
38731.5,168000.0,2,210000.0,2,0
38733.0,168000.0,2,210000.0,2,1
38734.5,336000.0,2,420000.0,2,0
38736.0,64000.0,2,80000.0,2,0
38737.5,136000.0,2,170000.0,2,0
38739.0,64000.0,2,80000.0,2,0
38740.5,408000.0,2,510000.0,2,0
38742.0,88000.0,2,110000.0,2,0
38743.5,8000.0,2,10000.0,2,1
38745.0,240000.0,2,300000.0,2,0
38746.5,48000.0,2,60000.0,2,1
38748.0,160000.0,2,200000.0,2,0
38749.5,184000.0,2,230000.0,2,0
38751.0,400000.0,2,500000.0,2,0
38752.5,40000.0,2,50000.0,2,1
38754.0,224000.0,2,280000.0,2,0
38755.5,136000.0,2,170000.0,2,0
38757.0,48000.0,2,60000.0,2,1
38758.5,168000.0,2,210000.0,2,1
38760.0,56000.0,2,70000.0,2,1
38761.5,240000.0,2,300000.0,2,0
38763.0,264000.0,2,330000.0,2,0
38764.5,160000.0,2,200000.0,2,0
38766.0,136000.0,2,170000.0,2,0
38767.5,16000.0,2,20000.0,2,1
38769.0,184000.0,2,230000.0,2,1
38770.5,64000.0,2,80000.0,2,0
38772.0,256000.0,2,320000.0,2,0
38773.5,184000.0,2,230000.0,2,0
38775.0,64000.0,2,80000.0,2,0
38776.5,240000.0,2,300000.0,2,1
38778.0,80000.0,2,100000.0,2,1
38779.5,296000.0,2,370000.0,2,0
38781.0,160000.0,2,200000.0,2,0
38782.5,104000.0,2,130000.0,2,0
38784.0,40000.0,2,50000.0,2,0
38785.5,240000.0,2,300000.0,2,0
38787.0,400000.0,2,500000.0,2,0
38788.5,112000.0,2,140000.0,2,1
38790.0,16000.0,2,20000.0,2,0
38791.5,216000.0,2,270000.0,2,0
38793.0,120000.0,2,150000.0,2,0
38794.5,56000.0,2,70000.0,2,0
38796.0,96000.0,2,120000.0,2,0
38797.5,16000.0,2,20000.0,2,0
38799.0,208000.0,2,260000.0,2,0
38800.5,128000.0,2,160000.0,2,0
38802.0,40000.0,2,50000.0,2,0
38803.5,280000.0,2,350000.0,2,0
38805.0,408000.0,2,510000.0,2,1
38806.5,200000.0,2,250000.0,2,0
38808.0,64000.0,2,80000.0,2,0
38809.5,144000.0,2,180000.0,2,0
38811.0,48000.0,2,60000.0,2,1
38812.5,136000.0,2,170000.0,2,1
38814.0,160000.0,2,200000.0,2,0
38815.5,168000.0,2,210000.0,2,1
38817.0,160000.0,2,200000.0,2,0
38818.5,160000.0,2,200000.0,2,1
38820.0,160000.0,2,200000.0,2,0
38821.5,192000.0,2,240000.0,2,0
38823.0,360000.0,2,450000.0,2,0
38824.5,64000.0,2,80000.0,2,0
38826.0,344000.0,2,430000.0,2,0
38827.5,24000.0,2,30000.0,2,1
38829.0,232000.0,2,290000.0,2,0
38830.5,32000.0,2,40000.0,2,1
38832.0,136000.0,2,170000.0,2,0
38833.5,104000.0,2,130000.0,2,0
38835.0,288000.0,2,360000.0,2,0
38836.5,288000.0,2,360000.0,2,0
38838.0,144000.0,2,180000.0,2,0
38839.5,168000.0,2,210000.0,2,0
38841.0,208000.0,2,260000.0,2,0
38842.5,160000.0,2,200000.0,2,0
38844.0,272000.0,2,340000.0,2,0
38845.5,160000.0,2,200000.0,2,0
38847.0,288000.0,2,360000.0,2,1
38848.5,72000.0,2,90000.0,2,0
38850.0,32000.0,2,40000.0,2,0
38851.5,400000.0,2,500000.0,2,0
38853.0,192000.0,2,240000.0,2,0
38854.5,352000.0,2,440000.0,2,0
38856.0,40000.0,2,50000.0,2,0
38857.5,144000.0,2,180000.0,2,1
38859.0,24000.0,2,30000.0,2,0
38860.5,48000.0,2,60000.0,2,0
38862.0,120000.0,2,150000.0,2,0
38863.5,64000.0,2,80000.0,2,0
38865.0,232000.0,2,290000.0,2,0
38866.5,176000.0,2,220000.0,2,0
38868.0,40000.0,2,50000.0,2,0
38869.5,64000.0,2,80000.0,2,0
38871.0,320000.0,2,400000.0,2,0
38872.5,120000.0,2,150000.0,2,0
38874.0,200000.0,2,250000.0,2,0
38875.5,96000.0,2,120000.0,2,0
38877.0,240000.0,2,300000.0,2,0
38878.5,400000.0,2,500000.0,2,0
38880.0,192000.0,2,240000.0,2,0
38881.5,192000.0,2,240000.0,2,0
38883.0,24000.0,2,30000.0,2,1
38884.5,72000.0,2,90000.0,2,0
38886.0,48000.0,2,60000.0,2,1
38887.5,48000.0,2,60000.0,2,0
38889.0,184000.0,2,230000.0,2,0
38890.5,232000.0,2,290000.0,2,0
38892.0,344000.0,2,430000.0,2,0
38893.5,184000.0,2,230000.0,2,1
38895.0,112000.0,2,140000.0,2,0
38896.5,168000.0,2,210000.0,2,0
38898.0,312000.0,2,390000.0,2,0
38899.5,256000.0,2,320000.0,2,0
38901.0,40000.0,2,50000.0,2,1
38902.5,80000.0,2,100000.0,2,0
38904.0,208000.0,2,260000.0,2,0
38905.5,208000.0,2,260000.0,2,0
38907.0,80000.0,2,100000.0,2,0
38908.5,272000.0,2,340000.0,2,0
38910.0,120000.0,2,150000.0,2,0
38911.5,288000.0,2,360000.0,2,0
38913.0,168000.0,2,210000.0,2,0
38914.5,160000.0,2,200000.0,2,0
38916.0,248000.0,2,310000.0,2,0
38917.5,208000.0,2,260000.0,2,0
38919.0,168000.0,2,210000.0,2,0
38920.5,264000.0,2,330000.0,2,0
38922.0,344000.0,2,430000.0,2,0
38923.5,360000.0,2,450000.0,2,0
38925.0,120000.0,2,150000.0,2,0
38926.5,328000.0,2,410000.0,2,0
38928.0,72000.0,2,90000.0,2,0
38929.5,224000.0,2,280000.0,2,0
38931.0,120000.0,2,150000.0,2,0
38932.5,160000.0,2,200000.0,2,0
38934.0,120000.0,2,150000.0,2,0
38935.5,112000.0,2,140000.0,2,0
38937.0,208000.0,2,260000.0,2,0
38938.5,128000.0,2,160000.0,2,0
38940.0,248000.0,2,310000.0,2,0
38941.5,64000.0,2,80000.0,2,1
38943.0,120000.0,2,150000.0,2,0
38944.5,264000.0,2,330000.0,2,0
38946.0,144000.0,2,180000.0,2,0
38947.5,96000.0,2,120000.0,2,1
38949.0,120000.0,2,150000.0,2,0
38950.5,160000.0,2,200000.0,2,0
38952.0,136000.0,2,170000.0,2,0
38953.5,40000.0,2,50000.0,2,0
38955.0,64000.0,2,80000.0,2,0
38956.5,16000.0,2,20000.0,2,0
38958.0,288000.0,2,360000.0,2,0
38959.5,160000.0,2,200000.0,2,1
38961.0,40000.0,2,50000.0,2,0
38962.5,56000.0,2,70000.0,2,0
38964.0,240000.0,2,300000.0,2,0
38965.5,16000.0,2,20000.0,2,1
38967.0,136000.0,2,170000.0,2,1
38968.5,144000.0,2,180000.0,2,0
38970.0,160000.0,2,200000.0,2,0
38971.5,256000.0,2,320000.0,2,0
38973.0,144000.0,2,180000.0,2,0
38974.5,48000.0,2,60000.0,2,0
38976.0,288000.0,2,360000.0,2,0
38977.5,24000.0,2,30000.0,2,1
38979.0,104000.0,2,130000.0,2,0
38980.5,64000.0,2,80000.0,2,0
38982.0,184000.0,2,230000.0,2,0
38983.5,168000.0,2,210000.0,2,0
38985.0,216000.0,2,270000.0,2,0
38986.5,224000.0,2,280000.0,2,0
38988.0,40000.0,2,50000.0,2,0
38989.5,288000.0,2,360000.0,2,0
38991.0,376000.0,2,470000.0,2,0
38992.5,184000.0,2,230000.0,2,0
38994.0,64000.0,2,80000.0,2,1
38995.5,160000.0,2,200000.0,2,0
38997.0,160000.0,2,200000.0,2,0
38998.5,40000.0,2,50000.0,2,0
39000.0,16000.0,2,20000.0,2,0
39001.5,40000.0,2,50000.0,2,0
39003.0,88000.0,2,110000.0,2,1
39004.5,224000.0,2,280000.0,2,0
39006.0,128000.0,2,160000.0,2,0
39007.5,256000.0,2,320000.0,2,1
39009.0,240000.0,2,300000.0,2,1
39010.5,240000.0,2,300000.0,2,1
39012.0,80000.0,2,100000.0,2,0
39013.5,80000.0,2,100000.0,2,0
39015.0,88000.0,2,110000.0,2,0
39016.5,320000.0,2,400000.0,2,0
39018.0,16000.0,2,20000.0,2,0
39019.5,40000.0,2,50000.0,2,1
39021.0,248000.0,2,310000.0,2,0
39022.5,64000.0,2,80000.0,2,0
39024.0,96000.0,2,120000.0,2,0
39025.5,160000.0,2,200000.0,2,0
39027.0,80000.0,2,100000.0,2,0
39028.5,168000.0,2,210000.0,2,0
39030.0,48000.0,2,60000.0,2,0
39031.5,104000.0,2,130000.0,2,0
39033.0,120000.0,2,150000.0,2,0
39034.5,176000.0,2,220000.0,2,0
39036.0,112000.0,2,140000.0,2,0
39037.5,40000.0,2,50000.0,2,0
39039.0,72000.0,2,90000.0,2,0
39040.5,400000.0,2,500000.0,2,0
39042.0,240000.0,2,300000.0,2,1
39043.5,208000.0,2,260000.0,2,0
39045.0,104000.0,2,130000.0,2,1
39046.5,160000.0,2,200000.0,2,0
39048.0,232000.0,2,290000.0,2,0
39049.5,520000.0,2,650000.0,2,0
39051.0,184000.0,2,230000.0,2,0
39052.5,184000.0,2,230000.0,2,1
39054.0,160000.0,2,200000.0,2,0
39055.5,320000.0,2,400000.0,2,0
39057.0,392000.0,2,490000.0,2,0
39058.5,288000.0,2,360000.0,2,0
39060.0,184000.0,2,230000.0,2,0
39061.5,232000.0,2,290000.0,2,0
39063.0,160000.0,2,200000.0,2,0
39064.5,288000.0,2,360000.0,2,0
39066.0,8000.0,2,10000.0,2,1
39067.5,144000.0,2,180000.0,2,0
39069.0,184000.0,2,230000.0,2,0
39070.5,272000.0,2,340000.0,2,0
39072.0,136000.0,2,170000.0,2,0
39073.5,40000.0,2,50000.0,2,0
39075.0,136000.0,2,170000.0,2,0
39076.5,128000.0,2,160000.0,2,0
39078.0,224000.0,2,280000.0,2,0
39079.5,112000.0,2,140000.0,2,0
39081.0,416000.0,2,520000.0,2,0
39082.5,112000.0,2,140000.0,2,0
39084.0,104000.0,2,130000.0,2,0
39085.5,80000.0,2,100000.0,2,0
39087.0,40000.0,2,50000.0,2,1
39088.5,104000.0,2,130000.0,2,1
39090.0,160000.0,2,200000.0,2,0
39091.5,224000.0,2,280000.0,2,0
39093.0,192000.0,2,240000.0,2,0
39094.5,72000.0,2,90000.0,2,0
39096.0,200000.0,2,250000.0,2,0
39097.5,168000.0,2,210000.0,2,0
39099.0,72000.0,2,90000.0,2,0
39100.5,144000.0,2,180000.0,2,0
39102.0,400000.0,2,500000.0,2,0
39103.5,192000.0,2,240000.0,2,0
39105.0,40000.0,2,50000.0,2,0
39106.5,320000.0,2,400000.0,2,0
39108.0,184000.0,2,230000.0,2,1
39109.5,320000.0,2,400000.0,2,0
39111.0,64000.0,2,80000.0,2,0
39112.5,128000.0,2,160000.0,2,0
39114.0,344000.0,2,430000.0,2,0
39115.5,72000.0,2,90000.0,2,0
39117.0,64000.0,2,80000.0,2,0
39118.5,168000.0,2,210000.0,2,0
39120.0,248000.0,2,310000.0,2,0
39121.5,400000.0,2,500000.0,2,0
39123.0,56000.0,2,70000.0,2,0
39124.5,16000.0,2,20000.0,2,0
39126.0,168000.0,2,210000.0,2,1
39127.5,136000.0,2,170000.0,2,0
39129.0,312000.0,2,390000.0,2,0
39130.5,256000.0,2,320000.0,2,1
39132.0,40000.0,2,50000.0,2,0
39133.5,80000.0,2,100000.0,2,0
39135.0,176000.0,2,220000.0,2,0
39136.5,240000.0,2,300000.0,2,0
39138.0,128000.0,2,160000.0,2,0
39139.5,160000.0,2,200000.0,2,0
39141.0,192000.0,2,240000.0,2,0
39142.5,72000.0,2,90000.0,2,1
39144.0,40000.0,2,50000.0,2,0
39145.5,168000.0,2,210000.0,2,0
39147.0,232000.0,2,290000.0,2,0
39148.5,128000.0,2,160000.0,2,0
39150.0,160000.0,2,200000.0,2,0
39151.5,208000.0,2,260000.0,2,0
39153.0,24000.0,2,30000.0,2,0
39154.5,184000.0,2,230000.0,2,0
39156.0,176000.0,2,220000.0,2,0
39157.5,112000.0,2,140000.0,2,0
39159.0,64000.0,2,80000.0,2,0
39160.5,360000.0,2,450000.0,2,0
39162.0,128000.0,2,160000.0,2,0
39163.5,80000.0,2,100000.0,2,1
39165.0,200000.0,2,250000.0,2,0
39166.5,64000.0,2,80000.0,2,0
39168.0,144000.0,2,180000.0,2,0
39169.5,576000.0,2,720000.0,2,0
39171.0,144000.0,2,180000.0,2,0
39172.5,184000.0,2,230000.0,2,0
39174.0,160000.0,2,200000.0,2,0
39175.5,64000.0,2,80000.0,2,0
39177.0,80000.0,2,100000.0,2,0
39178.5,160000.0,2,200000.0,2,0
39180.0,160000.0,2,200000.0,2,1
39181.5,40000.0,2,50000.0,2,0
39183.0,304000.0,2,380000.0,2,1
39184.5,200000.0,2,250000.0,2,0
39186.0,176000.0,2,220000.0,2,0
39187.5,56000.0,2,70000.0,2,0
39189.0,8000.0,2,10000.0,2,0
39190.5,48000.0,2,60000.0,2,0
39192.0,160000.0,2,200000.0,2,1
39193.5,160000.0,2,200000.0,2,0
39195.0,240000.0,2,300000.0,2,0
39196.5,208000.0,2,260000.0,2,0
39198.0,104000.0,2,130000.0,2,0
39199.5,24000.0,2,30000.0,2,0
39201.0,136000.0,2,170000.0,2,1
39202.5,168000.0,2,210000.0,2,0
39204.0,40000.0,2,50000.0,2,0
39205.5,480000.0,2,600000.0,2,0
39207.0,144000.0,2,180000.0,2,0
39208.5,80000.0,2,100000.0,2,1
39210.0,168000.0,2,210000.0,2,0
39211.5,120000.0,2,150000.0,2,0
39213.0,288000.0,2,360000.0,2,0
39214.5,264000.0,2,330000.0,2,0
39216.0,240000.0,2,300000.0,2,0
39217.5,200000.0,2,250000.0,2,0
39219.0,184000.0,2,230000.0,2,0
39220.5,16000.0,2,20000.0,2,0
39222.0,168000.0,2,210000.0,2,0
39223.5,64000.0,2,80000.0,2,1
39225.0,200000.0,2,250000.0,2,0
39226.5,40000.0,2,50000.0,2,1
39228.0,160000.0,2,200000.0,2,0
39229.5,232000.0,2,290000.0,2,0
39231.0,248000.0,2,310000.0,2,0
39232.5,216000.0,2,270000.0,2,0
39234.0,160000.0,2,200000.0,2,0
39235.5,232000.0,2,290000.0,2,0
39237.0,176000.0,2,220000.0,2,0
39238.5,400000.0,2,500000.0,2,1
39240.0,296000.0,2,370000.0,2,0
39241.5,80000.0,2,100000.0,2,0
39243.0,168000.0,2,210000.0,2,0
39244.5,248000.0,2,310000.0,2,0
39246.0,160000.0,2,200000.0,2,0
39247.5,88000.0,2,110000.0,2,1
39249.0,104000.0,2,130000.0,2,0
39250.5,104000.0,2,130000.0,2,0
39252.0,64000.0,2,80000.0,2,1
39253.5,24000.0,2,30000.0,2,1
39255.0,40000.0,2,50000.0,2,0
39256.5,128000.0,2,160000.0,2,1
39258.0,64000.0,2,80000.0,2,0
39259.5,80000.0,2,100000.0,2,0
39261.0,8000.0,2,10000.0,2,1
39262.5,72000.0,2,90000.0,2,0
39264.0,288000.0,2,360000.0,2,0
39265.5,536000.0,2,670000.0,2,0
39267.0,120000.0,2,150000.0,2,0
39268.5,120000.0,2,150000.0,2,0
39270.0,184000.0,2,230000.0,2,0
39271.5,184000.0,2,230000.0,2,0
39273.0,96000.0,2,120000.0,2,0
39274.5,136000.0,2,170000.0,2,0
39276.0,160000.0,2,200000.0,2,0
39277.5,360000.0,2,450000.0,2,1
39279.0,160000.0,2,200000.0,2,0
39280.5,248000.0,2,310000.0,2,0
39282.0,40000.0,2,50000.0,2,0
39283.5,112000.0,2,140000.0,2,1
39285.0,200000.0,2,250000.0,2,0
39286.5,248000.0,2,310000.0,2,0
39288.0,64000.0,2,80000.0,2,0
39289.5,160000.0,2,200000.0,2,1
39291.0,72000.0,2,90000.0,2,0
39292.5,128000.0,2,160000.0,2,0
39294.0,144000.0,2,180000.0,2,0
39295.5,248000.0,2,310000.0,2,0
39297.0,224000.0,2,280000.0,2,0
39298.5,72000.0,2,90000.0,2,0
39300.0,168000.0,2,210000.0,2,0
39301.5,160000.0,2,200000.0,2,0
39303.0,56000.0,2,70000.0,2,0
39304.5,256000.0,2,320000.0,2,0
39306.0,168000.0,2,210000.0,2,0
39307.5,104000.0,2,130000.0,2,0
39309.0,64000.0,2,80000.0,2,0
39310.5,296000.0,2,370000.0,2,0
39312.0,144000.0,2,180000.0,2,0
39313.5,248000.0,2,310000.0,2,0
39315.0,224000.0,2,280000.0,2,0
39316.5,120000.0,2,150000.0,2,0
39318.0,144000.0,2,180000.0,2,0
39319.5,112000.0,2,140000.0,2,0
39321.0,344000.0,2,430000.0,2,0
39322.5,288000.0,2,360000.0,2,0
39324.0,192000.0,2,240000.0,2,0
39325.5,112000.0,2,140000.0,2,1
39327.0,160000.0,2,200000.0,2,0
39328.5,64000.0,2,80000.0,2,1
39330.0,80000.0,2,100000.0,2,0
39331.5,168000.0,2,210000.0,2,0
39333.0,200000.0,2,250000.0,2,0
39334.5,40000.0,2,50000.0,2,0
39336.0,320000.0,2,400000.0,2,0
39337.5,120000.0,2,150000.0,2,0
39339.0,224000.0,2,280000.0,2,0
39340.5,80000.0,2,100000.0,2,0
39342.0,488000.0,2,610000.0,2,0
39343.5,96000.0,2,120000.0,2,0
39345.0,144000.0,2,180000.0,2,0
39346.5,216000.0,2,270000.0,2,1
39348.0,88000.0,2,110000.0,2,0
39349.5,72000.0,2,90000.0,2,0
39351.0,96000.0,2,120000.0,2,0
39352.5,40000.0,2,50000.0,2,1
39354.0,128000.0,2,160000.0,2,1
39355.5,400000.0,2,500000.0,2,0
39357.0,352000.0,2,440000.0,2,0
39358.5,264000.0,2,330000.0,2,0
39360.0,160000.0,2,200000.0,2,0
39361.5,200000.0,2,250000.0,2,0
39363.0,112000.0,2,140000.0,2,0
39364.5,208000.0,2,260000.0,2,0
39366.0,48000.0,2,60000.0,2,1
39367.5,400000.0,2,500000.0,2,0
39369.0,104000.0,2,130000.0,2,0
39370.5,64000.0,2,80000.0,2,1
39372.0,120000.0,2,150000.0,2,0
39373.5,96000.0,2,120000.0,2,0
39375.0,72000.0,2,90000.0,2,0
39376.5,168000.0,2,210000.0,2,0
39378.0,224000.0,2,280000.0,2,0
39379.5,192000.0,2,240000.0,2,0
39381.0,184000.0,2,230000.0,2,0
39382.5,24000.0,2,30000.0,2,0
39384.0,48000.0,2,60000.0,2,0
39385.5,288000.0,2,360000.0,2,0
39387.0,72000.0,2,90000.0,2,0
39388.5,144000.0,2,180000.0,2,0
39390.0,8000.0,2,10000.0,2,0
39391.5,168000.0,2,210000.0,2,1
39393.0,24000.0,2,30000.0,2,0
39394.5,160000.0,2,200000.0,2,0
39396.0,72000.0,2,90000.0,2,0
39397.5,40000.0,2,50000.0,2,0
39399.0,24000.0,2,30000.0,2,0
39400.5,176000.0,2,220000.0,2,0
39402.0,400000.0,2,500000.0,2,0
39403.5,48000.0,2,60000.0,2,0
39405.0,88000.0,2,110000.0,2,0
39406.5,288000.0,2,360000.0,2,1
39408.0,24000.0,2,30000.0,2,0
39409.5,240000.0,2,300000.0,2,0
39411.0,392000.0,2,490000.0,2,0
39412.5,168000.0,2,210000.0,2,0
39414.0,224000.0,2,280000.0,2,0
39415.5,48000.0,2,60000.0,2,0
39417.0,392000.0,2,490000.0,2,0
39418.5,40000.0,2,50000.0,2,1
39420.0,160000.0,2,200000.0,2,0
39421.5,56000.0,2,70000.0,2,0
39423.0,208000.0,2,260000.0,2,0
39424.5,368000.0,2,460000.0,2,0
39426.0,160000.0,2,200000.0,2,0
39427.5,256000.0,2,320000.0,2,1
39429.0,184000.0,2,230000.0,2,0
39430.5,280000.0,2,350000.0,2,0
39432.0,184000.0,2,230000.0,2,0
39433.5,16000.0,2,20000.0,2,1
39435.0,184000.0,2,230000.0,2,0
39436.5,64000.0,2,80000.0,2,0
39438.0,88000.0,2,110000.0,2,0
39439.5,288000.0,2,360000.0,2,0
39441.0,64000.0,2,80000.0,2,0
39442.5,280000.0,2,350000.0,2,1
39444.0,56000.0,2,70000.0,2,0
39445.5,288000.0,2,360000.0,2,0
39447.0,192000.0,2,240000.0,2,1
39448.5,64000.0,2,80000.0,2,0
39450.0,112000.0,2,140000.0,2,0
39451.5,40000.0,2,50000.0,2,1
39453.0,104000.0,2,130000.0,2,0
39454.5,128000.0,2,160000.0,2,0
39456.0,128000.0,2,160000.0,2,0
39457.5,72000.0,2,90000.0,2,0
39459.0,40000.0,2,50000.0,2,0
39460.5,168000.0,2,210000.0,2,0
39462.0,16000.0,2,20000.0,2,1
39463.5,160000.0,2,200000.0,2,0
39465.0,184000.0,2,230000.0,2,0
39466.5,120000.0,2,150000.0,2,0
39468.0,168000.0,2,210000.0,2,0
39469.5,232000.0,2,290000.0,2,1
39471.0,208000.0,2,260000.0,2,1
39472.5,16000.0,2,20000.0,2,1
39474.0,144000.0,2,180000.0,2,1
39475.5,80000.0,2,100000.0,2,0
39477.0,224000.0,2,280000.0,2,0
39478.5,80000.0,2,100000.0,2,1
39480.0,80000.0,2,100000.0,2,0
39481.5,24000.0,2,30000.0,2,0
39483.0,128000.0,2,160000.0,2,1
39484.5,288000.0,2,360000.0,2,0
39486.0,360000.0,2,450000.0,2,0
39487.5,304000.0,2,380000.0,2,1
39489.0,96000.0,2,120000.0,2,0
39490.5,128000.0,2,160000.0,2,1
39492.0,40000.0,2,50000.0,2,1
39493.5,136000.0,2,170000.0,2,0
39495.0,280000.0,2,350000.0,2,0
39496.5,144000.0,2,180000.0,2,0
39498.0,80000.0,2,100000.0,2,0
39499.5,40000.0,2,50000.0,2,0
39501.0,144000.0,2,180000.0,2,0
39502.5,120000.0,2,150000.0,2,0
39504.0,240000.0,2,300000.0,2,1
39505.5,280000.0,2,350000.0,2,0
39507.0,208000.0,2,260000.0,2,0
39508.5,160000.0,2,200000.0,2,0
39510.0,192000.0,2,240000.0,2,1
39511.5,120000.0,2,150000.0,2,0
39513.0,232000.0,2,290000.0,2,0
39514.5,112000.0,2,140000.0,2,0
39516.0,104000.0,2,130000.0,2,0
39517.5,144000.0,2,180000.0,2,0
39519.0,160000.0,2,200000.0,2,0
39520.5,184000.0,2,230000.0,2,1
39522.0,192000.0,2,240000.0,2,0
39523.5,136000.0,2,170000.0,2,0
39525.0,96000.0,2,120000.0,2,0
39526.5,192000.0,2,240000.0,2,0
39528.0,72000.0,2,90000.0,2,0
39529.5,240000.0,2,300000.0,2,1
39531.0,56000.0,2,70000.0,2,0
39532.5,80000.0,2,100000.0,2,0
39534.0,88000.0,2,110000.0,2,0
39535.5,144000.0,2,180000.0,2,0
39537.0,400000.0,2,500000.0,2,0
39538.5,64000.0,2,80000.0,2,0
39540.0,224000.0,2,280000.0,2,0
39541.5,224000.0,2,280000.0,2,0
39543.0,96000.0,2,120000.0,2,0
39544.5,72000.0,2,90000.0,2,0
39546.0,136000.0,2,170000.0,2,0
39547.5,40000.0,2,50000.0,2,0
39549.0,40000.0,2,50000.0,2,0
39550.5,184000.0,2,230000.0,2,0
39552.0,144000.0,2,180000.0,2,1
39553.5,32000.0,2,40000.0,2,0
39555.0,288000.0,2,360000.0,2,0
39556.5,288000.0,2,360000.0,2,1
39558.0,136000.0,2,170000.0,2,0
39559.5,16000.0,2,20000.0,2,0
39561.0,192000.0,2,240000.0,2,0
39562.5,80000.0,2,100000.0,2,1
39564.0,80000.0,2,100000.0,2,0
39565.5,88000.0,2,110000.0,2,1
39567.0,336000.0,2,420000.0,2,0
39568.5,144000.0,2,180000.0,2,1
39570.0,192000.0,2,240000.0,2,0
39571.5,168000.0,2,210000.0,2,0
39573.0,24000.0,2,30000.0,2,0
39574.5,168000.0,2,210000.0,2,0
39576.0,256000.0,2,320000.0,2,0
39577.5,176000.0,2,220000.0,2,0
39579.0,192000.0,2,240000.0,2,0
39580.5,360000.0,2,450000.0,2,0
39582.0,400000.0,2,500000.0,2,0
39583.5,144000.0,2,180000.0,2,0
39585.0,64000.0,2,80000.0,2,0
39586.5,40000.0,2,50000.0,2,1
39588.0,360000.0,2,450000.0,2,0
39589.5,304000.0,2,380000.0,2,0
39591.0,40000.0,2,50000.0,2,0
39592.5,24000.0,2,30000.0,2,0
39594.0,240000.0,2,300000.0,2,0
39595.5,272000.0,2,340000.0,2,0
39597.0,152000.0,2,190000.0,2,0
39598.5,96000.0,2,120000.0,2,0
39600.0,168000.0,2,210000.0,2,0
39601.5,288000.0,2,360000.0,2,0
39603.0,264000.0,2,330000.0,2,0
39604.5,80000.0,2,100000.0,2,0
39606.0,200000.0,2,250000.0,2,0
39607.5,96000.0,2,120000.0,2,1
39609.0,160000.0,2,200000.0,2,0
39610.5,224000.0,2,280000.0,2,0
39612.0,384000.0,2,480000.0,2,0
39613.5,192000.0,2,240000.0,2,1
39615.0,96000.0,2,120000.0,2,0
39616.5,88000.0,2,110000.0,2,0
39618.0,312000.0,2,390000.0,2,0
39619.5,16000.0,2,20000.0,2,0
39621.0,112000.0,2,140000.0,2,0
39622.5,128000.0,2,160000.0,2,0
39624.0,168000.0,2,210000.0,2,0
39625.5,168000.0,2,210000.0,2,0
39627.0,192000.0,2,240000.0,2,0
39628.5,120000.0,2,150000.0,2,0
39630.0,48000.0,2,60000.0,2,0
39631.5,144000.0,2,180000.0,2,1
39633.0,96000.0,2,120000.0,2,0
39634.5,168000.0,2,210000.0,2,0
39636.0,336000.0,2,420000.0,2,0
39637.5,88000.0,2,110000.0,2,0
39639.0,144000.0,2,180000.0,2,0
39640.5,160000.0,2,200000.0,2,1
39642.0,176000.0,2,220000.0,2,0
39643.5,200000.0,2,250000.0,2,0
39645.0,200000.0,2,250000.0,2,0
39646.5,320000.0,2,400000.0,2,0
39648.0,40000.0,2,50000.0,2,0
39649.5,384000.0,2,480000.0,2,0
39651.0,376000.0,2,470000.0,2,0
39652.5,240000.0,2,300000.0,2,0
39654.0,128000.0,2,160000.0,2,0
39655.5,128000.0,2,160000.0,2,0
39657.0,184000.0,2,230000.0,2,0
39658.5,40000.0,2,50000.0,2,0
39660.0,120000.0,2,150000.0,2,0
39661.5,104000.0,2,130000.0,2,0
39663.0,288000.0,2,360000.0,2,1
39664.5,120000.0,2,150000.0,2,1
39666.0,56000.0,2,70000.0,2,0
39667.5,360000.0,2,450000.0,2,0
39669.0,160000.0,2,200000.0,2,1
39670.5,64000.0,2,80000.0,2,1
39672.0,272000.0,2,340000.0,2,0
39673.5,40000.0,2,50000.0,2,1
39675.0,160000.0,2,200000.0,2,0
39676.5,168000.0,2,210000.0,2,0
39678.0,288000.0,2,360000.0,2,0
39679.5,184000.0,2,230000.0,2,0
39681.0,40000.0,2,50000.0,2,1
39682.5,96000.0,2,120000.0,2,1
39684.0,272000.0,2,340000.0,2,0
39685.5,40000.0,2,50000.0,2,1
39687.0,56000.0,2,70000.0,2,0
39688.5,80000.0,2,100000.0,2,0
39690.0,16000.0,2,20000.0,2,1
39691.5,64000.0,2,80000.0,2,0
39693.0,224000.0,2,280000.0,2,0
39694.5,240000.0,2,300000.0,2,0
39696.0,400000.0,2,500000.0,2,1
39697.5,40000.0,2,50000.0,2,0
39699.0,112000.0,2,140000.0,2,1
39700.5,168000.0,2,210000.0,2,1
39702.0,80000.0,2,100000.0,2,0
39703.5,40000.0,2,50000.0,2,0
39705.0,16000.0,2,20000.0,2,0
39706.5,160000.0,2,200000.0,2,0
39708.0,80000.0,2,100000.0,2,0
39709.5,40000.0,2,50000.0,2,1
39711.0,184000.0,2,230000.0,2,0
39712.5,208000.0,2,260000.0,2,0
39714.0,96000.0,2,120000.0,2,1
39715.5,304000.0,2,380000.0,2,0
39717.0,64000.0,2,80000.0,2,0
39718.5,192000.0,2,240000.0,2,0
39720.0,24000.0,2,30000.0,2,1
39721.5,24000.0,2,30000.0,2,0
39723.0,64000.0,2,80000.0,2,0
39724.5,40000.0,2,50000.0,2,0
39726.0,8000.0,2,10000.0,2,0
39727.5,80000.0,2,100000.0,2,1
39729.0,224000.0,2,280000.0,2,0
39730.5,24000.0,2,30000.0,2,1
39732.0,64000.0,2,80000.0,2,0
39733.5,24000.0,2,30000.0,2,0
39735.0,136000.0,2,170000.0,2,0
39736.5,48000.0,2,60000.0,2,0
39738.0,80000.0,2,100000.0,2,0
39739.5,128000.0,2,160000.0,2,1
39741.0,40000.0,2,50000.0,2,0
39742.5,288000.0,2,360000.0,2,1
39744.0,168000.0,2,210000.0,2,0
39745.5,152000.0,2,190000.0,2,0
39747.0,72000.0,2,90000.0,2,0
39748.5,40000.0,2,50000.0,2,0
39750.0,24000.0,2,30000.0,2,0
39751.5,24000.0,2,30000.0,2,1
39753.0,144000.0,2,180000.0,2,1
39754.5,96000.0,2,120000.0,2,1
39756.0,64000.0,2,80000.0,2,0
39757.5,320000.0,2,400000.0,2,0
39759.0,96000.0,2,120000.0,2,0
39760.5,80000.0,2,100000.0,2,1
39762.0,240000.0,2,300000.0,2,0
39763.5,64000.0,2,80000.0,2,0
39765.0,400000.0,2,500000.0,2,0
39766.5,8000.0,2,10000.0,2,0
39768.0,80000.0,2,100000.0,2,0
39769.5,192000.0,2,240000.0,2,0
39771.0,224000.0,2,280000.0,2,1
39772.5,16000.0,2,20000.0,2,0
39774.0,88000.0,2,110000.0,2,0
39775.5,232000.0,2,290000.0,2,0
39777.0,64000.0,2,80000.0,2,1
39778.5,24000.0,2,30000.0,2,0
39780.0,24000.0,2,30000.0,2,0
39781.5,48000.0,2,60000.0,2,1
39783.0,56000.0,2,70000.0,2,0
39784.5,112000.0,2,140000.0,2,0
39786.0,120000.0,2,150000.0,2,0
39787.5,72000.0,2,90000.0,2,1
39789.0,24000.0,2,30000.0,2,0
39790.5,48000.0,2,60000.0,2,0
39792.0,392000.0,2,490000.0,2,0
39793.5,184000.0,2,230000.0,2,1
39795.0,56000.0,2,70000.0,2,0
39796.5,48000.0,2,60000.0,2,1
39798.0,24000.0,2,30000.0,2,0
39799.5,56000.0,2,70000.0,2,0
39801.0,360000.0,2,450000.0,2,1
39802.5,16000.0,2,20000.0,2,1
39804.0,24000.0,2,30000.0,2,1
39805.5,64000.0,2,80000.0,2,0
39807.0,312000.0,2,390000.0,2,0
39808.5,24000.0,2,30000.0,2,0
39810.0,160000.0,2,200000.0,2,0
39811.5,112000.0,2,140000.0,2,0
39813.0,24000.0,2,30000.0,2,1
39814.5,232000.0,2,290000.0,2,0
39816.0,160000.0,2,200000.0,2,0
39817.5,144000.0,2,180000.0,2,0
39819.0,160000.0,2,200000.0,2,0
39820.5,400000.0,2,500000.0,2,0
39822.0,416000.0,2,520000.0,2,0
39823.5,72000.0,2,90000.0,2,0
39825.0,208000.0,2,260000.0,2,0
39826.5,40000.0,2,50000.0,2,1
39828.0,64000.0,2,80000.0,2,1
39829.5,168000.0,2,210000.0,2,0
39831.0,240000.0,2,300000.0,2,0
39832.5,16000.0,2,20000.0,2,0
39834.0,40000.0,2,50000.0,2,0
39835.5,16000.0,2,20000.0,2,1
39837.0,120000.0,2,150000.0,2,0
39838.5,40000.0,2,50000.0,2,1
39840.0,40000.0,2,50000.0,2,0
39841.5,40000.0,2,50000.0,2,0
39843.0,160000.0,2,200000.0,2,0
39844.5,64000.0,2,80000.0,2,0
39846.0,40000.0,2,50000.0,2,0
39847.5,160000.0,2,200000.0,2,0
39849.0,168000.0,2,210000.0,2,0
39850.5,64000.0,2,80000.0,2,0
39852.0,160000.0,2,200000.0,2,0
39853.5,160000.0,2,200000.0,2,0
39855.0,176000.0,2,220000.0,2,1
39856.5,224000.0,2,280000.0,2,0
39858.0,200000.0,2,250000.0,2,0
39859.5,72000.0,2,90000.0,2,0
39861.0,256000.0,2,320000.0,2,0
39862.5,104000.0,2,130000.0,2,0
39864.0,40000.0,2,50000.0,2,0
39865.5,64000.0,2,80000.0,2,0
39867.0,344000.0,2,430000.0,2,0
39868.5,200000.0,2,250000.0,2,0
39870.0,40000.0,2,50000.0,2,0
39871.5,288000.0,2,360000.0,2,0
39873.0,360000.0,2,450000.0,2,0
39874.5,88000.0,1,110000.0,1,1
39876.0,288000.0,1,360000.0,1,0
39877.5,8000.0,1,10000.0,1,1
39879.0,160000.0,1,200000.0,1,1
39880.5,16000.0,1,20000.0,1,1
39882.0,56000.0,1,70000.0,1,1
39883.5,64000.0,2,80000.0,2,1
39885.0,200000.0,2,250000.0,2,0
39886.5,72000.0,1,90000.0,1,0
39888.0,80000.0,1,100000.0,1,0
39889.5,184000.0,1,230000.0,1,0
39891.0,304000.0,1,380000.0,1,0
39892.5,312000.0,1,390000.0,1,0
39894.0,96000.0,1,120000.0,1,0
39895.5,16000.0,1,20000.0,1,0
39897.0,16000.0,1,20000.0,1,0
39898.5,128000.0,1,160000.0,1,1
39900.0,192000.0,1,240000.0,1,0
39901.5,24000.0,1,30000.0,1,0
39903.0,40000.0,1,50000.0,1,0
39904.5,24000.0,1,30000.0,1,0
39906.0,16000.0,1,20000.0,1,0
39907.5,64000.0,1,80000.0,1,0
39909.0,16000.0,1,20000.0,1,1
39910.5,40000.0,1,50000.0,1,0
39912.0,72000.0,1,90000.0,1,0
39913.5,40000.0,1,50000.0,1,0
39915.0,16000.0,1,20000.0,1,1
39916.5,24000.0,1,30000.0,1,0
39918.0,40000.0,1,50000.0,1,0
39919.5,16000.0,1,20000.0,1,0
39921.0,16000.0,1,20000.0,1,0
39922.5,16000.0,1,20000.0,1,0
39924.0,40000.0,1,50000.0,1,1
39925.5,16000.0,1,20000.0,1,0
39927.0,16000.0,1,20000.0,1,0
39928.5,40000.0,1,50000.0,1,1
39930.0,8000.0,1,10000.0,1,1
39931.5,8000.0,1,10000.0,1,1
39933.0,16000.0,1,20000.0,1,0
39934.5,8000.0,1,10000.0,1,0
39936.0,40000.0,1,50000.0,1,0
39937.5,24000.0,1,30000.0,1,1
39939.0,136000.0,1,170000.0,1,0
39940.5,40000.0,1,50000.0,1,1
39942.0,48000.0,1,60000.0,1,1
39943.5,40000.0,1,50000.0,1,0
39945.0,40000.0,1,50000.0,1,0
39946.5,40000.0,1,50000.0,1,0
39948.0,80000.0,1,100000.0,1,0
39949.5,8000.0,1,10000.0,1,0
39951.0,64000.0,1,80000.0,1,1
39952.5,240000.0,1,300000.0,1,0
39954.0,8000.0,1,10000.0,1,1
39955.5,24000.0,1,30000.0,1,0
39957.0,40000.0,1,50000.0,1,0
39958.5,24000.0,1,30000.0,1,0
39960.0,72000.0,1,90000.0,1,0
39961.5,16000.0,1,20000.0,1,1
39963.0,64000.0,1,80000.0,1,0
39964.5,72000.0,1,90000.0,1,0
39966.0,16000.0,1,20000.0,1,1
39967.5,24000.0,1,30000.0,1,1
39969.0,8000.0,1,10000.0,1,1
39970.5,56000.0,1,70000.0,1,0
39972.0,32000.0,1,40000.0,1,1
39973.5,136000.0,1,170000.0,1,1
39975.0,8000.0,1,10000.0,1,0
39976.5,24000.0,1,30000.0,1,0
39978.0,8000.0,1,10000.0,1,1
39979.5,40000.0,1,50000.0,1,0
39981.0,24000.0,1,30000.0,1,0
39982.5,40000.0,1,50000.0,1,0
39984.0,16000.0,1,20000.0,1,0
39985.5,8000.0,1,10000.0,1,1
39987.0,40000.0,1,50000.0,1,0
39988.5,40000.0,1,50000.0,1,1
39990.0,40000.0,1,50000.0,1,0
39991.5,128000.0,1,160000.0,1,0
39993.0,40000.0,1,50000.0,1,0
39994.5,24000.0,1,30000.0,1,0
39996.0,48000.0,1,60000.0,1,1
39997.5,120000.0,1,150000.0,1,0
39999.0,24000.0,1,30000.0,1,0
40000.5,16000.0,1,20000.0,1,0
40002.0,16000.0,1,20000.0,1,0
40003.5,40000.0,1,50000.0,1,0
40005.0,160000.0,1,200000.0,1,0
40006.5,56000.0,1,70000.0,1,0
40008.0,120000.0,1,150000.0,1,0
40009.5,104000.0,1,130000.0,1,0
40011.0,16000.0,1,20000.0,1,0
40012.5,48000.0,1,60000.0,1,0
40014.0,40000.0,1,50000.0,1,0
40015.5,168000.0,1,210000.0,1,0
40017.0,120000.0,1,150000.0,1,0
40018.5,40000.0,1,50000.0,1,0
40020.0,32000.0,1,40000.0,1,0
40021.5,72000.0,1,90000.0,1,1
40023.0,56000.0,1,70000.0,1,0
40024.5,16000.0,1,20000.0,1,0
40026.0,24000.0,1,30000.0,1,0
40027.5,16000.0,1,20000.0,1,0
40029.0,48000.0,1,60000.0,1,1
40030.5,40000.0,1,50000.0,1,0
40032.0,40000.0,1,50000.0,1,0
40033.5,8000.0,1,10000.0,1,1
40035.0,16000.0,1,20000.0,1,1
40036.5,88000.0,1,110000.0,1,0
40038.0,24000.0,1,30000.0,1,0
40039.5,160000.0,1,200000.0,1,1
40041.0,56000.0,1,70000.0,1,0
40042.5,64000.0,1,80000.0,1,0
40044.0,64000.0,1,80000.0,1,0
40045.5,16000.0,1,20000.0,1,0
40047.0,8000.0,1,10000.0,1,0
40048.5,48000.0,1,60000.0,1,0
40050.0,40000.0,1,50000.0,1,1
40051.5,88000.0,1,110000.0,1,1
40053.0,168000.0,1,210000.0,1,0
40054.5,32000.0,1,40000.0,1,0
40056.0,288000.0,1,360000.0,1,0
40057.5,256000.0,1,320000.0,1,0
40059.0,104000.0,1,130000.0,1,0
40060.5,104000.0,1,130000.0,1,1
40062.0,40000.0,1,50000.0,1,0
40063.5,40000.0,1,50000.0,1,0
40065.0,288000.0,1,360000.0,1,0
40066.5,128000.0,1,160000.0,1,1
40068.0,160000.0,1,200000.0,1,0
40069.5,24000.0,1,30000.0,1,0
40071.0,288000.0,1,360000.0,1,0
40072.5,16000.0,1,20000.0,1,0
40074.0,64000.0,1,80000.0,1,1
40075.5,392000.0,1,490000.0,1,0
40077.0,8000.0,1,10000.0,1,0
40078.5,16000.0,1,20000.0,1,0
40080.0,24000.0,1,30000.0,1,1
40081.5,40000.0,1,50000.0,1,0
40083.0,272000.0,1,340000.0,1,0
40084.5,144000.0,1,180000.0,1,0
40086.0,32000.0,1,40000.0,1,0
40087.5,112000.0,1,140000.0,1,0
40089.0,168000.0,1,210000.0,1,0
40090.5,120000.0,1,150000.0,1,0
40092.0,128000.0,1,160000.0,1,0
40093.5,40000.0,1,50000.0,1,1
40095.0,40000.0,1,50000.0,1,0
40096.5,32000.0,1,40000.0,1,0
40098.0,56000.0,1,70000.0,1,0
40099.5,248000.0,1,310000.0,1,0
40101.0,32000.0,1,40000.0,1,1
40102.5,40000.0,1,50000.0,1,0
40104.0,112000.0,1,140000.0,1,0
40105.5,64000.0,1,80000.0,1,1
40107.0,184000.0,1,230000.0,1,0
40108.5,40000.0,1,50000.0,1,1
40110.0,128000.0,1,160000.0,1,1
40111.5,160000.0,1,200000.0,1,1
40113.0,104000.0,1,130000.0,1,0
40114.5,104000.0,1,130000.0,1,0
40116.0,80000.0,1,100000.0,1,0
40117.5,128000.0,1,160000.0,1,0
40119.0,48000.0,1,60000.0,1,0
40120.5,176000.0,1,220000.0,1,1
40122.0,40000.0,1,50000.0,1,1
40123.5,128000.0,1,160000.0,1,0
40125.0,48000.0,1,60000.0,1,1
40126.5,168000.0,1,210000.0,1,0
40128.0,288000.0,1,360000.0,1,0
40129.5,96000.0,1,120000.0,1,0
40131.0,200000.0,1,250000.0,1,0
40132.5,168000.0,1,210000.0,1,0
40134.0,304000.0,1,380000.0,1,0
40135.5,192000.0,1,240000.0,1,0
40137.0,16000.0,1,20000.0,1,0
40138.5,40000.0,1,50000.0,1,0
40140.0,160000.0,1,200000.0,1,1
40141.5,376000.0,1,470000.0,1,0
40143.0,40000.0,1,50000.0,1,0
40144.5,144000.0,1,180000.0,1,0
40146.0,144000.0,1,180000.0,1,0
40147.5,152000.0,1,190000.0,1,1
40149.0,144000.0,1,180000.0,1,1
40150.5,40000.0,1,50000.0,1,0
40152.0,16000.0,1,20000.0,1,0
40153.5,64000.0,1,80000.0,1,1
40155.0,128000.0,1,160000.0,1,0
40156.5,160000.0,1,200000.0,1,0
40158.0,144000.0,1,180000.0,1,0
40159.5,288000.0,1,360000.0,1,0
40161.0,40000.0,1,50000.0,1,1
40162.5,24000.0,1,30000.0,1,0
40164.0,24000.0,1,30000.0,1,0
40165.5,80000.0,1,100000.0,1,0
40167.0,208000.0,1,260000.0,1,1
40168.5,192000.0,1,240000.0,1,0
40170.0,40000.0,1,50000.0,1,0
40171.5,320000.0,1,400000.0,1,0
40173.0,56000.0,1,70000.0,1,1
40174.5,224000.0,1,280000.0,1,0
40176.0,64000.0,1,80000.0,1,0
40177.5,128000.0,1,160000.0,1,1
40179.0,104000.0,1,130000.0,1,0
40180.5,144000.0,1,180000.0,1,0
40182.0,288000.0,1,360000.0,1,0
40183.5,208000.0,1,260000.0,1,1
40185.0,40000.0,1,50000.0,1,0
40186.5,64000.0,1,80000.0,1,0
40188.0,184000.0,1,230000.0,1,0
40189.5,56000.0,1,70000.0,1,0
40191.0,216000.0,1,270000.0,1,0
40192.5,176000.0,1,220000.0,1,0
40194.0,208000.0,1,260000.0,1,0
40195.5,128000.0,1,160000.0,1,0
40197.0,224000.0,1,280000.0,1,0
40198.5,184000.0,1,230000.0,1,0
40200.0,32000.0,1,40000.0,1,0
40201.5,136000.0,1,170000.0,1,0
40203.0,160000.0,1,200000.0,1,1
40204.5,184000.0,1,230000.0,1,0
40206.0,40000.0,1,50000.0,1,1
40207.5,120000.0,1,150000.0,1,0
40209.0,240000.0,1,300000.0,1,0
40210.5,288000.0,1,360000.0,1,0
40212.0,312000.0,1,390000.0,1,0
40213.5,40000.0,1,50000.0,1,1
40215.0,176000.0,1,220000.0,1,0
40216.5,48000.0,1,60000.0,1,0
40218.0,80000.0,1,100000.0,1,0
40219.5,232000.0,1,290000.0,1,0
40221.0,104000.0,1,130000.0,1,1
40222.5,320000.0,1,400000.0,1,0
40224.0,24000.0,1,30000.0,1,0
40225.5,208000.0,1,260000.0,1,0
40227.0,56000.0,1,70000.0,1,0
40228.5,128000.0,1,160000.0,1,1
40230.0,224000.0,1,280000.0,1,0
40231.5,400000.0,1,500000.0,1,0
40233.0,88000.0,1,110000.0,1,0
40234.5,96000.0,1,120000.0,1,0
40236.0,40000.0,1,50000.0,1,0
40237.5,80000.0,1,100000.0,1,0
40239.0,288000.0,1,360000.0,1,0
40240.5,16000.0,1,20000.0,1,1
40242.0,40000.0,1,50000.0,1,0
40243.5,400000.0,1,500000.0,1,0
40245.0,40000.0,1,50000.0,1,1
40246.5,200000.0,1,250000.0,1,1
40248.0,208000.0,1,260000.0,1,0
40249.5,120000.0,1,150000.0,1,0
40251.0,64000.0,1,80000.0,1,0
40252.5,144000.0,1,180000.0,1,0
40254.0,136000.0,1,170000.0,1,0
40255.5,240000.0,1,300000.0,1,0
40257.0,184000.0,1,230000.0,1,0
40258.5,376000.0,1,470000.0,1,0
40260.0,16000.0,1,20000.0,1,0
40261.5,56000.0,1,70000.0,1,0
40263.0,256000.0,1,320000.0,1,0
40264.5,400000.0,1,500000.0,1,0
40266.0,288000.0,1,360000.0,1,0
40267.5,144000.0,1,180000.0,1,0
40269.0,80000.0,1,100000.0,1,1
40270.5,8000.0,1,10000.0,1,1
40272.0,16000.0,1,20000.0,1,0
40273.5,56000.0,1,70000.0,1,0
40275.0,16000.0,1,20000.0,1,1
40276.5,400000.0,1,500000.0,1,0
40278.0,112000.0,1,140000.0,1,0
40279.5,288000.0,1,360000.0,1,0
40281.0,128000.0,1,160000.0,1,1
40282.5,160000.0,1,200000.0,1,0
40284.0,184000.0,1,230000.0,1,0
40285.5,288000.0,1,360000.0,1,1
40287.0,208000.0,1,260000.0,1,0
40288.5,40000.0,1,50000.0,1,1
40290.0,400000.0,1,500000.0,1,0
40291.5,184000.0,1,230000.0,1,0
40293.0,272000.0,1,340000.0,1,0
40294.5,104000.0,1,130000.0,1,0
40296.0,64000.0,1,80000.0,1,0
40297.5,200000.0,1,250000.0,1,0
40299.0,112000.0,1,140000.0,1,1
40300.5,312000.0,1,390000.0,1,1
40302.0,208000.0,1,260000.0,1,0
40303.5,128000.0,1,160000.0,1,0
40305.0,168000.0,1,210000.0,1,0
40306.5,72000.0,1,90000.0,1,1
40308.0,232000.0,1,290000.0,1,0
40309.5,448000.0,1,560000.0,1,0
40311.0,88000.0,1,110000.0,1,0
40312.5,280000.0,1,350000.0,1,0
40314.0,224000.0,1,280000.0,1,0
40315.5,208000.0,1,260000.0,1,0
40317.0,352000.0,1,440000.0,1,0
40318.5,160000.0,1,200000.0,1,0
40320.0,120000.0,1,150000.0,1,0
40321.5,40000.0,1,50000.0,1,0
40323.0,400000.0,1,500000.0,1,0
40324.5,256000.0,1,320000.0,1,0
40326.0,400000.0,1,500000.0,1,1
40327.5,400000.0,1,500000.0,1,1
40329.0,208000.0,1,260000.0,1,0
40330.5,264000.0,1,330000.0,1,0
40332.0,288000.0,1,360000.0,1,0
40333.5,288000.0,1,360000.0,1,0
40335.0,104000.0,1,130000.0,1,1
40336.5,256000.0,1,320000.0,1,0
40338.0,280000.0,1,350000.0,1,1
40339.5,16000.0,1,20000.0,1,0
40341.0,160000.0,1,200000.0,1,0
40342.5,192000.0,1,240000.0,1,0
40344.0,40000.0,1,50000.0,1,0
40345.5,8000.0,1,10000.0,1,1
40347.0,288000.0,1,360000.0,1,0
40348.5,16000.0,1,20000.0,1,0
40350.0,368000.0,1,460000.0,1,1
40351.5,144000.0,1,180000.0,1,0
40353.0,40000.0,1,50000.0,1,0
40354.5,56000.0,1,70000.0,1,0
40356.0,112000.0,1,140000.0,1,0
40357.5,400000.0,1,500000.0,1,0
40359.0,224000.0,1,280000.0,1,0
40360.5,88000.0,1,110000.0,1,0
40362.0,72000.0,1,90000.0,1,0
40363.5,136000.0,1,170000.0,1,0
40365.0,232000.0,1,290000.0,1,0
40366.5,64000.0,1,80000.0,1,0
40368.0,120000.0,1,150000.0,1,0
40369.5,64000.0,1,80000.0,1,0
40371.0,16000.0,1,20000.0,1,1
40372.5,120000.0,1,150000.0,1,1
40374.0,240000.0,1,300000.0,1,0
40375.5,104000.0,1,130000.0,1,0
40377.0,392000.0,1,490000.0,1,0
40378.5,96000.0,1,120000.0,1,0
40380.0,40000.0,1,50000.0,1,1
40381.5,120000.0,1,150000.0,1,0
40383.0,576000.0,1,720000.0,1,1
40384.5,16000.0,1,20000.0,1,0
40386.0,208000.0,1,260000.0,1,0
40387.5,192000.0,1,240000.0,1,0
40389.0,104000.0,1,130000.0,1,1
40390.5,160000.0,1,200000.0,1,0
40392.0,112000.0,1,140000.0,1,0
40393.5,8000.0,1,10000.0,1,0
40395.0,112000.0,1,140000.0,1,1
40396.5,16000.0,1,20000.0,1,1
40398.0,160000.0,1,200000.0,1,0
40399.5,104000.0,1,130000.0,1,1
40401.0,288000.0,1,360000.0,1,0
40402.5,168000.0,1,210000.0,1,1
40404.0,184000.0,1,230000.0,1,0
40405.5,168000.0,1,210000.0,1,1
40407.0,160000.0,1,200000.0,1,0
40408.5,16000.0,1,20000.0,1,1
40410.0,328000.0,1,410000.0,1,0
40411.5,224000.0,1,280000.0,1,0
40413.0,288000.0,1,360000.0,1,0
40414.5,8000.0,1,10000.0,1,1
40416.0,16000.0,1,20000.0,1,1
40417.5,296000.0,1,370000.0,1,0
40419.0,144000.0,1,180000.0,1,0
40420.5,48000.0,1,60000.0,1,0
40422.0,64000.0,1,80000.0,1,1
40423.5,56000.0,1,70000.0,1,0
40425.0,320000.0,1,400000.0,1,0
40426.5,120000.0,1,150000.0,1,0
40428.0,40000.0,1,50000.0,1,0
40429.5,248000.0,1,310000.0,1,0
40431.0,160000.0,1,200000.0,1,0
40432.5,344000.0,1,430000.0,1,0
40434.0,192000.0,1,240000.0,1,0
40435.5,288000.0,1,360000.0,1,0
40437.0,304000.0,1,380000.0,1,0
40438.5,152000.0,1,190000.0,1,0
40440.0,280000.0,1,350000.0,1,0
40441.5,88000.0,1,110000.0,1,0
40443.0,144000.0,1,180000.0,1,0
40444.5,320000.0,1,400000.0,1,0
40446.0,400000.0,1,500000.0,1,0
40447.5,136000.0,1,170000.0,1,0
40449.0,288000.0,1,360000.0,1,1
40450.5,48000.0,1,60000.0,1,0
40452.0,280000.0,1,350000.0,1,0
40453.5,400000.0,1,500000.0,1,0
40455.0,184000.0,1,230000.0,1,0
40456.5,16000.0,1,20000.0,1,1
40458.0,192000.0,1,240000.0,1,0
40459.5,352000.0,1,440000.0,1,0
40461.0,200000.0,1,250000.0,1,0
40462.5,240000.0,1,300000.0,1,1
40464.0,144000.0,1,180000.0,1,0
40465.5,288000.0,1,360000.0,1,0
40467.0,208000.0,1,260000.0,1,0
40468.5,64000.0,1,80000.0,1,0
40470.0,312000.0,1,390000.0,1,0
40471.5,200000.0,1,250000.0,1,0
40473.0,80000.0,1,100000.0,1,0
40474.5,136000.0,1,170000.0,1,0
40476.0,400000.0,1,500000.0,1,0
40477.5,328000.0,1,410000.0,1,0
40479.0,288000.0,1,360000.0,1,0
40480.5,232000.0,1,290000.0,1,0
40482.0,64000.0,1,80000.0,1,0
40483.5,224000.0,1,280000.0,1,0
40485.0,288000.0,1,360000.0,1,0
40486.5,80000.0,1,100000.0,1,0
40488.0,64000.0,1,80000.0,1,0
40489.5,64000.0,1,80000.0,1,0
40491.0,144000.0,1,180000.0,1,0
40492.5,320000.0,1,400000.0,1,0
40494.0,360000.0,1,450000.0,1,0
40495.5,64000.0,1,80000.0,1,1
40497.0,168000.0,1,210000.0,1,0
40498.5,240000.0,1,300000.0,1,0
40500.0,272000.0,1,340000.0,1,0
40501.5,88000.0,1,110000.0,1,0
40503.0,40000.0,1,50000.0,1,0
40504.5,16000.0,1,20000.0,1,0
40506.0,12800.0,1,16000.0,1,0
40507.5,48000.0,1,60000.0,1,0
40509.0,56000.0,1,70000.0,1,1
40510.5,56000.0,1,70000.0,1,0
40512.0,344000.0,1,430000.0,1,0
40513.5,48000.0,1,60000.0,1,0
40515.0,160000.0,1,200000.0,1,0
40516.5,128000.0,1,160000.0,1,0
40518.0,160000.0,1,200000.0,1,0
40519.5,400000.0,1,500000.0,1,0
40521.0,40000.0,1,50000.0,1,1
40522.5,176000.0,1,220000.0,1,0
40524.0,144000.0,1,180000.0,1,0
40525.5,248000.0,1,310000.0,1,0
40527.0,64000.0,1,80000.0,1,0
40528.5,40000.0,1,50000.0,1,0
40530.0,320000.0,1,400000.0,1,0
40531.5,224000.0,1,280000.0,1,1
40533.0,80000.0,1,100000.0,1,0
40534.5,280000.0,1,350000.0,1,0
40536.0,8000.0,1,10000.0,1,0
40537.5,80000.0,1,100000.0,1,0
40539.0,192000.0,1,240000.0,1,0
40540.5,400000.0,1,500000.0,1,0
40542.0,40000.0,1,50000.0,1,1
40543.5,24000.0,1,30000.0,1,1
40545.0,288000.0,1,360000.0,1,0
40546.5,200000.0,1,250000.0,1,0
40548.0,208000.0,1,260000.0,1,0
40549.5,40000.0,1,50000.0,1,0
40551.0,440000.0,1,550000.0,1,0
40552.5,336000.0,1,420000.0,1,1
40554.0,104000.0,1,130000.0,1,0
40555.5,256000.0,1,320000.0,1,0
40557.0,40000.0,1,50000.0,1,0
40558.5,248000.0,1,310000.0,1,0
40560.0,272000.0,1,340000.0,1,1
40561.5,224000.0,1,280000.0,1,0
40563.0,200000.0,1,250000.0,1,0
40564.5,64000.0,1,80000.0,1,0
40566.0,184000.0,1,230000.0,1,1
40567.5,264000.0,1,330000.0,1,0
40569.0,280000.0,1,350000.0,1,0
40570.5,224000.0,1,280000.0,1,0
40572.0,112000.0,1,140000.0,1,1
40573.5,104000.0,1,130000.0,1,0
40575.0,160000.0,1,200000.0,1,1
40576.5,224000.0,1,280000.0,1,0
40578.0,16000.0,1,20000.0,1,0
40579.5,40000.0,1,50000.0,1,0
40581.0,24000.0,1,30000.0,1,1
40582.5,48000.0,1,60000.0,1,0
40584.0,40000.0,1,50000.0,1,0
40585.5,16000.0,1,20000.0,1,0
40587.0,80000.0,1,100000.0,1,1
40588.5,80000.0,1,100000.0,1,0
40590.0,168000.0,1,210000.0,1,1
40591.5,16000.0,1,20000.0,1,0
40593.0,104000.0,1,130000.0,1,0
40594.5,232000.0,1,290000.0,1,0
40596.0,32000.0,1,40000.0,1,0
40597.5,8000.0,1,10000.0,1,0
40599.0,288000.0,1,360000.0,1,0
40600.5,168000.0,1,210000.0,1,1
40602.0,184000.0,1,230000.0,1,0
40603.5,48000.0,1,60000.0,1,1
40605.0,120000.0,1,150000.0,1,0
40606.5,184000.0,1,230000.0,1,0
40608.0,88000.0,1,110000.0,1,1
40609.5,120000.0,1,150000.0,1,0
40611.0,280000.0,1,350000.0,1,0
40612.5,80000.0,1,100000.0,1,1
40614.0,160000.0,1,200000.0,1,0
40615.5,160000.0,1,200000.0,1,0
40617.0,8000.0,1,10000.0,1,0
40618.5,160000.0,1,200000.0,1,0
40620.0,192000.0,1,240000.0,1,0
40621.5,232000.0,1,290000.0,1,0
40623.0,64000.0,1,80000.0,1,0
40624.5,64000.0,1,80000.0,1,1
40626.0,256000.0,1,320000.0,1,0
40627.5,112000.0,1,140000.0,1,1
40629.0,48000.0,1,60000.0,1,0
40630.5,120000.0,1,150000.0,1,0
40632.0,16000.0,1,20000.0,1,0
40633.5,40000.0,1,50000.0,1,1
40635.0,120000.0,1,150000.0,1,0
40636.5,16000.0,1,20000.0,1,0
40638.0,64000.0,1,80000.0,1,1
40639.5,40000.0,1,50000.0,1,0
40641.0,152000.0,1,190000.0,1,0
40642.5,152000.0,1,190000.0,1,0
40644.0,112000.0,1,140000.0,1,0
40645.5,128000.0,1,160000.0,1,0
40647.0,464000.0,1,580000.0,1,0
40648.5,400000.0,1,500000.0,1,0
40650.0,104000.0,1,130000.0,1,0
40651.5,240000.0,1,300000.0,1,0
40653.0,240000.0,1,300000.0,1,1
40654.5,96000.0,1,120000.0,1,0
40656.0,176000.0,1,220000.0,1,0
40657.5,8000.0,1,10000.0,1,0
40659.0,48000.0,1,60000.0,1,1
40660.5,120000.0,1,150000.0,1,0
40662.0,104000.0,1,130000.0,1,0
40663.5,168000.0,1,210000.0,1,0
40665.0,56000.0,1,70000.0,1,0
40666.5,104000.0,1,130000.0,1,1
40668.0,56000.0,1,70000.0,1,1
40669.5,208000.0,1,260000.0,1,1
40671.0,48000.0,1,60000.0,1,0
40672.5,88000.0,1,110000.0,1,0
40674.0,184000.0,1,230000.0,1,0
40675.5,80000.0,1,100000.0,1,0
40677.0,288000.0,1,360000.0,1,0
40678.5,96000.0,1,120000.0,1,0
40680.0,184000.0,1,230000.0,1,1
40681.5,120000.0,1,150000.0,1,0
40683.0,360000.0,1,450000.0,1,1
40684.5,120000.0,1,150000.0,1,1
40686.0,136000.0,1,170000.0,1,0
40687.5,216000.0,1,270000.0,1,0
40689.0,400000.0,1,500000.0,1,0
40690.5,240000.0,1,300000.0,1,0
40692.0,120000.0,1,150000.0,1,0
40693.5,288000.0,1,360000.0,1,0
40695.0,88000.0,1,110000.0,1,1
40696.5,288000.0,1,360000.0,1,0
40698.0,176000.0,1,220000.0,1,1
40699.5,184000.0,1,230000.0,1,0
40701.0,400000.0,1,500000.0,1,0
40702.5,168000.0,1,210000.0,1,0
40704.0,400000.0,1,500000.0,1,0
40705.5,24000.0,1,30000.0,1,1
40707.0,392000.0,1,490000.0,1,0
40708.5,192000.0,1,240000.0,1,0
40710.0,160000.0,1,200000.0,1,1
40711.5,392000.0,1,490000.0,1,0
40713.0,192000.0,1,240000.0,1,0
40714.5,128000.0,1,160000.0,1,0
40716.0,48000.0,1,60000.0,1,0
40717.5,128000.0,1,160000.0,1,0
40719.0,320000.0,1,400000.0,1,1
40720.5,256000.0,1,320000.0,1,0
40722.0,272000.0,1,340000.0,1,0
40723.5,192000.0,1,240000.0,1,0
40725.0,80000.0,1,100000.0,1,1
40726.5,40000.0,1,50000.0,1,0
40728.0,160000.0,1,200000.0,1,0
40729.5,224000.0,1,280000.0,1,0
40731.0,288000.0,1,360000.0,1,0
40732.5,16000.0,1,20000.0,1,1
40734.0,128000.0,1,160000.0,1,0
40735.5,24000.0,1,30000.0,1,1
40737.0,72000.0,1,90000.0,1,1
40738.5,16000.0,1,20000.0,1,1
40740.0,80000.0,1,100000.0,1,1
40741.5,16000.0,1,20000.0,1,1
40743.0,240000.0,1,300000.0,1,0
40744.5,56000.0,1,70000.0,1,0
40746.0,8000.0,1,10000.0,1,0
40747.5,40000.0,1,50000.0,1,0
40749.0,224000.0,1,280000.0,1,0
40750.5,8000.0,1,10000.0,1,0
40752.0,8000.0,1,10000.0,1,1
40753.5,16000.0,1,20000.0,1,0
40755.0,160000.0,1,200000.0,1,0
40756.5,112000.0,1,140000.0,1,0
40758.0,80000.0,1,100000.0,1,0
40759.5,136000.0,1,170000.0,1,0
40761.0,128000.0,1,160000.0,1,0
40762.5,152000.0,1,190000.0,1,0
40764.0,144000.0,1,180000.0,1,0
40765.5,400000.0,1,500000.0,1,0
40767.0,272000.0,1,340000.0,1,0
40768.5,96000.0,1,120000.0,1,1
40770.0,144000.0,1,180000.0,1,0
40771.5,160000.0,1,200000.0,1,0
40773.0,184000.0,1,230000.0,1,0
40774.5,96000.0,1,120000.0,1,0
40776.0,120000.0,1,150000.0,1,0
40777.5,64000.0,1,80000.0,1,1
40779.0,72000.0,1,90000.0,1,0
40780.5,160000.0,1,200000.0,1,0
40782.0,192000.0,1,240000.0,1,0
40783.5,96000.0,1,120000.0,1,0
40785.0,96000.0,1,120000.0,1,1
40786.5,184000.0,1,230000.0,1,0
40788.0,184000.0,1,230000.0,1,0
40789.5,200000.0,1,250000.0,1,1
40791.0,264000.0,1,330000.0,1,1
40792.5,376000.0,1,470000.0,1,0
40794.0,248000.0,1,310000.0,1,1
40795.5,16000.0,1,20000.0,1,1
40797.0,120000.0,1,150000.0,1,0
40798.5,24000.0,1,30000.0,1,1
40800.0,264000.0,1,330000.0,1,0
40801.5,144000.0,1,180000.0,1,0
40803.0,288000.0,1,360000.0,1,0
40804.5,120000.0,1,150000.0,1,0
40806.0,224000.0,1,280000.0,1,0
40807.5,104000.0,1,130000.0,1,0
40809.0,192000.0,1,240000.0,1,0
40810.5,72000.0,1,90000.0,1,0
40812.0,152000.0,1,190000.0,1,0
40813.5,16000.0,1,20000.0,1,0
40815.0,40000.0,1,50000.0,1,1
40816.5,128000.0,1,160000.0,1,0
40818.0,48000.0,1,60000.0,1,1
40819.5,120000.0,1,150000.0,1,0
40821.0,80000.0,1,100000.0,1,1
40822.5,48000.0,1,60000.0,1,0
40824.0,176000.0,1,220000.0,1,0
40825.5,104000.0,1,130000.0,1,1
40827.0,8000.0,1,10000.0,1,1
40828.5,160000.0,1,200000.0,1,0
40830.0,120000.0,1,150000.0,1,0
40831.5,80000.0,1,100000.0,1,0
40833.0,240000.0,1,300000.0,1,1
40834.5,128000.0,1,160000.0,1,1
40836.0,400000.0,1,500000.0,1,0
40837.5,64000.0,1,80000.0,1,1
40839.0,72000.0,1,90000.0,1,0
40840.5,256000.0,1,320000.0,1,0
40842.0,312000.0,1,390000.0,1,0
40843.5,24000.0,1,30000.0,1,1
40845.0,136000.0,1,170000.0,1,0
40846.5,160000.0,1,200000.0,1,1
40848.0,304000.0,1,380000.0,1,0
40849.5,208000.0,1,260000.0,1,0
40851.0,288000.0,1,360000.0,1,0
40852.5,192000.0,1,240000.0,1,0
40854.0,80000.0,1,100000.0,1,0
40855.5,72000.0,1,90000.0,1,1
40857.0,232000.0,1,290000.0,1,0
40858.5,64000.0,1,80000.0,1,0
40860.0,192000.0,1,240000.0,1,0
40861.5,24000.0,1,30000.0,1,0
40863.0,24000.0,1,30000.0,1,0
40864.5,40000.0,1,50000.0,1,1
40866.0,144000.0,1,180000.0,1,1
40867.5,248000.0,1,310000.0,1,0
40869.0,64000.0,1,80000.0,1,0
40870.5,40000.0,1,50000.0,1,0
40872.0,312000.0,1,390000.0,1,0
40873.5,352000.0,1,440000.0,1,0
40875.0,40000.0,1,50000.0,1,0
40876.5,168000.0,1,210000.0,1,0
40878.0,184000.0,1,230000.0,1,0
40879.5,40000.0,1,50000.0,1,0
40881.0,80000.0,1,100000.0,1,1
40882.5,64000.0,1,80000.0,1,0
40884.0,200000.0,1,250000.0,1,0
40885.5,120000.0,1,150000.0,1,0
40887.0,112000.0,1,140000.0,1,0
40888.5,424000.0,1,530000.0,1,0
40890.0,16000.0,1,20000.0,1,1
40891.5,104000.0,1,130000.0,1,0
40893.0,16000.0,1,20000.0,1,0
40894.5,40000.0,1,50000.0,1,1
40896.0,376000.0,1,470000.0,1,1
40897.5,248000.0,1,310000.0,1,0
40899.0,144000.0,1,180000.0,1,0
40900.5,248000.0,1,310000.0,1,0
40902.0,128000.0,1,160000.0,1,1
40903.5,400000.0,1,500000.0,1,0
40905.0,304000.0,1,380000.0,1,0
40906.5,200000.0,1,250000.0,1,0
40908.0,400000.0,1,500000.0,1,0
40909.5,168000.0,1,210000.0,1,0
40911.0,200000.0,1,250000.0,1,1
40912.5,48000.0,1,60000.0,1,0
40914.0,160000.0,1,200000.0,1,0
40915.5,160000.0,1,200000.0,1,1
40917.0,16000.0,1,20000.0,1,0
40918.5,288000.0,1,360000.0,1,1
40920.0,80000.0,1,100000.0,1,0
40921.5,144000.0,1,180000.0,1,0
40923.0,304000.0,1,380000.0,1,0
40924.5,40000.0,1,50000.0,1,0
40926.0,160000.0,1,200000.0,1,0
40927.5,160000.0,1,200000.0,1,1
40929.0,224000.0,1,280000.0,1,0
40930.5,160000.0,1,200000.0,1,0
40932.0,120000.0,1,150000.0,1,0
40933.5,288000.0,1,360000.0,1,1
40935.0,184000.0,1,230000.0,1,0
40936.5,192000.0,1,240000.0,1,0
40938.0,336000.0,1,420000.0,1,0
40939.5,360000.0,1,450000.0,1,0
40941.0,8000.0,1,10000.0,1,0
40942.5,80000.0,1,100000.0,1,0
40944.0,144000.0,1,180000.0,1,1
40945.5,8000.0,1,10000.0,1,0
40947.0,16000.0,1,20000.0,1,1
40948.5,40000.0,1,50000.0,1,1
40950.0,200000.0,1,250000.0,1,0
40951.5,120000.0,1,150000.0,1,0
40953.0,24000.0,1,30000.0,1,0
40954.5,400000.0,1,500000.0,1,0
40956.0,96000.0,1,120000.0,1,0
40957.5,160000.0,1,200000.0,1,0
40959.0,272000.0,1,340000.0,1,0
40960.5,16000.0,1,20000.0,1,0
40962.0,16000.0,1,20000.0,1,0
40963.5,16000.0,1,20000.0,1,0
40965.0,176000.0,1,220000.0,1,0
40966.5,16000.0,1,20000.0,1,0
40968.0,224000.0,1,280000.0,1,0
40969.5,320000.0,1,400000.0,1,0
40971.0,248000.0,1,310000.0,1,0
40972.5,24000.0,1,30000.0,1,1
40974.0,64000.0,1,80000.0,1,0
40975.5,8000.0,1,10000.0,1,0
40977.0,56000.0,1,70000.0,1,0
40978.5,312000.0,1,390000.0,1,0
40980.0,272000.0,1,340000.0,1,0
40981.5,144000.0,1,180000.0,1,1
40983.0,80000.0,1,100000.0,1,1
40984.5,288000.0,1,360000.0,1,0
40986.0,40000.0,1,50000.0,1,0
40987.5,288000.0,1,360000.0,1,0
40989.0,40000.0,1,50000.0,1,0
40990.5,120000.0,1,150000.0,1,0
40992.0,16000.0,1,20000.0,1,0
40993.5,120000.0,1,150000.0,1,1
40995.0,40000.0,1,50000.0,1,0
40996.5,400000.0,1,500000.0,1,0
40998.0,224000.0,1,280000.0,1,0
40999.5,216000.0,1,270000.0,1,0
41001.0,88000.0,1,110000.0,1,0
41002.5,224000.0,1,280000.0,1,0
41004.0,160000.0,1,200000.0,1,0
41005.5,24000.0,1,30000.0,1,1
41007.0,104000.0,1,130000.0,1,0
41008.5,352000.0,1,440000.0,1,0
41010.0,136000.0,1,170000.0,1,0
41011.5,40000.0,1,50000.0,1,0
41013.0,96000.0,1,120000.0,1,0
41014.5,400000.0,1,500000.0,1,0
41016.0,96000.0,1,120000.0,1,0
41017.5,144000.0,1,180000.0,1,0
41019.0,280000.0,1,350000.0,1,1
41020.5,16000.0,1,20000.0,1,0
41022.0,128000.0,1,160000.0,1,1
41023.5,232000.0,1,290000.0,1,0
41025.0,144000.0,1,180000.0,1,0
41026.5,160000.0,1,200000.0,1,1
41028.0,168000.0,1,210000.0,1,0
41029.5,56000.0,1,70000.0,1,0
41031.0,224000.0,1,280000.0,1,1
41032.5,96000.0,1,120000.0,1,1
41034.0,208000.0,1,260000.0,1,0
41035.5,272000.0,1,340000.0,1,0
41037.0,208000.0,1,260000.0,1,0
41038.5,112000.0,1,140000.0,1,0
41040.0,112000.0,1,140000.0,1,0
41041.5,160000.0,1,200000.0,1,0
41043.0,40000.0,1,50000.0,1,1
41044.5,104000.0,1,130000.0,1,0
41046.0,104000.0,1,130000.0,1,0
41047.5,40000.0,1,50000.0,1,0
41049.0,16000.0,1,20000.0,1,0
41050.5,312000.0,1,390000.0,1,0
41052.0,40000.0,1,50000.0,1,0
41053.5,24000.0,1,30000.0,1,0
41055.0,192000.0,1,240000.0,1,0
41056.5,144000.0,1,180000.0,1,0
41058.0,336000.0,1,420000.0,1,0
41059.5,96000.0,1,120000.0,1,1
41061.0,360000.0,1,450000.0,1,0
41062.5,16000.0,1,20000.0,1,1
41064.0,288000.0,1,360000.0,1,1
41065.5,280000.0,1,350000.0,1,0
41067.0,144000.0,1,180000.0,1,0
41068.5,328000.0,1,410000.0,1,0
41070.0,40000.0,1,50000.0,1,0
41071.5,344000.0,1,430000.0,1,0
41073.0,160000.0,1,200000.0,1,0
41074.5,144000.0,1,180000.0,1,0
41076.0,160000.0,1,200000.0,1,0
41077.5,128000.0,1,160000.0,1,1
41079.0,80000.0,1,100000.0,1,0
41080.5,112000.0,1,140000.0,1,1
41082.0,96000.0,1,120000.0,1,0
41083.5,288000.0,1,360000.0,1,0
41085.0,96000.0,1,120000.0,1,1
41086.5,248000.0,1,310000.0,1,0
41088.0,144000.0,1,180000.0,1,0
41089.5,128000.0,1,160000.0,1,0
41091.0,40000.0,1,50000.0,1,1
41092.5,240000.0,1,300000.0,1,0
41094.0,400000.0,1,500000.0,1,0
41095.5,184000.0,1,230000.0,1,0
41097.0,240000.0,1,300000.0,1,0
41098.5,144000.0,1,180000.0,1,0
41100.0,224000.0,1,280000.0,1,0
41101.5,16000.0,1,20000.0,1,0
41103.0,288000.0,1,360000.0,1,0
41104.5,16000.0,1,20000.0,1,0
41106.0,200000.0,1,250000.0,1,0
41107.5,96000.0,1,120000.0,1,0
41109.0,80000.0,1,100000.0,1,0
41110.5,40000.0,1,50000.0,1,0
41112.0,376000.0,1,470000.0,1,0
41113.5,64000.0,1,80000.0,1,0
41115.0,88000.0,1,110000.0,1,0
41116.5,224000.0,1,280000.0,1,0
41118.0,160000.0,1,200000.0,1,0
41119.5,136000.0,1,170000.0,1,0
41121.0,48000.0,1,60000.0,1,0
41122.5,144000.0,1,180000.0,1,0
41124.0,240000.0,1,300000.0,1,1
41125.5,120000.0,1,150000.0,1,1
41127.0,168000.0,1,210000.0,1,0
41128.5,40000.0,1,50000.0,1,0
41130.0,40000.0,1,50000.0,1,1
41131.5,240000.0,1,300000.0,1,0
41133.0,64000.0,1,80000.0,1,0
41134.5,136000.0,1,170000.0,1,0
41136.0,40000.0,1,50000.0,1,0
41137.5,112000.0,1,140000.0,1,1
41139.0,280000.0,1,350000.0,1,1
41140.5,16000.0,1,20000.0,1,0
41142.0,136000.0,1,170000.0,1,1
41143.5,16000.0,1,20000.0,1,1
41145.0,192000.0,1,240000.0,1,0
41146.5,40000.0,1,50000.0,1,1
41148.0,184000.0,1,230000.0,1,1
41149.5,80000.0,1,100000.0,1,0
41151.0,240000.0,1,300000.0,1,0
41152.5,72000.0,1,90000.0,1,1
41154.0,168000.0,1,210000.0,1,0
41155.5,40000.0,1,50000.0,1,0
41157.0,320000.0,1,400000.0,1,0
41158.5,240000.0,1,300000.0,1,0
41160.0,120000.0,1,150000.0,1,0
41161.5,400000.0,1,500000.0,1,1
41163.0,240000.0,1,300000.0,1,1
41164.5,240000.0,1,300000.0,1,0
41166.0,120000.0,1,150000.0,1,0
41167.5,328000.0,1,410000.0,1,0
41169.0,64000.0,1,80000.0,1,0
41170.5,40000.0,1,50000.0,1,0
41172.0,112000.0,1,140000.0,1,0
41173.5,120000.0,1,150000.0,1,1
41175.0,16000.0,1,20000.0,1,0
41176.5,160000.0,1,200000.0,1,0
41178.0,88000.0,1,110000.0,1,0
41179.5,184000.0,1,230000.0,1,1
41181.0,40000.0,1,50000.0,1,1
41182.5,40000.0,1,50000.0,1,0
41184.0,40000.0,1,50000.0,1,0
41185.5,248000.0,1,310000.0,1,0
41187.0,8000.0,1,10000.0,1,1
41188.5,80000.0,1,100000.0,1,0
41190.0,560000.0,1,700000.0,1,0
41191.5,264000.0,1,330000.0,1,0
41193.0,240000.0,1,300000.0,1,0
41194.5,400000.0,1,500000.0,1,0
41196.0,8000.0,1,10000.0,1,0
41197.5,56000.0,1,70000.0,1,0
41199.0,88000.0,1,110000.0,1,0
41200.5,200000.0,1,250000.0,1,0
41202.0,440000.0,1,550000.0,1,1
41203.5,312000.0,1,390000.0,1,0
41205.0,80000.0,1,100000.0,1,0
41206.5,16000.0,1,20000.0,1,1
41208.0,288000.0,1,360000.0,1,0
41209.5,48000.0,1,60000.0,1,0
41211.0,120000.0,1,150000.0,1,1
41212.5,288000.0,1,360000.0,1,0
41214.0,40000.0,1,50000.0,1,0
41215.5,136000.0,1,170000.0,1,0
41217.0,240000.0,1,300000.0,1,0
41218.5,120000.0,1,150000.0,1,0
41220.0,240000.0,1,300000.0,1,0
41221.5,400000.0,1,500000.0,1,0
41223.0,128000.0,1,160000.0,1,1
41224.5,40000.0,1,50000.0,1,0
41226.0,8000.0,1,10000.0,1,0
41227.5,80000.0,1,100000.0,1,1
41229.0,240000.0,1,300000.0,1,1
41230.5,24000.0,1,30000.0,1,1
41232.0,72000.0,1,90000.0,1,0
41233.5,24000.0,1,30000.0,1,0
41235.0,112000.0,1,140000.0,1,0
41236.5,40000.0,1,50000.0,1,0
41238.0,80000.0,1,100000.0,1,0
41239.5,24000.0,1,30000.0,1,0
41241.0,128000.0,1,160000.0,1,1
41242.5,8000.0,1,10000.0,1,0
41244.0,136000.0,1,170000.0,1,1
41245.5,40000.0,1,50000.0,1,0
41247.0,400000.0,1,500000.0,1,0
41248.5,400000.0,1,500000.0,1,1
41250.0,16000.0,1,20000.0,1,1
41251.5,16000.0,1,20000.0,1,0
41253.0,64000.0,1,80000.0,1,1
41254.5,400000.0,1,500000.0,1,0
41256.0,16000.0,1,20000.0,1,0
41257.5,152000.0,1,190000.0,1,0
41259.0,128000.0,1,160000.0,1,0
41260.5,136000.0,1,170000.0,1,1
41262.0,64000.0,1,80000.0,1,1
41263.5,144000.0,1,180000.0,1,0
41265.0,40000.0,1,50000.0,1,1
41266.5,56000.0,1,70000.0,1,0
41268.0,16000.0,1,20000.0,1,1
41269.5,264000.0,1,330000.0,1,0
41271.0,264000.0,1,330000.0,1,0
41272.5,256000.0,1,320000.0,1,0
41274.0,112000.0,1,140000.0,1,0
41275.5,16000.0,1,20000.0,1,0
41277.0,56000.0,1,70000.0,1,0
41278.5,192000.0,1,240000.0,1,0
41280.0,368000.0,1,460000.0,1,0
41281.5,64000.0,1,80000.0,1,1
41283.0,16000.0,1,20000.0,1,0
41284.5,160000.0,1,200000.0,1,1
41286.0,160000.0,1,200000.0,1,1
41287.5,336000.0,1,420000.0,1,0
41289.0,104000.0,1,130000.0,1,0
41290.5,24000.0,1,30000.0,1,1
41292.0,88000.0,1,110000.0,1,1
41293.5,288000.0,1,360000.0,1,0
41295.0,40000.0,1,50000.0,1,0
41296.5,56000.0,1,70000.0,1,0
41298.0,336000.0,1,420000.0,1,0
41299.5,40000.0,1,50000.0,1,0
41301.0,360000.0,1,450000.0,1,1
41302.5,40000.0,1,50000.0,1,0
41304.0,16000.0,1,20000.0,1,1
41305.5,200000.0,1,250000.0,1,1
41307.0,16000.0,1,20000.0,1,0
41308.5,192000.0,1,240000.0,1,0
41310.0,40000.0,1,50000.0,1,1
41311.5,144000.0,1,180000.0,1,1
41313.0,200000.0,1,250000.0,1,0
41314.5,24000.0,1,30000.0,1,0
41316.0,40000.0,1,50000.0,1,1
41317.5,16000.0,1,20000.0,1,0
41319.0,208000.0,1,260000.0,1,1
41320.5,104000.0,1,130000.0,1,0
41322.0,392000.0,1,490000.0,1,1
41323.5,120000.0,1,150000.0,1,1
41325.0,24000.0,1,30000.0,1,1
41326.5,40000.0,1,50000.0,1,1
41328.0,264000.0,1,330000.0,1,0
41329.5,264000.0,1,330000.0,1,0
41331.0,112000.0,1,140000.0,1,1
41332.5,32000.0,1,40000.0,1,1
41334.0,288000.0,1,360000.0,1,0
41335.5,64000.0,1,80000.0,1,1
41337.0,584000.0,1,730000.0,1,0
41338.5,144000.0,1,180000.0,1,0
41340.0,152000.0,1,190000.0,1,0
41341.5,40000.0,1,50000.0,1,0
41343.0,184000.0,1,230000.0,1,0
41344.5,16000.0,1,20000.0,1,0
41346.0,104000.0,1,130000.0,1,0
41347.5,24000.0,1,30000.0,1,1
41349.0,288000.0,1,360000.0,1,0
41350.5,80000.0,1,100000.0,1,0
41352.0,144000.0,1,180000.0,1,0
41353.5,168000.0,1,210000.0,1,0
41355.0,272000.0,1,340000.0,1,1
41356.5,16000.0,1,20000.0,1,0
41358.0,16000.0,1,20000.0,1,0
41359.5,400000.0,1,500000.0,1,0
41361.0,288000.0,1,360000.0,1,0
41362.5,40000.0,1,50000.0,1,0
41364.0,424000.0,1,530000.0,1,0
41365.5,208000.0,1,260000.0,1,0
41367.0,32000.0,1,40000.0,1,1
41368.5,24000.0,1,30000.0,1,0
41370.0,192000.0,1,240000.0,1,1
41371.5,256000.0,1,320000.0,1,1
41373.0,56000.0,1,70000.0,1,0
41374.5,160000.0,1,200000.0,1,0
41376.0,288000.0,1,360000.0,1,0
41377.5,88000.0,1,110000.0,1,1
41379.0,64000.0,1,80000.0,1,1
41380.5,160000.0,1,200000.0,1,0
41382.0,80000.0,1,100000.0,1,1
41383.5,128000.0,1,160000.0,1,0
41385.0,112000.0,1,140000.0,1,1
41386.5,240000.0,1,300000.0,1,0
41388.0,40000.0,1,50000.0,1,0
41389.5,40000.0,2,50000.0,2,1
41391.0,40000.0,2,50000.0,2,0
41392.5,40000.0,2,50000.0,2,0
41394.0,40000.0,2,50000.0,2,1
41395.5,168000.0,2,210000.0,2,0
41397.0,120000.0,2,150000.0,2,0
41398.5,152000.0,2,190000.0,2,0
41400.0,64000.0,2,80000.0,2,1
41401.5,80000.0,2,100000.0,2,0
41403.0,16000.0,2,20000.0,2,0
41404.5,320000.0,2,400000.0,2,0
41406.0,80000.0,2,100000.0,2,0
41407.5,24000.0,2,30000.0,2,0
41409.0,120000.0,2,150000.0,2,0
41410.5,48000.0,2,60000.0,2,1
41412.0,112000.0,2,140000.0,2,0
41413.5,64000.0,2,80000.0,2,0
41415.0,160000.0,2,200000.0,2,0
41416.5,328000.0,2,410000.0,2,0
41418.0,40000.0,2,50000.0,2,0
41419.5,40000.0,2,50000.0,2,1
41421.0,80000.0,2,100000.0,2,1
41422.5,152000.0,2,190000.0,2,0
41424.0,96000.0,2,120000.0,2,1
41425.5,16000.0,2,20000.0,2,0
41427.0,24000.0,2,30000.0,2,0
41428.5,16000.0,2,20000.0,2,1
41430.0,16000.0,2,20000.0,2,1
41431.5,64000.0,2,80000.0,2,0
41433.0,64000.0,2,80000.0,2,0
41434.5,40000.0,2,50000.0,2,0
41436.0,64000.0,2,80000.0,2,1
41437.5,40000.0,2,50000.0,2,0
41439.0,40000.0,2,50000.0,2,0
41440.5,64000.0,2,80000.0,2,0
41442.0,16000.0,2,20000.0,2,1
41443.5,56000.0,2,70000.0,2,0
41445.0,104000.0,2,130000.0,2,0
41446.5,8000.0,2,10000.0,2,1
41448.0,40000.0,2,50000.0,2,1
41449.5,40000.0,2,50000.0,2,0
41451.0,16000.0,2,20000.0,2,0
41452.5,64000.0,2,80000.0,2,0
41454.0,56000.0,2,70000.0,2,1
41455.5,8000.0,2,10000.0,2,0
41457.0,96000.0,2,120000.0,2,0
41458.5,16000.0,2,20000.0,2,0
41460.0,40000.0,2,50000.0,2,0
41461.5,16000.0,2,20000.0,2,0
41463.0,32000.0,2,40000.0,2,0
41464.5,64000.0,2,80000.0,2,0
41466.0,16000.0,2,20000.0,2,1
41467.5,104000.0,2,130000.0,2,0
41469.0,80000.0,2,100000.0,2,0
41470.5,96000.0,2,120000.0,2,0
41472.0,40000.0,2,50000.0,2,0
41473.5,152000.0,2,190000.0,2,0
41475.0,40000.0,2,50000.0,2,0
41476.5,16000.0,2,20000.0,2,0
41478.0,40000.0,2,50000.0,2,0
41479.5,40000.0,2,50000.0,2,0
41481.0,64000.0,2,80000.0,2,1
41482.5,8000.0,2,10000.0,2,1
41484.0,40000.0,2,50000.0,2,0
41485.5,40000.0,2,50000.0,2,1
41487.0,40000.0,2,50000.0,2,0
41488.5,16000.0,2,20000.0,2,0
41490.0,48000.0,2,60000.0,2,1
41491.5,40000.0,2,50000.0,2,0
41493.0,40000.0,2,50000.0,2,1
41494.5,16000.0,2,20000.0,2,0
41496.0,16000.0,2,20000.0,2,1
41497.5,64000.0,2,80000.0,2,1
41499.0,40000.0,2,50000.0,2,1
41500.5,96000.0,2,120000.0,2,0
41502.0,40000.0,2,50000.0,2,0
41503.5,88000.0,2,110000.0,2,1
41505.0,24000.0,2,30000.0,2,0
41506.5,88000.0,2,110000.0,2,1
41508.0,16000.0,2,20000.0,2,0
41509.5,40000.0,2,50000.0,2,0
41511.0,40000.0,2,50000.0,2,1
41512.5,40000.0,2,50000.0,2,0
41514.0,16000.0,2,20000.0,2,0
41515.5,160000.0,2,200000.0,2,0
41517.0,24000.0,2,30000.0,2,0
41518.5,104000.0,2,130000.0,2,0
41520.0,16000.0,2,20000.0,2,0
41521.5,16000.0,2,20000.0,2,0
41523.0,48000.0,2,60000.0,2,0
41524.5,24000.0,2,30000.0,2,0
41526.0,24000.0,2,30000.0,2,1
41527.5,96000.0,2,120000.0,2,0
41529.0,24000.0,2,30000.0,2,0
41530.5,24000.0,2,30000.0,2,0
41532.0,48000.0,2,60000.0,2,1
41533.5,40000.0,2,50000.0,2,1
41535.0,24000.0,2,30000.0,2,0
41536.5,216000.0,2,270000.0,2,0
41538.0,288000.0,2,360000.0,2,0
41539.5,360000.0,2,450000.0,2,0
41541.0,40000.0,2,50000.0,2,0
41542.5,40000.0,2,50000.0,2,0
41544.0,96000.0,2,120000.0,2,0
41545.5,32000.0,2,40000.0,2,1
41547.0,112000.0,2,140000.0,2,0
41548.5,160000.0,2,200000.0,2,0
41550.0,24000.0,2,30000.0,2,0
41551.5,24000.0,2,30000.0,2,0
41553.0,24000.0,2,30000.0,2,1
41554.5,24000.0,2,30000.0,2,0
41556.0,88000.0,2,110000.0,2,1
41557.5,40000.0,2,50000.0,2,0
41559.0,104000.0,2,130000.0,2,0
41560.5,40000.0,2,50000.0,2,1
41562.0,120000.0,2,150000.0,2,0
41563.5,24000.0,2,30000.0,2,1
41565.0,40000.0,2,50000.0,2,0
41566.5,16000.0,2,20000.0,2,0
41568.0,184000.0,2,230000.0,2,0
41569.5,224000.0,2,280000.0,2,0
41571.0,40000.0,2,50000.0,2,0
41572.5,104000.0,2,130000.0,2,0
41574.0,16000.0,2,20000.0,2,0
41575.5,64000.0,2,80000.0,2,0
41577.0,80000.0,2,100000.0,2,0
41578.5,72000.0,2,90000.0,2,1
41580.0,16000.0,2,20000.0,2,0
41581.5,112000.0,2,140000.0,2,1
41583.0,120000.0,2,150000.0,2,1
41584.5,112000.0,2,140000.0,2,0
41586.0,40000.0,2,50000.0,2,0
41587.5,24000.0,2,30000.0,2,0
41589.0,88000.0,2,110000.0,2,0
41590.5,64000.0,2,80000.0,2,0
41592.0,24000.0,2,30000.0,2,1
41593.5,72000.0,2,90000.0,2,0
41595.0,64000.0,2,80000.0,2,0
41596.5,24000.0,2,30000.0,2,1
41598.0,16000.0,2,20000.0,2,0
41599.5,24000.0,2,30000.0,2,0
41601.0,64000.0,2,80000.0,2,0
41602.5,72000.0,2,90000.0,2,0
41604.0,40000.0,2,50000.0,2,0
41605.5,16000.0,2,20000.0,2,1
41607.0,8000.0,2,10000.0,2,0
41608.5,64000.0,2,80000.0,2,0
41610.0,48000.0,2,60000.0,2,1
41611.5,40000.0,2,50000.0,2,0
41613.0,24000.0,2,30000.0,2,0
41614.5,24000.0,2,30000.0,2,0
41616.0,8000.0,2,10000.0,2,0
41617.5,40000.0,2,50000.0,2,0
41619.0,232000.0,2,290000.0,2,0
41620.5,80000.0,2,100000.0,2,0
41622.0,32000.0,2,40000.0,2,1
41623.5,104000.0,2,130000.0,2,1
41625.0,80000.0,2,100000.0,2,0
41626.5,288000.0,2,360000.0,2,0
41628.0,88000.0,2,110000.0,2,0
41629.5,120000.0,2,150000.0,2,0
41631.0,80000.0,2,100000.0,2,0
41632.5,40000.0,2,50000.0,2,1
41634.0,40000.0,2,50000.0,2,0
41635.5,40000.0,2,50000.0,2,0
41637.0,48000.0,2,60000.0,2,1
41638.5,32000.0,2,40000.0,2,0
41640.0,40000.0,2,50000.0,2,1
41641.5,64000.0,2,80000.0,2,0
41643.0,40000.0,2,50000.0,2,0
41644.5,8000.0,2,10000.0,2,0
41646.0,40000.0,2,50000.0,2,0
41647.5,144000.0,2,180000.0,2,0
41649.0,64000.0,2,80000.0,2,0
41650.5,40000.0,2,50000.0,2,1
41652.0,40000.0,2,50000.0,2,0
41653.5,24000.0,2,30000.0,2,0
41655.0,40000.0,2,50000.0,2,0
41656.5,64000.0,2,80000.0,2,0
41658.0,120000.0,2,150000.0,2,0
41659.5,96000.0,2,120000.0,2,1
41661.0,64000.0,2,80000.0,2,1
41662.5,192000.0,2,240000.0,2,0
41664.0,24000.0,2,30000.0,2,0
41665.5,120000.0,2,150000.0,2,0
41667.0,40000.0,2,50000.0,2,0
41668.5,40000.0,2,50000.0,2,0
41670.0,184000.0,2,230000.0,2,0
41671.5,72000.0,2,90000.0,2,0
41673.0,184000.0,2,230000.0,2,0
41674.5,72000.0,2,90000.0,2,0
41676.0,184000.0,2,230000.0,2,0
41677.5,184000.0,2,230000.0,2,0
41679.0,336000.0,2,420000.0,2,0
41680.5,40000.0,2,50000.0,2,0
41682.0,56000.0,2,70000.0,2,0
41683.5,160000.0,2,200000.0,2,0
41685.0,24000.0,2,30000.0,2,0
41686.5,48000.0,2,60000.0,2,1
41688.0,184000.0,2,230000.0,2,0
41689.5,80000.0,2,100000.0,2,0
41691.0,336000.0,2,420000.0,2,0
41692.5,80000.0,2,100000.0,2,0
41694.0,128000.0,2,160000.0,2,0
41695.5,208000.0,2,260000.0,2,0
41697.0,224000.0,2,280000.0,2,0
41698.5,56000.0,2,70000.0,2,0
41700.0,40000.0,2,50000.0,2,1
41701.5,80000.0,2,100000.0,2,1
41703.0,80000.0,2,100000.0,2,0
41704.5,232000.0,2,290000.0,2,0
41706.0,144000.0,2,180000.0,2,0
41707.5,240000.0,2,300000.0,2,1
41709.0,64000.0,2,80000.0,2,0
41710.5,72000.0,2,90000.0,2,0
41712.0,400000.0,2,500000.0,2,1
41713.5,32000.0,2,40000.0,2,0
41715.0,136000.0,2,170000.0,2,0
41716.5,24000.0,2,30000.0,2,0
41718.0,96000.0,2,120000.0,2,0
41719.5,80000.0,2,100000.0,2,1
41721.0,40000.0,2,50000.0,2,0
41722.5,288000.0,2,360000.0,2,0
41724.0,176000.0,2,220000.0,2,0
41725.5,88000.0,2,110000.0,2,0
41727.0,88000.0,2,110000.0,2,0
41728.5,248000.0,2,310000.0,2,0
41730.0,40000.0,2,50000.0,2,0
41731.5,40000.0,2,50000.0,2,0
41733.0,160000.0,2,200000.0,2,0
41734.5,96000.0,2,120000.0,2,0
41736.0,64000.0,2,80000.0,2,1
41737.5,256000.0,2,320000.0,2,0
41739.0,168000.0,2,210000.0,2,0
41740.5,72000.0,2,90000.0,2,1
41742.0,136000.0,2,170000.0,2,0
41743.5,248000.0,2,310000.0,2,0
41745.0,288000.0,2,360000.0,2,0
41746.5,160000.0,2,200000.0,2,0
41748.0,400000.0,2,500000.0,2,0
41749.5,240000.0,2,300000.0,2,0
41751.0,104000.0,2,130000.0,2,1
41752.5,208000.0,2,260000.0,2,0
41754.0,80000.0,2,100000.0,2,0
41755.5,56000.0,2,70000.0,2,0
41757.0,80000.0,2,100000.0,2,1
41758.5,64000.0,2,80000.0,2,0
41760.0,80000.0,2,100000.0,2,1
41761.5,56000.0,2,70000.0,2,0
41763.0,136000.0,2,170000.0,2,0
41764.5,24000.0,2,30000.0,2,0
41766.0,16000.0,2,20000.0,2,0
41767.5,144000.0,2,180000.0,2,0
41769.0,24000.0,2,30000.0,2,1
41770.5,64000.0,2,80000.0,2,0
41772.0,48000.0,2,60000.0,2,0
41773.5,120000.0,2,150000.0,2,0
41775.0,40000.0,2,50000.0,2,0
41776.5,288000.0,2,360000.0,2,0
41778.0,56000.0,2,70000.0,2,0
41779.5,40000.0,2,50000.0,2,1
41781.0,72000.0,2,90000.0,2,1
41782.5,48000.0,2,60000.0,2,0
41784.0,288000.0,2,360000.0,2,0
41785.5,56000.0,2,70000.0,2,0
41787.0,16000.0,2,20000.0,2,1
41788.5,88000.0,2,110000.0,2,1
41790.0,24000.0,2,30000.0,2,0
41791.5,72000.0,2,90000.0,2,0
41793.0,168000.0,2,210000.0,2,0
41794.5,216000.0,2,270000.0,2,0
41796.0,48000.0,2,60000.0,2,0
41797.5,224000.0,2,280000.0,2,0
41799.0,40000.0,2,50000.0,2,0
41800.5,56000.0,2,70000.0,2,0
41802.0,112000.0,2,140000.0,2,0
41803.5,24000.0,2,30000.0,2,1
41805.0,56000.0,2,70000.0,2,0
41806.5,112000.0,2,140000.0,2,0
41808.0,240000.0,2,300000.0,2,0
41809.5,64000.0,2,80000.0,2,0
41811.0,272000.0,2,340000.0,2,0
41812.5,248000.0,2,310000.0,2,0
41814.0,88000.0,2,110000.0,2,1
41815.5,104000.0,2,130000.0,2,0
41817.0,224000.0,2,280000.0,2,0
41818.5,80000.0,2,100000.0,2,0
41820.0,120000.0,2,150000.0,2,0
41821.5,104000.0,2,130000.0,2,0
41823.0,200000.0,2,250000.0,2,0
41824.5,160000.0,2,200000.0,2,0
41826.0,88000.0,2,110000.0,2,0
41827.5,128000.0,2,160000.0,2,0
41829.0,64000.0,2,80000.0,2,1
41830.5,176000.0,2,220000.0,2,0
41832.0,16000.0,2,20000.0,2,0
41833.5,128000.0,2,160000.0,2,0
41835.0,136000.0,2,170000.0,2,0
41836.5,288000.0,2,360000.0,2,0
41838.0,40000.0,2,50000.0,2,0
41839.5,80000.0,2,100000.0,2,0
41841.0,120000.0,2,150000.0,2,0
41842.5,120000.0,2,150000.0,2,0
41844.0,80000.0,2,100000.0,2,0
41845.5,160000.0,2,200000.0,2,0
41847.0,240000.0,2,300000.0,2,0
41848.5,104000.0,2,130000.0,2,0
41850.0,120000.0,2,150000.0,2,0
41851.5,88000.0,2,110000.0,2,0
41853.0,272000.0,2,340000.0,2,0
41854.5,48000.0,2,60000.0,2,0
41856.0,72000.0,2,90000.0,2,0
41857.5,184000.0,2,230000.0,2,0
41859.0,160000.0,2,200000.0,2,0
41860.5,248000.0,2,310000.0,2,0
41862.0,120000.0,2,150000.0,2,0
41863.5,312000.0,2,390000.0,2,0
41865.0,168000.0,2,210000.0,2,1
41866.5,232000.0,2,290000.0,2,0
41868.0,144000.0,2,180000.0,2,0
41869.5,112000.0,2,140000.0,2,1
41871.0,8000.0,2,10000.0,2,0
41872.5,64000.0,2,80000.0,2,0
41874.0,40000.0,2,50000.0,2,1
41875.5,88000.0,2,110000.0,2,0
41877.0,144000.0,2,180000.0,2,1
41878.5,184000.0,2,230000.0,2,0
41880.0,64000.0,2,80000.0,2,0
41881.5,40000.0,2,50000.0,2,0
41883.0,176000.0,2,220000.0,2,0
41884.5,24000.0,2,30000.0,2,1
41886.0,160000.0,2,200000.0,2,0
41887.5,104000.0,2,130000.0,2,0
41889.0,288000.0,2,360000.0,2,0
41890.5,112000.0,2,140000.0,2,0
41892.0,104000.0,2,130000.0,2,0
41893.5,120000.0,2,150000.0,2,0
41895.0,16000.0,2,20000.0,2,1
41896.5,104000.0,2,130000.0,2,0
41898.0,152000.0,2,190000.0,2,0
41899.5,112000.0,2,140000.0,2,1
41901.0,144000.0,2,180000.0,2,0
41902.5,144000.0,2,180000.0,2,0
41904.0,40000.0,2,50000.0,2,0
41905.5,64000.0,2,80000.0,2,0
41907.0,96000.0,2,120000.0,2,1
41908.5,336000.0,2,420000.0,2,0
41910.0,72000.0,2,90000.0,2,0
41911.5,56000.0,2,70000.0,2,0
41913.0,160000.0,2,200000.0,2,0
41914.5,192000.0,2,240000.0,2,0
41916.0,288000.0,2,360000.0,2,0
41917.5,144000.0,2,180000.0,2,0
41919.0,128000.0,2,160000.0,2,0
41920.5,16000.0,2,20000.0,2,0
41922.0,24000.0,2,30000.0,2,0
41923.5,184000.0,2,230000.0,2,0
41925.0,192000.0,2,240000.0,2,0
41926.5,160000.0,2,200000.0,2,1
41928.0,224000.0,2,280000.0,2,0
41929.5,272000.0,2,340000.0,2,0
41931.0,40000.0,2,50000.0,2,0
41932.5,160000.0,2,200000.0,2,1
41934.0,112000.0,2,140000.0,2,0
41935.5,128000.0,2,160000.0,2,0
41937.0,40000.0,2,50000.0,2,0
41938.5,16000.0,2,20000.0,2,1
41940.0,136000.0,2,170000.0,2,0
41941.5,112000.0,2,140000.0,2,0
41943.0,120000.0,2,150000.0,2,0
41944.5,56000.0,2,70000.0,2,0
41946.0,40000.0,2,50000.0,2,1
41947.5,64000.0,2,80000.0,2,0
41949.0,288000.0,2,360000.0,2,0
41950.5,288000.0,2,360000.0,2,0
41952.0,104000.0,2,130000.0,2,0
41953.5,96000.0,2,120000.0,2,0
41955.0,88000.0,2,110000.0,2,0
41956.5,184000.0,2,230000.0,2,0
41958.0,88000.0,2,110000.0,2,1
41959.5,160000.0,2,200000.0,2,0
41961.0,48000.0,2,60000.0,2,0
41962.5,248000.0,2,310000.0,2,0
41964.0,128000.0,2,160000.0,2,0
41965.5,144000.0,2,180000.0,2,0
41967.0,136000.0,2,170000.0,2,0
41968.5,192000.0,2,240000.0,2,0
41970.0,128000.0,2,160000.0,2,0
41971.5,160000.0,2,200000.0,2,0
41973.0,48000.0,2,60000.0,2,0
41974.5,80000.0,2,100000.0,2,0
41976.0,48000.0,2,60000.0,2,1
41977.5,40000.0,2,50000.0,2,0
41979.0,96000.0,2,120000.0,2,0
41980.5,200000.0,2,250000.0,2,0
41982.0,144000.0,2,180000.0,2,1
41983.5,168000.0,2,210000.0,2,0
41985.0,288000.0,2,360000.0,2,0
41986.5,168000.0,2,210000.0,2,0
41988.0,88000.0,2,110000.0,2,0
41989.5,216000.0,2,270000.0,2,0
41991.0,40000.0,2,50000.0,2,0
41992.5,176000.0,2,220000.0,2,0
41994.0,64000.0,2,80000.0,2,0
41995.5,144000.0,2,180000.0,2,0
41997.0,320000.0,2,400000.0,2,0
41998.5,184000.0,2,230000.0,2,0
42000.0,72000.0,2,90000.0,2,0
42001.5,24000.0,2,30000.0,2,1
42003.0,120000.0,2,150000.0,2,0
42004.5,184000.0,2,230000.0,2,0
42006.0,408000.0,2,510000.0,2,0
42007.5,16000.0,2,20000.0,2,1
42009.0,120000.0,2,150000.0,2,0
42010.5,88000.0,2,110000.0,2,0
42012.0,200000.0,2,250000.0,2,0
42013.5,192000.0,2,240000.0,2,0
42015.0,120000.0,2,150000.0,2,0
42016.5,336000.0,2,420000.0,2,0
42018.0,136000.0,2,170000.0,2,0
42019.5,176000.0,2,220000.0,2,0
42021.0,128000.0,2,160000.0,2,0
42022.5,120000.0,2,150000.0,2,0
42024.0,120000.0,2,150000.0,2,1
42025.5,112000.0,2,140000.0,2,1
42027.0,192000.0,2,240000.0,2,0
42028.5,16000.0,2,20000.0,2,1
42030.0,24000.0,2,30000.0,2,1
42031.5,64000.0,2,80000.0,2,0
42033.0,320000.0,2,400000.0,2,0
42034.5,120000.0,2,150000.0,2,0
42036.0,144000.0,2,180000.0,2,0
42037.5,288000.0,2,360000.0,2,0
42039.0,128000.0,2,160000.0,2,1
42040.5,64000.0,2,80000.0,2,0
42042.0,192000.0,2,240000.0,2,0
42043.5,40000.0,2,50000.0,2,1
42045.0,40000.0,2,50000.0,2,0
42046.5,40000.0,2,50000.0,2,1
42048.0,160000.0,2,200000.0,2,0
42049.5,40000.0,2,50000.0,2,0
42051.0,112000.0,2,140000.0,2,0
42052.5,248000.0,2,310000.0,2,0
42054.0,344000.0,2,430000.0,2,0
42055.5,80000.0,2,100000.0,2,0
42057.0,400000.0,2,500000.0,2,0
42058.5,160000.0,2,200000.0,2,1
42060.0,112000.0,2,140000.0,2,0
42061.5,160000.0,2,200000.0,2,0
42063.0,160000.0,2,200000.0,2,0
42064.5,80000.0,2,100000.0,2,0
42066.0,144000.0,2,180000.0,2,0
42067.5,152000.0,2,190000.0,2,0
42069.0,40000.0,2,50000.0,2,0
42070.5,352000.0,2,440000.0,2,0
42072.0,24000.0,2,30000.0,2,0
42073.5,144000.0,2,180000.0,2,0
42075.0,120000.0,2,150000.0,2,1
42076.5,312000.0,2,390000.0,2,0
42078.0,24000.0,2,30000.0,2,0
42079.5,8000.0,2,10000.0,2,1
42081.0,216000.0,2,270000.0,2,0
42082.5,16000.0,2,20000.0,2,1
42084.0,40000.0,2,50000.0,2,0
42085.5,48000.0,2,60000.0,2,0
42087.0,40000.0,2,50000.0,2,1
42088.5,16000.0,2,20000.0,2,0
42090.0,64000.0,2,80000.0,2,1
42091.5,40000.0,2,50000.0,2,0
42093.0,112000.0,2,140000.0,2,1
42094.5,320000.0,2,400000.0,2,0
42096.0,40000.0,2,50000.0,2,0
42097.5,64000.0,2,80000.0,2,0
42099.0,304000.0,2,380000.0,2,1
42100.5,184000.0,2,230000.0,2,0
42102.0,168000.0,2,210000.0,2,0
42103.5,80000.0,2,100000.0,2,0
42105.0,168000.0,2,210000.0,2,0
42106.5,112000.0,2,140000.0,2,0
42108.0,120000.0,2,150000.0,2,0
42109.5,32000.0,2,40000.0,2,0
42111.0,96000.0,2,120000.0,2,1
42112.5,40000.0,2,50000.0,2,0
42114.0,288000.0,2,360000.0,2,0
42115.5,64000.0,2,80000.0,2,1
42117.0,184000.0,2,230000.0,2,0
42118.5,40000.0,2,50000.0,2,1
42120.0,120000.0,2,150000.0,2,0
42121.5,16000.0,2,20000.0,2,0
42123.0,8000.0,2,10000.0,2,1
42124.5,112000.0,2,140000.0,2,0
42126.0,120000.0,2,150000.0,2,0
42127.5,232000.0,2,290000.0,2,0
42129.0,136000.0,2,170000.0,2,0
42130.5,336000.0,2,420000.0,2,0
42132.0,96000.0,2,120000.0,2,0
42133.5,120000.0,2,150000.0,2,0
42135.0,64000.0,2,80000.0,2,0
42136.5,80000.0,2,100000.0,2,0
42138.0,32000.0,2,40000.0,2,1
42139.5,104000.0,2,130000.0,2,0
42141.0,80000.0,2,100000.0,2,0
42142.5,240000.0,2,300000.0,2,0
42144.0,120000.0,2,150000.0,2,0
42145.5,40000.0,2,50000.0,2,1
42147.0,280000.0,2,350000.0,2,0
42148.5,136000.0,2,170000.0,2,0
42150.0,176000.0,2,220000.0,2,1
42151.5,168000.0,2,210000.0,2,0
42153.0,160000.0,2,200000.0,2,0
42154.5,144000.0,2,180000.0,2,1
42156.0,40000.0,2,50000.0,2,1
42157.5,40000.0,2,50000.0,2,0
42159.0,144000.0,2,180000.0,2,0
42160.5,400000.0,2,500000.0,2,0
42162.0,128000.0,2,160000.0,2,0
42163.5,96000.0,2,120000.0,2,1
42165.0,48000.0,2,60000.0,2,1
42166.5,176000.0,2,220000.0,2,0
42168.0,168000.0,2,210000.0,2,0
42169.5,384000.0,2,480000.0,2,0
42171.0,112000.0,2,140000.0,2,0
42172.5,120000.0,2,150000.0,2,0
42174.0,88000.0,2,110000.0,2,1
42175.5,280000.0,2,350000.0,2,0
42177.0,120000.0,2,150000.0,2,0
42178.5,336000.0,2,420000.0,2,1
42180.0,64000.0,2,80000.0,2,0
42181.5,144000.0,2,180000.0,2,0
42183.0,232000.0,2,290000.0,2,0
42184.5,240000.0,2,300000.0,2,0
42186.0,64000.0,2,80000.0,2,1
42187.5,184000.0,2,230000.0,2,0
42189.0,16000.0,2,20000.0,2,0
42190.5,16000.0,2,20000.0,2,1
42192.0,160000.0,2,200000.0,2,0
42193.5,400000.0,2,500000.0,2,0
42195.0,8000.0,2,10000.0,2,0
42196.5,80000.0,2,100000.0,2,0
42198.0,200000.0,2,250000.0,2,0
42199.5,432000.0,2,540000.0,2,0
42201.0,40000.0,2,50000.0,2,0
42202.5,440000.0,2,550000.0,2,0
42204.0,160000.0,2,200000.0,2,0
42205.5,40000.0,2,50000.0,2,0
42207.0,184000.0,2,230000.0,2,0
42208.5,264000.0,2,330000.0,2,0
42210.0,416000.0,2,520000.0,2,0
42211.5,144000.0,2,180000.0,2,0
42213.0,160000.0,2,200000.0,2,0
42214.5,344000.0,2,430000.0,2,0
42216.0,176000.0,2,220000.0,2,0
42217.5,168000.0,2,210000.0,2,0
42219.0,288000.0,2,360000.0,2,0
42220.5,160000.0,2,200000.0,2,0
42222.0,120000.0,2,150000.0,2,0
42223.5,136000.0,2,170000.0,2,0
42225.0,40000.0,2,50000.0,2,0
42226.5,16000.0,2,20000.0,2,1
42228.0,240000.0,2,300000.0,2,0
42229.5,160000.0,2,200000.0,2,0
42231.0,168000.0,2,210000.0,2,0
42232.5,80000.0,2,100000.0,2,0
42234.0,168000.0,2,210000.0,2,0
42235.5,64000.0,2,80000.0,2,0
42237.0,104000.0,2,130000.0,2,1
42238.5,256000.0,2,320000.0,2,0
42240.0,280000.0,2,350000.0,2,0
42241.5,208000.0,2,260000.0,2,0
42243.0,184000.0,2,230000.0,2,0
42244.5,168000.0,2,210000.0,2,0
42246.0,128000.0,2,160000.0,2,0
42247.5,168000.0,2,210000.0,2,0
42249.0,96000.0,2,120000.0,2,0
42250.5,24000.0,2,30000.0,2,1
42252.0,56000.0,2,70000.0,2,0
42253.5,216000.0,2,270000.0,2,0
42255.0,280000.0,2,350000.0,2,0
42256.5,40000.0,2,50000.0,2,1
42258.0,88000.0,2,110000.0,2,0
42259.5,120000.0,2,150000.0,2,0
42261.0,224000.0,2,280000.0,2,1
42262.5,240000.0,2,300000.0,2,0
42264.0,16000.0,2,20000.0,2,1
42265.5,40000.0,2,50000.0,2,0
42267.0,160000.0,2,200000.0,2,0
42268.5,40000.0,2,50000.0,2,0
42270.0,120000.0,2,150000.0,2,0
42271.5,160000.0,2,200000.0,2,0
42273.0,80000.0,2,100000.0,2,0
42274.5,288000.0,2,360000.0,2,1
42276.0,40000.0,2,50000.0,2,0
42277.5,176000.0,2,220000.0,2,0
42279.0,64000.0,2,80000.0,2,1
42280.5,120000.0,2,150000.0,2,0
42282.0,168000.0,2,210000.0,2,1
42283.5,56000.0,2,70000.0,2,0
42285.0,40000.0,2,50000.0,2,0
42286.5,64000.0,2,80000.0,2,0
42288.0,88000.0,2,110000.0,2,0
42289.5,136000.0,2,170000.0,2,0
42291.0,128000.0,2,160000.0,2,0
42292.5,104000.0,2,130000.0,2,0
42294.0,160000.0,2,200000.0,2,0
42295.5,288000.0,2,360000.0,2,0
42297.0,128000.0,2,160000.0,2,0
42298.5,248000.0,2,310000.0,2,0
42300.0,400000.0,2,500000.0,2,0
42301.5,344000.0,2,430000.0,2,1
42303.0,240000.0,2,300000.0,2,1
42304.5,40000.0,2,50000.0,2,0
42306.0,240000.0,2,300000.0,2,0
42307.5,240000.0,2,300000.0,2,1
42309.0,16000.0,2,20000.0,2,1
42310.5,320000.0,2,400000.0,2,1
42312.0,248000.0,2,310000.0,2,0
42313.5,296000.0,2,370000.0,2,0
42315.0,184000.0,2,230000.0,2,0
42316.5,240000.0,2,300000.0,2,0
42318.0,200000.0,2,250000.0,2,0
42319.5,256000.0,2,320000.0,2,0
42321.0,248000.0,2,310000.0,2,0
42322.5,400000.0,2,500000.0,2,0
42324.0,64000.0,2,80000.0,2,0
42325.5,160000.0,2,200000.0,2,0
42327.0,128000.0,2,160000.0,2,0
42328.5,16000.0,2,20000.0,2,0
42330.0,16000.0,2,20000.0,2,0
42331.5,24000.0,2,30000.0,2,1
42333.0,400000.0,2,500000.0,2,0
42334.5,144000.0,2,180000.0,2,0
42336.0,144000.0,2,180000.0,2,0
42337.5,360000.0,2,450000.0,2,0
42339.0,144000.0,2,180000.0,2,0
42340.5,232000.0,2,290000.0,2,0
42342.0,160000.0,2,200000.0,2,0
42343.5,160000.0,2,200000.0,2,0
42345.0,320000.0,2,400000.0,2,1
42346.5,168000.0,2,210000.0,2,0
42348.0,24000.0,2,30000.0,2,1
42349.5,272000.0,2,340000.0,2,0
42351.0,40000.0,2,50000.0,2,0
42352.5,176000.0,2,220000.0,2,0
42354.0,80000.0,2,100000.0,2,1
42355.5,320000.0,2,400000.0,2,0
42357.0,288000.0,2,360000.0,2,0
42358.5,24000.0,2,30000.0,2,0
42360.0,8000.0,2,10000.0,2,1
42361.5,264000.0,2,330000.0,2,0
42363.0,88000.0,2,110000.0,2,0
42364.5,24000.0,2,30000.0,2,1
42366.0,88000.0,2,110000.0,2,0
42367.5,120000.0,2,150000.0,2,0
42369.0,64000.0,2,80000.0,2,1
42370.5,128000.0,2,160000.0,2,0
42372.0,24000.0,2,30000.0,2,0
42373.5,160000.0,2,200000.0,2,0
42375.0,120000.0,2,150000.0,2,0
42376.5,112000.0,2,140000.0,2,0
42378.0,96000.0,2,120000.0,2,0
42379.5,80000.0,2,100000.0,2,0
42381.0,40000.0,2,50000.0,2,0
42382.5,64000.0,2,80000.0,2,0
42384.0,112000.0,2,140000.0,2,0
42385.5,216000.0,2,270000.0,2,0
42387.0,168000.0,2,210000.0,2,0
42388.5,184000.0,2,230000.0,2,0
42390.0,24000.0,2,30000.0,2,0
42391.5,208000.0,2,260000.0,2,1
42393.0,16000.0,2,20000.0,2,1
42394.5,128000.0,2,160000.0,2,0
42396.0,40000.0,2,50000.0,2,0
42397.5,40000.0,2,50000.0,2,0
42399.0,128000.0,2,160000.0,2,1
42400.5,112000.0,2,140000.0,2,0
42402.0,184000.0,2,230000.0,2,0
42403.5,96000.0,2,120000.0,2,0
42405.0,16000.0,2,20000.0,2,1
42406.5,72000.0,2,90000.0,2,1
42408.0,104000.0,2,130000.0,2,0
42409.5,16000.0,2,20000.0,2,0
42411.0,184000.0,2,230000.0,2,0
42412.5,344000.0,2,430000.0,2,0
42414.0,88000.0,2,110000.0,2,0
42415.5,168000.0,2,210000.0,2,1
42417.0,208000.0,2,260000.0,2,0
42418.5,224000.0,2,280000.0,2,0
42420.0,184000.0,2,230000.0,2,0
42421.5,40000.0,2,50000.0,2,0
42423.0,256000.0,2,320000.0,2,0
42424.5,88000.0,2,110000.0,2,1
42426.0,144000.0,2,180000.0,2,0
42427.5,144000.0,2,180000.0,2,0
42429.0,8000.0,2,10000.0,2,1
42430.5,24000.0,2,30000.0,2,1
42432.0,56000.0,2,70000.0,2,1
42433.5,16000.0,2,20000.0,2,0
42435.0,40000.0,2,50000.0,2,1
42436.5,144000.0,2,180000.0,2,0
42438.0,176000.0,2,220000.0,2,0
42439.5,144000.0,2,180000.0,2,0
42441.0,136000.0,2,170000.0,2,0
42442.5,80000.0,2,100000.0,2,0
42444.0,224000.0,2,280000.0,2,0
42445.5,232000.0,2,290000.0,2,0
42447.0,24000.0,2,30000.0,2,1
42448.5,24000.0,2,30000.0,2,0
42450.0,64000.0,2,80000.0,2,0
42451.5,40000.0,2,50000.0,2,0
42453.0,48000.0,2,60000.0,2,0
42454.5,208000.0,2,260000.0,2,0
42456.0,48000.0,2,60000.0,2,0
42457.5,64000.0,2,80000.0,2,0
42459.0,288000.0,2,360000.0,2,0
42460.5,144000.0,2,180000.0,2,0
42462.0,64000.0,2,80000.0,2,1
42463.5,56000.0,2,70000.0,2,0
42465.0,288000.0,2,360000.0,2,0
42466.5,240000.0,2,300000.0,2,0
42468.0,80000.0,2,100000.0,2,0
42469.5,80000.0,2,100000.0,2,0
42471.0,96000.0,2,120000.0,2,0
42472.5,160000.0,2,200000.0,2,1
42474.0,144000.0,2,180000.0,2,0
42475.5,48000.0,2,60000.0,2,0
42477.0,8000.0,2,10000.0,2,0
42478.5,184000.0,2,230000.0,2,0
42480.0,40000.0,2,50000.0,2,0
42481.5,280000.0,2,350000.0,2,0
42483.0,160000.0,2,200000.0,2,1
42484.5,120000.0,2,150000.0,2,0
42486.0,144000.0,2,180000.0,2,1
42487.5,24000.0,2,30000.0,2,0
42489.0,56000.0,2,70000.0,2,1
42490.5,368000.0,2,460000.0,2,0
42492.0,88000.0,2,110000.0,2,0
42493.5,192000.0,2,240000.0,2,0
42495.0,168000.0,2,210000.0,2,0
42496.5,240000.0,2,300000.0,2,0
42498.0,136000.0,2,170000.0,2,0
42499.5,336000.0,2,420000.0,2,0
42501.0,184000.0,2,230000.0,2,0
42502.5,208000.0,2,260000.0,2,0
42504.0,40000.0,2,50000.0,2,0
42505.5,64000.0,2,80000.0,2,0
42507.0,160000.0,2,200000.0,2,0
42508.5,64000.0,2,80000.0,2,0
42510.0,232000.0,2,290000.0,2,0
42511.5,16000.0,2,20000.0,2,1
42513.0,40000.0,2,50000.0,2,0
42514.5,360000.0,2,450000.0,2,0
42516.0,200000.0,2,250000.0,2,0
42517.5,40000.0,2,50000.0,2,0
42519.0,224000.0,2,280000.0,2,0
42520.5,16000.0,2,20000.0,2,0
42522.0,248000.0,2,310000.0,2,0
42523.5,200000.0,2,250000.0,2,0
42525.0,144000.0,2,180000.0,2,1
42526.5,400000.0,2,500000.0,2,0
42528.0,24000.0,2,30000.0,2,0
42529.5,200000.0,2,250000.0,2,0
42531.0,136000.0,2,170000.0,2,0
42532.5,80000.0,2,100000.0,2,0
42534.0,344000.0,2,430000.0,2,0
42535.5,136000.0,2,170000.0,2,0
42537.0,168000.0,2,210000.0,2,0
42538.5,224000.0,2,280000.0,2,0
42540.0,128000.0,2,160000.0,2,0
42541.5,168000.0,2,210000.0,2,0
42543.0,160000.0,2,200000.0,2,0
42544.5,320000.0,2,400000.0,2,0
42546.0,64000.0,2,80000.0,2,0
42547.5,64000.0,2,80000.0,2,1
42549.0,24000.0,2,30000.0,2,0
42550.5,16000.0,2,20000.0,2,1
42552.0,240000.0,2,300000.0,2,0
42553.5,368000.0,2,460000.0,2,0
42555.0,64000.0,2,80000.0,2,0
42556.5,64000.0,2,80000.0,2,0
42558.0,80000.0,2,100000.0,2,0
42559.5,80000.0,2,100000.0,2,1
42561.0,40000.0,2,50000.0,2,0
42562.5,64000.0,2,80000.0,2,1
42564.0,104000.0,2,130000.0,2,0
42565.5,40000.0,2,50000.0,2,0
42567.0,168000.0,2,210000.0,2,0
42568.5,208000.0,2,260000.0,2,0
42570.0,40000.0,2,50000.0,2,0
42571.5,368000.0,2,460000.0,2,0
42573.0,120000.0,2,150000.0,2,0
42574.5,64000.0,2,80000.0,2,0
42576.0,64000.0,2,80000.0,2,0
42577.5,144000.0,2,180000.0,2,1
42579.0,80000.0,2,100000.0,2,0
42580.5,48000.0,2,60000.0,2,1
42582.0,40000.0,2,50000.0,2,0
42583.5,312000.0,2,390000.0,2,0
42585.0,168000.0,2,210000.0,2,0
42586.5,128000.0,2,160000.0,2,0
42588.0,40000.0,2,50000.0,2,0
42589.5,40000.0,2,50000.0,2,0
42591.0,128000.0,2,160000.0,2,0
42592.5,176000.0,2,220000.0,2,0
42594.0,64000.0,2,80000.0,2,0
42595.5,136000.0,2,170000.0,2,0
42597.0,48000.0,2,60000.0,2,0
42598.5,160000.0,2,200000.0,2,0
42600.0,256000.0,2,320000.0,2,0
42601.5,128000.0,2,160000.0,2,0
42603.0,16000.0,2,20000.0,2,0
42604.5,64000.0,2,80000.0,2,1
42606.0,168000.0,2,210000.0,2,0
42607.5,40000.0,2,50000.0,2,1
42609.0,400000.0,2,500000.0,2,0
42610.5,96000.0,2,120000.0,2,0
42612.0,16000.0,2,20000.0,2,0
42613.5,200000.0,2,250000.0,2,0
42615.0,64000.0,2,80000.0,2,0
42616.5,192000.0,2,240000.0,2,0
42618.0,120000.0,2,150000.0,2,0
42619.5,272000.0,2,340000.0,2,0
42621.0,64000.0,2,80000.0,2,0
42622.5,104000.0,2,130000.0,2,0
42624.0,80000.0,2,100000.0,2,0
42625.5,184000.0,2,230000.0,2,0
42627.0,128000.0,2,160000.0,2,0
42628.5,176000.0,2,220000.0,2,0
42630.0,64000.0,2,80000.0,2,1
42631.5,336000.0,2,420000.0,2,0
42633.0,104000.0,2,130000.0,2,0
42634.5,64000.0,2,80000.0,2,0
42636.0,168000.0,2,210000.0,2,0
42637.5,176000.0,2,220000.0,2,0
42639.0,136000.0,2,170000.0,2,1
42640.5,40000.0,2,50000.0,2,0
42642.0,64000.0,2,80000.0,2,0
42643.5,240000.0,2,300000.0,2,0
42645.0,112000.0,2,140000.0,2,0
42646.5,232000.0,2,290000.0,2,0
42648.0,64000.0,2,80000.0,2,0
42649.5,400000.0,2,500000.0,2,0
42651.0,32000.0,2,40000.0,2,1
42652.5,40000.0,2,50000.0,2,0
42654.0,208000.0,2,260000.0,2,0
42655.5,64000.0,2,80000.0,2,0
42657.0,224000.0,2,280000.0,2,0
42658.5,216000.0,2,270000.0,2,0
42660.0,64000.0,2,80000.0,2,0
42661.5,96000.0,2,120000.0,2,0
42663.0,240000.0,2,300000.0,2,0
42664.5,96000.0,2,120000.0,2,0
42666.0,64000.0,2,80000.0,2,0
42667.5,40000.0,2,50000.0,2,0
42669.0,80000.0,2,100000.0,2,0
42670.5,144000.0,2,180000.0,2,0
42672.0,128000.0,2,160000.0,2,0
42673.5,280000.0,2,350000.0,2,0
42675.0,40000.0,2,50000.0,2,0
42676.5,256000.0,2,320000.0,2,0
42678.0,136000.0,2,170000.0,2,0
42679.5,40000.0,2,50000.0,2,0
42681.0,288000.0,2,360000.0,2,1
42682.5,56000.0,2,70000.0,2,1
42684.0,16000.0,2,20000.0,2,0
42685.5,80000.0,2,100000.0,2,0
42687.0,144000.0,2,180000.0,2,0
42688.5,128000.0,2,160000.0,2,0
42690.0,184000.0,2,230000.0,2,1
42691.5,16000.0,2,20000.0,2,1
42693.0,144000.0,2,180000.0,2,0
42694.5,144000.0,2,180000.0,2,0
42696.0,16000.0,2,20000.0,2,0
42697.5,120000.0,2,150000.0,2,0
42699.0,192000.0,2,240000.0,2,1
42700.5,288000.0,2,360000.0,2,0
42702.0,208000.0,2,260000.0,2,0
42703.5,400000.0,2,500000.0,2,0
42705.0,160000.0,2,200000.0,2,0
42706.5,184000.0,2,230000.0,2,0
42708.0,160000.0,2,200000.0,2,0
42709.5,56000.0,2,70000.0,2,0
42711.0,128000.0,2,160000.0,2,0
42712.5,64000.0,2,80000.0,2,0
42714.0,80000.0,2,100000.0,2,0
42715.5,16000.0,2,20000.0,2,1
42717.0,88000.0,2,110000.0,2,0
42718.5,80000.0,2,100000.0,2,1
42720.0,192000.0,2,240000.0,2,0
42721.5,136000.0,2,170000.0,2,0
42723.0,88000.0,2,110000.0,2,1
42724.5,40000.0,2,50000.0,2,0
42726.0,312000.0,2,390000.0,2,0
42727.5,32000.0,2,40000.0,2,0
42729.0,128000.0,2,160000.0,2,0
42730.5,16000.0,2,20000.0,2,0
42732.0,144000.0,2,180000.0,2,0
42733.5,40000.0,2,50000.0,2,1
42735.0,88000.0,2,110000.0,2,0
42736.5,16000.0,2,20000.0,2,1
42738.0,32000.0,2,40000.0,2,0
42739.5,40000.0,2,50000.0,2,1
42741.0,160000.0,2,200000.0,2,0
42742.5,72000.0,2,90000.0,2,0
42744.0,240000.0,2,300000.0,2,0
42745.5,248000.0,2,310000.0,2,0
42747.0,264000.0,2,330000.0,2,0
42748.5,168000.0,2,210000.0,2,0
42750.0,208000.0,2,260000.0,2,0
42751.5,232000.0,2,290000.0,2,0
42753.0,16000.0,2,20000.0,2,0
42754.5,112000.0,2,140000.0,2,0
42756.0,120000.0,2,150000.0,2,1
42757.5,40000.0,2,50000.0,2,0
42759.0,40000.0,2,50000.0,2,0
42760.5,216000.0,2,270000.0,2,0
42762.0,192000.0,2,240000.0,2,0
42763.5,120000.0,2,150000.0,2,0
42765.0,208000.0,2,260000.0,2,0
42766.5,376000.0,2,470000.0,2,0
42768.0,152000.0,2,190000.0,2,0
42769.5,128000.0,2,160000.0,2,0
42771.0,256000.0,2,320000.0,2,0
42772.5,24000.0,2,30000.0,2,1
42774.0,120000.0,2,150000.0,2,0
42775.5,160000.0,2,200000.0,2,1
42777.0,120000.0,2,150000.0,2,0
42778.5,40000.0,2,50000.0,2,0
42780.0,64000.0,2,80000.0,2,0
42781.5,40000.0,2,50000.0,2,0
42783.0,64000.0,2,80000.0,2,1
42784.5,224000.0,2,280000.0,2,0
42786.0,128000.0,2,160000.0,2,0
42787.5,64000.0,2,80000.0,2,0
42789.0,128000.0,2,160000.0,2,0
42790.5,72000.0,2,90000.0,2,0
42792.0,288000.0,2,360000.0,2,0
42793.5,64000.0,2,80000.0,2,0
42795.0,16000.0,2,20000.0,2,1
42796.5,40000.0,2,50000.0,2,0
42798.0,160000.0,2,200000.0,2,1
42799.5,40000.0,2,50000.0,2,1
42801.0,96000.0,2,120000.0,2,1
42802.5,48000.0,2,60000.0,2,1
42804.0,96000.0,2,120000.0,2,0
42805.5,64000.0,2,80000.0,2,0
42807.0,112000.0,2,140000.0,2,0
42808.5,240000.0,2,300000.0,2,0
42810.0,184000.0,2,230000.0,2,0
42811.5,248000.0,2,310000.0,2,0
42813.0,264000.0,2,330000.0,2,0
42814.5,168000.0,2,210000.0,2,0
42816.0,96000.0,2,120000.0,2,0
42817.5,136000.0,2,170000.0,2,0
42819.0,40000.0,2,50000.0,2,0
42820.5,80000.0,2,100000.0,2,1
42822.0,112000.0,2,140000.0,2,0
42823.5,168000.0,2,210000.0,2,0
42825.0,288000.0,2,360000.0,2,0
42826.5,40000.0,2,50000.0,2,0
42828.0,272000.0,2,340000.0,2,0
42829.5,208000.0,2,260000.0,2,1
42831.0,400000.0,2,500000.0,2,0
42832.5,48000.0,2,60000.0,2,0
42834.0,336000.0,2,420000.0,2,0
42835.5,24000.0,2,30000.0,2,0
42837.0,296000.0,2,370000.0,2,0
42838.5,360000.0,2,450000.0,2,0
42840.0,320000.0,2,400000.0,2,1
42841.5,320000.0,2,400000.0,2,1
42843.0,512000.0,2,640000.0,2,0
42844.5,168000.0,2,210000.0,2,0
42846.0,24000.0,2,30000.0,2,0
42847.5,80000.0,2,100000.0,2,0
42849.0,200000.0,2,250000.0,2,0
42850.5,152000.0,2,190000.0,2,0
42852.0,16000.0,2,20000.0,2,0
42853.5,144000.0,2,180000.0,2,0
42855.0,160000.0,2,200000.0,2,0
42856.5,64000.0,2,80000.0,2,0
42858.0,96000.0,2,120000.0,2,0
42859.5,40000.0,2,50000.0,2,0
42861.0,208000.0,2,260000.0,2,0
42862.5,144000.0,2,180000.0,2,0
42864.0,104000.0,2,130000.0,2,1
42865.5,88000.0,2,110000.0,2,0
42867.0,40000.0,2,50000.0,2,0
42868.5,400000.0,2,500000.0,2,0
42870.0,288000.0,2,360000.0,2,0
42871.5,64000.0,2,80000.0,2,0
42873.0,8000.0,2,10000.0,2,0
42874.5,256000.0,2,320000.0,2,0
42876.0,24000.0,2,30000.0,2,0
42877.5,64000.0,2,80000.0,2,0
42879.0,128000.0,2,160000.0,2,0
42880.5,392000.0,2,490000.0,2,0
42882.0,176000.0,2,220000.0,2,0
42883.5,360000.0,2,450000.0,2,0
42885.0,296000.0,2,370000.0,2,0
42886.5,64000.0,2,80000.0,2,1
42888.0,288000.0,2,360000.0,2,1
42889.5,48000.0,2,60000.0,2,0
42891.0,40000.0,2,50000.0,2,0
42892.5,128000.0,2,160000.0,2,0
42894.0,208000.0,2,260000.0,2,0
42895.5,176000.0,2,220000.0,2,0
42897.0,48000.0,2,60000.0,2,1
42898.5,176000.0,2,220000.0,2,0
42900.0,232000.0,2,290000.0,2,0
42901.5,104000.0,2,130000.0,2,0
42903.0,160000.0,2,200000.0,2,0
42904.5,160000.0,2,200000.0,2,0
42906.0,88000.0,2,110000.0,2,1
42907.5,24000.0,2,30000.0,2,1
42909.0,24000.0,2,30000.0,2,0
42910.5,80000.0,2,100000.0,2,0
42912.0,288000.0,2,360000.0,2,0
42913.5,112000.0,2,140000.0,2,0
42915.0,40000.0,2,50000.0,2,0
42916.5,56000.0,2,70000.0,2,0
42918.0,48000.0,2,60000.0,2,0
42919.5,288000.0,2,360000.0,2,0
42921.0,192000.0,2,240000.0,2,0
42922.5,160000.0,2,200000.0,2,0
42924.0,80000.0,2,100000.0,2,0
42925.5,40000.0,2,50000.0,2,0
42927.0,80000.0,2,100000.0,2,0
42928.5,216000.0,2,270000.0,2,0
42930.0,40000.0,2,50000.0,2,0
42931.5,240000.0,2,300000.0,2,0
42933.0,40000.0,2,50000.0,2,1
42934.5,64000.0,2,80000.0,2,0
42936.0,160000.0,2,200000.0,2,0
42937.5,272000.0,2,340000.0,2,1
42939.0,248000.0,2,310000.0,2,0
42940.5,64000.0,2,80000.0,2,0
42942.0,168000.0,2,210000.0,2,0
42943.5,64000.0,2,80000.0,2,0
42945.0,400000.0,2,500000.0,2,0
42946.5,208000.0,2,260000.0,2,0
42948.0,96000.0,2,120000.0,2,0
42949.5,80000.0,2,100000.0,2,0
42951.0,48000.0,2,60000.0,2,1
42952.5,152000.0,2,190000.0,2,0
42954.0,80000.0,2,100000.0,2,1
42955.5,304000.0,2,380000.0,2,0
42957.0,280000.0,2,350000.0,2,1
42958.5,80000.0,2,100000.0,2,0
42960.0,80000.0,2,100000.0,2,0
42961.5,120000.0,2,150000.0,2,0
42963.0,120000.0,2,150000.0,2,1
42964.5,120000.0,2,150000.0,2,0
42966.0,368000.0,2,460000.0,2,0
42967.5,80000.0,2,100000.0,2,1
42969.0,184000.0,2,230000.0,2,0
42970.5,8000.0,2,10000.0,2,1
42972.0,160000.0,2,200000.0,2,0
42973.5,112000.0,2,140000.0,2,0
42975.0,296000.0,2,370000.0,2,0
42976.5,40000.0,2,50000.0,2,0
42978.0,128000.0,2,160000.0,2,0
42979.5,64000.0,2,80000.0,2,0
42981.0,192000.0,2,240000.0,2,0
42982.5,128000.0,2,160000.0,2,0
42984.0,40000.0,2,50000.0,2,1
42985.5,144000.0,2,180000.0,2,0
42987.0,40000.0,2,50000.0,2,0
42988.5,400000.0,2,500000.0,2,0
42990.0,160000.0,2,200000.0,2,0
42991.5,48000.0,2,60000.0,2,0
42993.0,40000.0,2,50000.0,2,0
42994.5,40000.0,2,50000.0,2,1
42996.0,168000.0,2,210000.0,2,1
42997.5,48000.0,2,60000.0,2,0
42999.0,112000.0,2,140000.0,2,1
43000.5,208000.0,2,260000.0,2,1
43002.0,240000.0,2,300000.0,2,0
43003.5,400000.0,2,500000.0,2,0
43005.0,112000.0,2,140000.0,2,0
43006.5,232000.0,2,290000.0,2,1
43008.0,288000.0,2,360000.0,2,0
43009.5,16000.0,2,20000.0,2,0
43011.0,152000.0,2,190000.0,2,0
43012.5,120000.0,2,150000.0,2,0
43014.0,80000.0,2,100000.0,2,1
43015.5,248000.0,2,310000.0,2,0
43017.0,400000.0,2,500000.0,2,0
43018.5,96000.0,2,120000.0,2,0
43020.0,160000.0,2,200000.0,2,0
43021.5,144000.0,2,180000.0,2,0
43023.0,40000.0,2,50000.0,2,1
43024.5,168000.0,2,210000.0,2,0
43026.0,184000.0,2,230000.0,2,1
43027.5,160000.0,2,200000.0,2,0
43029.0,80000.0,2,100000.0,2,1
43030.5,200000.0,2,250000.0,2,0
43032.0,160000.0,2,200000.0,2,0
43033.5,40000.0,2,50000.0,2,0
43035.0,136000.0,2,170000.0,2,0
43036.5,56000.0,2,70000.0,2,0
43038.0,208000.0,2,260000.0,2,0
43039.5,48000.0,2,60000.0,2,0
43041.0,96000.0,2,120000.0,2,1
43042.5,80000.0,2,100000.0,2,0
43044.0,400000.0,2,500000.0,2,0
43045.5,184000.0,2,230000.0,2,0
43047.0,264000.0,2,330000.0,2,0
43048.5,288000.0,2,360000.0,2,0
43050.0,144000.0,2,180000.0,2,0
43051.5,144000.0,2,180000.0,2,1
43053.0,112000.0,2,140000.0,2,0
43054.5,208000.0,2,260000.0,2,0
43056.0,176000.0,2,220000.0,2,0
43057.5,80000.0,2,100000.0,2,0
43059.0,224000.0,2,280000.0,2,0
43060.5,80000.0,2,100000.0,2,0
43062.0,232000.0,2,290000.0,2,0
43063.5,288000.0,2,360000.0,2,0
43065.0,232000.0,2,290000.0,2,0
43066.5,48000.0,2,60000.0,2,0
43068.0,64000.0,2,80000.0,2,1
43069.5,144000.0,2,180000.0,2,0
43071.0,160000.0,2,200000.0,2,0
43072.5,136000.0,2,170000.0,2,0
43074.0,624000.0,2,780000.0,2,0
43075.5,272000.0,2,340000.0,2,0
43077.0,160000.0,2,200000.0,2,0
43078.5,280000.0,2,350000.0,2,0
43080.0,288000.0,2,360000.0,2,1
43081.5,104000.0,2,130000.0,2,0
43083.0,248000.0,2,310000.0,2,0
43084.5,88000.0,2,110000.0,2,0
43086.0,208000.0,2,260000.0,2,0
43087.5,232000.0,2,290000.0,2,0
43089.0,160000.0,2,200000.0,2,0
43090.5,104000.0,2,130000.0,2,1
43092.0,48000.0,2,60000.0,2,0
43093.5,16000.0,2,20000.0,2,0
43095.0,240000.0,2,300000.0,2,0
43096.5,56000.0,2,70000.0,2,0
43098.0,192000.0,2,240000.0,2,1
43099.5,48000.0,2,60000.0,2,0
43101.0,192000.0,2,240000.0,2,0
43102.5,160000.0,2,200000.0,2,0
43104.0,400000.0,2,500000.0,2,0
43105.5,112000.0,2,140000.0,2,1
43107.0,168000.0,2,210000.0,2,0
43108.5,192000.0,2,240000.0,2,0
43110.0,192000.0,2,240000.0,2,0
43111.5,128000.0,2,160000.0,2,0
43113.0,40000.0,2,50000.0,2,0
43114.5,320000.0,2,400000.0,2,0
43116.0,352000.0,2,440000.0,2,0
43117.5,120000.0,2,150000.0,2,0
43119.0,80000.0,2,100000.0,2,1
43120.5,96000.0,2,120000.0,2,0
43122.0,40000.0,2,50000.0,2,0
43123.5,120000.0,2,150000.0,2,1
43125.0,288000.0,2,360000.0,2,0
43126.5,208000.0,2,260000.0,2,0
43128.0,192000.0,2,240000.0,2,1
43129.5,144000.0,2,180000.0,2,0
43131.0,168000.0,2,210000.0,2,0
43132.5,56000.0,2,70000.0,2,0
43134.0,400000.0,2,500000.0,2,0
43135.5,400000.0,2,500000.0,2,0
43137.0,144000.0,2,180000.0,2,0
43138.5,96000.0,2,120000.0,2,0
43140.0,160000.0,2,200000.0,2,0
43141.5,112000.0,2,140000.0,2,0
43143.0,16000.0,2,20000.0,2,1
43144.5,176000.0,2,220000.0,2,0
43146.0,232000.0,2,290000.0,2,1
43147.5,208000.0,2,260000.0,2,0
43149.0,176000.0,2,220000.0,2,0
43150.5,64000.0,2,80000.0,2,0
43152.0,128000.0,2,160000.0,2,0
43153.5,400000.0,2,500000.0,2,0
43155.0,184000.0,2,230000.0,2,0
43156.5,96000.0,2,120000.0,2,1
43158.0,288000.0,2,360000.0,2,0
43159.5,176000.0,2,220000.0,2,0
43161.0,96000.0,2,120000.0,2,0
43162.5,288000.0,2,360000.0,2,0
43164.0,96000.0,2,120000.0,2,1
43165.5,40000.0,2,50000.0,2,0
43167.0,232000.0,2,290000.0,2,0
43168.5,184000.0,2,230000.0,2,0
43170.0,160000.0,2,200000.0,2,0
43171.5,296000.0,2,370000.0,2,0
43173.0,40000.0,1,50000.0,1,0
43174.5,40000.0,2,50000.0,2,0
43176.0,16000.0,2,20000.0,2,0
43177.5,208000.0,2,260000.0,2,0
43179.0,184000.0,2,230000.0,2,0
43180.5,160000.0,2,200000.0,2,0
43182.0,272000.0,2,340000.0,2,0
43183.5,176000.0,2,220000.0,2,0
43185.0,272000.0,2,340000.0,2,0
43186.5,160000.0,2,200000.0,2,0
43188.0,144000.0,2,180000.0,2,0
43189.5,40000.0,2,50000.0,2,0
43191.0,64000.0,2,80000.0,2,0
43192.5,128000.0,2,160000.0,2,0
43194.0,64000.0,2,80000.0,2,0
43195.5,24000.0,2,30000.0,2,1
43197.0,184000.0,2,230000.0,2,0
43198.5,320000.0,2,400000.0,2,0
43200.0,160000.0,2,200000.0,2,0
43201.5,16000.0,2,20000.0,2,1
43203.0,160000.0,2,200000.0,2,0
43204.5,112000.0,2,140000.0,2,0
43206.0,288000.0,2,360000.0,2,0
43207.5,288000.0,2,360000.0,2,0
43209.0,312000.0,2,390000.0,2,0
43210.5,312000.0,2,390000.0,2,1
43212.0,128000.0,2,160000.0,2,0
43213.5,272000.0,2,340000.0,2,0
43215.0,224000.0,2,280000.0,2,0
43216.5,400000.0,2,500000.0,2,0
43218.0,48000.0,2,60000.0,2,0
43219.5,336000.0,2,420000.0,2,0
43221.0,128000.0,2,160000.0,2,0
43222.5,184000.0,2,230000.0,2,0
43224.0,184000.0,2,230000.0,2,1
43225.5,224000.0,2,280000.0,2,0
43227.0,144000.0,2,180000.0,2,0
43228.5,80000.0,2,100000.0,2,1
43230.0,144000.0,2,180000.0,2,0
43231.5,24000.0,2,30000.0,2,0
43233.0,256000.0,2,320000.0,2,0
43234.5,472000.0,2,590000.0,2,0
43236.0,104000.0,2,130000.0,2,0
43237.5,104000.0,2,130000.0,2,0
43239.0,224000.0,2,280000.0,2,0
43240.5,72000.0,2,90000.0,2,0
43242.0,256000.0,2,320000.0,2,0
43243.5,128000.0,2,160000.0,2,0
43245.0,120000.0,2,150000.0,2,0
43246.5,32000.0,2,40000.0,2,0
43248.0,144000.0,2,180000.0,2,0
43249.5,440000.0,2,550000.0,2,0
43251.0,40000.0,2,50000.0,2,0
43252.5,176000.0,2,220000.0,2,1
43254.0,288000.0,2,360000.0,2,0
43255.5,200000.0,2,250000.0,2,0
43257.0,272000.0,2,340000.0,2,0
43258.5,144000.0,2,180000.0,2,0
43260.0,24000.0,2,30000.0,2,1
43261.5,240000.0,2,300000.0,2,1
43263.0,32000.0,2,40000.0,2,0
43264.5,400000.0,2,500000.0,2,0
43266.0,144000.0,2,180000.0,2,0
43267.5,280000.0,2,350000.0,2,0
43269.0,72000.0,2,90000.0,2,0
43270.5,192000.0,2,240000.0,2,0
43272.0,40000.0,2,50000.0,2,0
43273.5,176000.0,2,220000.0,2,0
43275.0,144000.0,2,180000.0,2,0
43276.5,320000.0,2,400000.0,2,0
43278.0,176000.0,2,220000.0,2,1
43279.5,144000.0,2,180000.0,2,0
43281.0,64000.0,2,80000.0,2,1
43282.5,288000.0,2,360000.0,2,0
43284.0,136000.0,2,170000.0,2,0
43285.5,104000.0,2,130000.0,2,0
43287.0,232000.0,2,290000.0,2,0
43288.5,72000.0,2,90000.0,2,0
43290.0,104000.0,2,130000.0,2,0
43291.5,112000.0,2,140000.0,2,0
43293.0,408000.0,2,510000.0,2,0
43294.5,40000.0,2,50000.0,2,0
43296.0,160000.0,2,200000.0,2,0
43297.5,160000.0,2,200000.0,2,0
43299.0,320000.0,2,400000.0,2,0
43300.5,248000.0,2,310000.0,2,0
43302.0,168000.0,2,210000.0,2,0
43303.5,72000.0,2,90000.0,2,0
43305.0,216000.0,2,270000.0,2,0
43306.5,24000.0,2,30000.0,2,1
43308.0,24000.0,2,30000.0,2,0
43309.5,168000.0,2,210000.0,2,0
43311.0,88000.0,2,110000.0,2,0
43312.5,128000.0,2,160000.0,2,0
43314.0,304000.0,2,380000.0,2,0
43315.5,112000.0,2,140000.0,2,0
43317.0,200000.0,2,250000.0,2,0
43318.5,120000.0,2,150000.0,2,0
43320.0,184000.0,2,230000.0,2,1
43321.5,176000.0,2,220000.0,2,1
43323.0,48000.0,2,60000.0,2,0
43324.5,40000.0,2,50000.0,2,1
43326.0,240000.0,2,300000.0,2,0
43327.5,256000.0,2,320000.0,2,0
43329.0,200000.0,2,250000.0,2,0
43330.5,160000.0,2,200000.0,2,0
43332.0,88000.0,2,110000.0,2,0
43333.5,40000.0,2,50000.0,2,0
43335.0,240000.0,2,300000.0,2,0
43336.5,40000.0,2,50000.0,2,0
43338.0,184000.0,2,230000.0,2,0
43339.5,24000.0,2,30000.0,2,1
43341.0,24000.0,2,30000.0,2,0
43342.5,232000.0,2,290000.0,2,0
43344.0,168000.0,2,210000.0,2,0
43345.5,160000.0,2,200000.0,2,0
43347.0,120000.0,2,150000.0,2,0
43348.5,88000.0,2,110000.0,2,0
43350.0,16000.0,2,20000.0,2,1
43351.5,288000.0,2,360000.0,2,0
43353.0,184000.0,2,230000.0,2,0
43354.5,48000.0,2,60000.0,2,0
43356.0,376000.0,2,470000.0,2,0
43357.5,96000.0,2,120000.0,2,0
43359.0,40000.0,2,50000.0,2,0
43360.5,112000.0,2,140000.0,2,0
43362.0,400000.0,2,500000.0,2,0
43363.5,320000.0,2,400000.0,2,1
43365.0,248000.0,2,310000.0,2,0
43366.5,256000.0,2,320000.0,2,1
43368.0,264000.0,2,330000.0,2,0
43369.5,192000.0,2,240000.0,2,0
43371.0,232000.0,2,290000.0,2,0
43372.5,120000.0,2,150000.0,2,0
43374.0,40000.0,2,50000.0,2,0
43375.5,168000.0,2,210000.0,2,0
43377.0,120000.0,2,150000.0,2,0
43378.5,168000.0,2,210000.0,2,0
43380.0,144000.0,2,180000.0,2,0
43381.5,288000.0,2,360000.0,2,1
43383.0,176000.0,2,220000.0,2,0
43384.5,128000.0,2,160000.0,2,0
43386.0,400000.0,2,500000.0,2,0
43387.5,80000.0,2,100000.0,2,0
43389.0,64000.0,2,80000.0,2,1
43390.5,288000.0,2,360000.0,2,1
43392.0,184000.0,2,230000.0,2,0
43393.5,144000.0,2,180000.0,2,0
43395.0,160000.0,2,200000.0,2,1
43396.5,48000.0,2,60000.0,2,0
43398.0,224000.0,2,280000.0,2,0
43399.5,64000.0,2,80000.0,2,1
43401.0,160000.0,2,200000.0,2,0
43402.5,40000.0,2,50000.0,2,0
43404.0,368000.0,2,460000.0,2,0
43405.5,176000.0,2,220000.0,2,0
43407.0,136000.0,2,170000.0,2,0
43408.5,40000.0,2,50000.0,2,0
43410.0,168000.0,2,210000.0,2,0
43411.5,16000.0,2,20000.0,2,0
43413.0,184000.0,2,230000.0,2,0
43414.5,312000.0,2,390000.0,2,0
43416.0,144000.0,2,180000.0,2,0
43417.5,104000.0,2,130000.0,2,0
43419.0,200000.0,2,250000.0,2,0
43420.5,400000.0,2,500000.0,2,1
43422.0,192000.0,2,240000.0,2,0
43423.5,216000.0,2,270000.0,2,0
43425.0,360000.0,2,450000.0,2,0
43426.5,224000.0,2,280000.0,2,1
43428.0,136000.0,2,170000.0,2,0
43429.5,224000.0,2,280000.0,2,0
43431.0,136000.0,2,170000.0,2,0
43432.5,160000.0,2,200000.0,2,0
43434.0,304000.0,2,380000.0,2,0
43435.5,400000.0,2,500000.0,2,0
43437.0,32000.0,2,40000.0,2,0
43438.5,120000.0,2,150000.0,2,1
43440.0,176000.0,2,220000.0,2,0
43441.5,160000.0,2,200000.0,2,0
43443.0,288000.0,2,360000.0,2,0
43444.5,80000.0,2,100000.0,2,0
43446.0,336000.0,2,420000.0,2,1
43447.5,160000.0,2,200000.0,2,0
43449.0,248000.0,2,310000.0,2,1
43450.5,144000.0,2,180000.0,2,0
43452.0,400000.0,2,500000.0,2,0
43453.5,184000.0,2,230000.0,2,0
43455.0,40000.0,2,50000.0,2,0
43456.5,200000.0,2,250000.0,2,0
43458.0,120000.0,2,150000.0,2,0
43459.5,40000.0,2,50000.0,2,0
43461.0,80000.0,2,100000.0,2,1
43462.5,88000.0,2,110000.0,2,1
43464.0,168000.0,2,210000.0,2,0
43465.5,120000.0,2,150000.0,2,0
43467.0,64000.0,2,80000.0,2,0
43468.5,160000.0,2,200000.0,2,1
43470.0,120000.0,2,150000.0,2,1
43471.5,80000.0,2,100000.0,2,0
43473.0,88000.0,2,110000.0,2,0
43474.5,192000.0,2,240000.0,2,0
43476.0,64000.0,2,80000.0,2,0
43477.5,144000.0,2,180000.0,2,1
43479.0,144000.0,2,180000.0,2,0
43480.5,320000.0,2,400000.0,2,0
43482.0,208000.0,2,260000.0,2,0
43483.5,128000.0,2,160000.0,2,1
43485.0,192000.0,2,240000.0,2,0
43486.5,208000.0,2,260000.0,2,0
43488.0,128000.0,2,160000.0,2,0
43489.5,64000.0,2,80000.0,2,0
43491.0,384000.0,2,480000.0,2,1
43492.5,216000.0,2,270000.0,2,0
43494.0,80000.0,2,100000.0,2,1
43495.5,240000.0,2,300000.0,2,0
43497.0,360000.0,2,450000.0,2,0
43498.5,288000.0,2,360000.0,2,0
43500.0,136000.0,2,170000.0,2,0
43501.5,40000.0,2,50000.0,2,0
43503.0,40000.0,2,50000.0,2,1
43504.5,192000.0,2,240000.0,2,1
43506.0,352000.0,2,440000.0,2,0
43507.5,144000.0,2,180000.0,2,0
43509.0,112000.0,2,140000.0,2,0
43510.5,120000.0,2,150000.0,2,0
43512.0,80000.0,2,100000.0,2,0
43513.5,152000.0,2,190000.0,2,0
43515.0,160000.0,2,200000.0,2,0
43516.5,208000.0,2,260000.0,2,0
43518.0,464000.0,2,580000.0,2,1
43519.5,80000.0,2,100000.0,2,0
43521.0,320000.0,2,400000.0,2,0
43522.5,280000.0,2,350000.0,2,0
43524.0,112000.0,2,140000.0,2,1
43525.5,72000.0,2,90000.0,2,0
43527.0,144000.0,2,180000.0,2,1
43528.5,120000.0,2,150000.0,2,0
43530.0,160000.0,2,200000.0,2,1
43531.5,312000.0,2,390000.0,2,0
43533.0,144000.0,2,180000.0,2,1
43534.5,72000.0,2,90000.0,2,0
43536.0,192000.0,2,240000.0,2,0
43537.5,256000.0,2,320000.0,2,1
43539.0,72000.0,2,90000.0,2,1
43540.5,160000.0,2,200000.0,2,0
43542.0,168000.0,2,210000.0,2,1
43543.5,128000.0,2,160000.0,2,1
43545.0,80000.0,2,100000.0,2,0
43546.5,192000.0,2,240000.0,2,0
43548.0,40000.0,2,50000.0,2,0
43549.5,40000.0,2,50000.0,2,0
43551.0,16000.0,2,20000.0,2,1
43552.5,256000.0,2,320000.0,2,0
43554.0,48000.0,2,60000.0,2,1
43555.5,184000.0,2,230000.0,2,0
43557.0,136000.0,2,170000.0,2,0
43558.5,320000.0,2,400000.0,2,0
43560.0,160000.0,2,200000.0,2,0
43561.5,200000.0,2,250000.0,2,0
43563.0,368000.0,2,460000.0,2,1
43564.5,8000.0,2,10000.0,2,0
43566.0,40000.0,2,50000.0,2,0
43567.5,120000.0,2,150000.0,2,1
43569.0,232000.0,2,290000.0,2,0
43570.5,40000.0,2,50000.0,2,0
43572.0,96000.0,2,120000.0,2,0
43573.5,200000.0,2,250000.0,2,0
43575.0,400000.0,2,500000.0,2,1
43576.5,128000.0,2,160000.0,2,0
43578.0,48000.0,2,60000.0,2,0
43579.5,8000.0,2,10000.0,2,1
43581.0,16000.0,2,20000.0,2,0
43582.5,64000.0,2,80000.0,2,1
43584.0,80000.0,2,100000.0,2,0
43585.5,24000.0,2,30000.0,2,0
43587.0,184000.0,2,230000.0,2,0
43588.5,288000.0,2,360000.0,2,1
43590.0,24000.0,2,30000.0,2,0
43591.5,240000.0,2,300000.0,2,0
43593.0,88000.0,2,110000.0,2,0
43594.5,360000.0,2,450000.0,2,0
43596.0,264000.0,2,330000.0,2,0
43597.5,192000.0,2,240000.0,2,0
43599.0,80000.0,2,100000.0,2,0
43600.5,24000.0,2,30000.0,2,0
43602.0,96000.0,2,120000.0,2,0
43603.5,248000.0,2,310000.0,2,0
43605.0,232000.0,2,290000.0,2,0
43606.5,184000.0,2,230000.0,2,0
43608.0,216000.0,2,270000.0,2,0
43609.5,128000.0,2,160000.0,2,0
43611.0,224000.0,2,280000.0,2,0
43612.5,16000.0,2,20000.0,2,1
43614.0,320000.0,2,400000.0,2,0
43615.5,40000.0,2,50000.0,2,0
43617.0,104000.0,2,130000.0,2,0
43618.5,80000.0,2,100000.0,2,0
43620.0,320000.0,2,400000.0,2,0
43621.5,96000.0,2,120000.0,2,1
43623.0,160000.0,2,200000.0,2,1
43624.5,208000.0,2,260000.0,2,0
43626.0,88000.0,2,110000.0,2,0
43627.5,208000.0,2,260000.0,2,1
43629.0,176000.0,2,220000.0,2,0
43630.5,48000.0,2,60000.0,2,0
43632.0,112000.0,2,140000.0,2,0
43633.5,80000.0,2,100000.0,2,0
43635.0,288000.0,2,360000.0,2,0
43636.5,128000.0,2,160000.0,2,0
43638.0,24000.0,2,30000.0,2,1
43639.5,160000.0,2,200000.0,2,0
43641.0,264000.0,2,330000.0,2,0
43642.5,64000.0,2,80000.0,2,0
43644.0,112000.0,2,140000.0,2,1
43645.5,216000.0,2,270000.0,2,0
43647.0,72000.0,2,90000.0,2,0
43648.5,96000.0,2,120000.0,2,0
43650.0,40000.0,2,50000.0,2,0
43651.5,256000.0,2,320000.0,2,0
43653.0,64000.0,2,80000.0,2,0
43654.5,144000.0,2,180000.0,2,0
43656.0,48000.0,2,60000.0,2,0
43657.5,352000.0,2,440000.0,2,0
43659.0,40000.0,2,50000.0,2,1
43660.5,128000.0,2,160000.0,2,0
43662.0,40000.0,2,50000.0,2,0
43663.5,40000.0,2,50000.0,2,1
43665.0,112000.0,2,140000.0,2,1
43666.5,64000.0,2,80000.0,2,0
43668.0,240000.0,2,300000.0,2,0
43669.5,32000.0,2,40000.0,2,0
43671.0,24000.0,2,30000.0,2,1
43672.5,240000.0,2,300000.0,2,1
43674.0,16000.0,2,20000.0,2,1
43675.5,16000.0,2,20000.0,2,0
43677.0,112000.0,2,140000.0,2,0
43678.5,160000.0,2,200000.0,2,1
43680.0,160000.0,2,200000.0,2,0
43681.5,320000.0,2,400000.0,2,0
43683.0,232000.0,2,290000.0,2,0
43684.5,168000.0,2,210000.0,2,0
43686.0,40000.0,2,50000.0,2,0
43687.5,16000.0,2,20000.0,2,0
43689.0,288000.0,2,360000.0,2,0
43690.5,56000.0,2,70000.0,2,1
43692.0,64000.0,2,80000.0,2,0
43693.5,184000.0,2,230000.0,2,0
43695.0,24000.0,2,30000.0,2,0
43696.5,400000.0,2,500000.0,2,0
43698.0,208000.0,2,260000.0,2,0
43699.5,264000.0,2,330000.0,2,1
43701.0,280000.0,2,350000.0,2,0
43702.5,160000.0,2,200000.0,2,0
43704.0,104000.0,2,130000.0,2,0
43705.5,488000.0,2,610000.0,2,0
43707.0,264000.0,2,330000.0,2,0
43708.5,56000.0,2,70000.0,2,1
43710.0,88000.0,2,110000.0,2,0
43711.5,96000.0,2,120000.0,2,0
43713.0,384000.0,2,480000.0,2,0
43714.5,64000.0,2,80000.0,2,0
43716.0,160000.0,2,200000.0,2,0
43717.5,16000.0,2,20000.0,2,0
43719.0,184000.0,2,230000.0,2,1
43720.5,32000.0,2,40000.0,2,0
43722.0,280000.0,2,350000.0,2,0
43723.5,288000.0,2,360000.0,2,0
43725.0,24000.0,2,30000.0,2,0
43726.5,288000.0,2,360000.0,2,1
43728.0,24000.0,2,30000.0,2,1
43729.5,96000.0,2,120000.0,2,1
43731.0,16000.0,2,20000.0,2,0
43732.5,112000.0,2,140000.0,2,1
43734.0,16000.0,2,20000.0,2,1
43735.5,64000.0,2,80000.0,2,0
43737.0,288000.0,2,360000.0,2,0
43738.5,40000.0,2,50000.0,2,0
43740.0,120000.0,2,150000.0,2,0
43741.5,16000.0,2,20000.0,2,0
43743.0,8000.0,2,10000.0,2,1
43744.5,80000.0,2,100000.0,2,0
43746.0,288000.0,2,360000.0,2,1
43747.5,136000.0,2,170000.0,2,0
43749.0,56000.0,2,70000.0,2,0
43750.5,24000.0,2,30000.0,2,0
43752.0,64000.0,2,80000.0,2,1
43753.5,80000.0,2,100000.0,2,0
43755.0,16000.0,2,20000.0,2,1
43756.5,48000.0,2,60000.0,2,1
43758.0,408000.0,2,510000.0,2,0
43759.5,208000.0,2,260000.0,2,0
43761.0,288000.0,2,360000.0,2,0
43762.5,240000.0,2,300000.0,2,0
43764.0,128000.0,2,160000.0,2,0
43765.5,192000.0,2,240000.0,2,1
43767.0,120000.0,2,150000.0,2,0
43768.5,72000.0,2,90000.0,2,0
43770.0,400000.0,2,500000.0,2,1
43771.5,112000.0,2,140000.0,2,1
43773.0,136000.0,2,170000.0,2,0
43774.5,224000.0,2,280000.0,2,0
43776.0,24000.0,1,30000.0,1,0
43777.5,96000.0,1,120000.0,1,1
43779.0,40000.0,2,50000.0,2,0
43780.5,64000.0,1,80000.0,1,0
43782.0,144000.0,1,180000.0,1,0
43783.5,320000.0,1,400000.0,1,0
43785.0,40000.0,1,50000.0,1,1
43786.5,48000.0,1,60000.0,1,0
43788.0,160000.0,1,200000.0,1,0
43789.5,40000.0,1,50000.0,1,1
43791.0,16000.0,1,20000.0,1,1
43792.5,104000.0,1,130000.0,1,0
43794.0,8000.0,1,10000.0,1,0
43795.5,40000.0,1,50000.0,1,0
43797.0,8000.0,1,10000.0,1,0
43798.5,160000.0,1,200000.0,1,0
43800.0,8000.0,1,10000.0,1,0
43801.5,40000.0,1,50000.0,1,0
43803.0,16000.0,1,20000.0,1,1
43804.5,8000.0,1,10000.0,1,1
43806.0,80000.0,1,100000.0,1,0
43807.5,40000.0,1,50000.0,1,0
43809.0,40000.0,1,50000.0,1,0
43810.5,40000.0,1,50000.0,1,0
43812.0,128000.0,1,160000.0,1,0
43813.5,8000.0,1,10000.0,1,0
43815.0,16000.0,1,20000.0,1,0
43816.5,16000.0,1,20000.0,1,1
43818.0,40000.0,1,50000.0,1,0
43819.5,72000.0,1,90000.0,1,0
43821.0,16000.0,1,20000.0,1,1
43822.5,16000.0,1,20000.0,1,1
43824.0,40000.0,1,50000.0,1,0
43825.5,8000.0,1,10000.0,1,0
43827.0,120000.0,1,150000.0,1,0
43828.5,48000.0,1,60000.0,1,0
43830.0,16000.0,1,20000.0,1,0
43831.5,8000.0,1,10000.0,1,0
43833.0,16000.0,1,20000.0,1,0
43834.5,8000.0,1,10000.0,1,0
43836.0,8000.0,1,10000.0,1,0
43837.5,16000.0,1,20000.0,1,0
43839.0,40000.0,1,50000.0,1,0
43840.5,16000.0,1,20000.0,1,0
43842.0,40000.0,1,50000.0,1,0
43843.5,8000.0,1,10000.0,1,0
43845.0,40000.0,1,50000.0,1,0
43846.5,24000.0,1,30000.0,1,0
43848.0,200000.0,1,250000.0,1,0
43849.5,40000.0,1,50000.0,1,0
43851.0,40000.0,1,50000.0,1,1
43852.5,8000.0,1,10000.0,1,1
43854.0,16000.0,1,20000.0,1,0
43855.5,16000.0,1,20000.0,1,1
43857.0,40000.0,1,50000.0,1,0
43858.5,40000.0,1,50000.0,1,0
43860.0,16000.0,1,20000.0,1,0
43861.5,88000.0,1,110000.0,1,1
43863.0,16000.0,1,20000.0,1,0
43864.5,40000.0,1,50000.0,1,1
43866.0,40000.0,1,50000.0,1,0
43867.5,112000.0,1,140000.0,1,0
43869.0,40000.0,1,50000.0,1,0
43870.5,8000.0,1,10000.0,1,0
43872.0,56000.0,1,70000.0,1,1
43873.5,16000.0,1,20000.0,1,1
43875.0,16000.0,1,20000.0,1,1
43876.5,16000.0,1,20000.0,1,1
43878.0,16000.0,1,20000.0,1,0
43879.5,48000.0,1,60000.0,1,0
43881.0,40000.0,1,50000.0,1,0
43882.5,40000.0,1,50000.0,1,1
43884.0,24000.0,1,30000.0,1,1
43885.5,16000.0,1,20000.0,1,0
43887.0,40000.0,1,50000.0,1,1
43888.5,56000.0,1,70000.0,1,0
43890.0,56000.0,1,70000.0,1,0
43891.5,16000.0,1,20000.0,1,0
43893.0,8000.0,1,10000.0,1,1
43894.5,8000.0,1,10000.0,1,0
43896.0,64000.0,1,80000.0,1,0
43897.5,48000.0,1,60000.0,1,0
43899.0,144000.0,1,180000.0,1,0
43900.5,240000.0,1,300000.0,1,0
43902.0,56000.0,1,70000.0,1,0
43903.5,40000.0,1,50000.0,1,1
43905.0,96000.0,1,120000.0,1,0
43906.5,40000.0,1,50000.0,1,1
43908.0,136000.0,1,170000.0,1,0
43909.5,136000.0,1,170000.0,1,0
43911.0,40000.0,1,50000.0,1,0
43912.5,144000.0,1,180000.0,1,0
43914.0,64000.0,1,80000.0,1,0
43915.5,40000.0,1,50000.0,1,0
43917.0,232000.0,1,290000.0,1,0
43918.5,128000.0,1,160000.0,1,1
43920.0,128000.0,1,160000.0,1,0
43921.5,312000.0,1,390000.0,1,0
43923.0,8000.0,1,10000.0,1,1
43924.5,64000.0,2,80000.0,2,0
43926.0,128000.0,1,160000.0,1,0
43927.5,64000.0,1,80000.0,1,0
43929.0,288000.0,1,360000.0,1,0
43930.5,160000.0,1,200000.0,1,1
43932.0,48000.0,1,60000.0,1,0
43933.5,88000.0,1,110000.0,1,0
43935.0,72000.0,1,90000.0,1,0
43936.5,40000.0,1,50000.0,1,1
43938.0,144000.0,1,180000.0,1,0
43939.5,24000.0,1,30000.0,1,1
43941.0,40000.0,1,50000.0,1,1
43942.5,40000.0,1,50000.0,1,0
43944.0,96000.0,1,120000.0,1,0
43945.5,48000.0,1,60000.0,1,0
43947.0,56000.0,1,70000.0,1,0
43948.5,40000.0,1,50000.0,1,0
43950.0,192000.0,1,240000.0,1,0
43951.5,160000.0,1,200000.0,1,1
43953.0,40000.0,1,50000.0,1,0
43954.5,232000.0,1,290000.0,1,0
43956.0,24000.0,1,30000.0,1,0
43957.5,232000.0,1,290000.0,1,0
43959.0,40000.0,1,50000.0,1,0
43960.5,40000.0,1,50000.0,1,0
43962.0,248000.0,1,310000.0,1,0
43963.5,96000.0,1,120000.0,1,0
43965.0,112000.0,1,140000.0,1,1
43966.5,40000.0,1,50000.0,1,0
43968.0,8000.0,1,10000.0,1,1
43969.5,88000.0,1,110000.0,1,1
43971.0,16000.0,1,20000.0,1,0
43972.5,40000.0,1,50000.0,1,0
43974.0,184000.0,1,230000.0,1,0
43975.5,64000.0,1,80000.0,1,0
43977.0,24000.0,1,30000.0,1,0
43978.5,80000.0,1,100000.0,1,0
43980.0,224000.0,1,280000.0,1,0
43981.5,88000.0,1,110000.0,1,0
43983.0,88000.0,1,110000.0,1,0
43984.5,32000.0,1,40000.0,1,0
43986.0,144000.0,1,180000.0,1,0
43987.5,40000.0,1,50000.0,1,0
43989.0,40000.0,1,50000.0,1,0
43990.5,40000.0,1,50000.0,1,0
43992.0,72000.0,1,90000.0,1,0
43993.5,64000.0,1,80000.0,1,0
43995.0,72000.0,1,90000.0,1,1
43996.5,40000.0,1,50000.0,1,0
43998.0,80000.0,1,100000.0,1,0
43999.5,312000.0,1,390000.0,1,0
44001.0,56000.0,1,70000.0,1,0
44002.5,80000.0,1,100000.0,1,0
44004.0,168000.0,1,210000.0,1,0
44005.5,8000.0,1,10000.0,1,0
44007.0,248000.0,1,310000.0,1,0
44008.5,24000.0,1,30000.0,1,1
44010.0,104000.0,1,130000.0,1,0
44011.5,16000.0,1,20000.0,1,0
44013.0,40000.0,1,50000.0,1,0
44014.5,24000.0,1,30000.0,1,1
44016.0,112000.0,1,140000.0,1,0
44017.5,56000.0,1,70000.0,1,0
44019.0,16000.0,1,20000.0,1,1
44020.5,320000.0,1,400000.0,1,0
44022.0,16000.0,1,20000.0,1,0
44023.5,8000.0,1,10000.0,1,0
44025.0,48000.0,1,60000.0,1,0
44026.5,144000.0,1,180000.0,1,0
44028.0,40000.0,1,50000.0,1,0
44029.5,72000.0,1,90000.0,1,1
44031.0,312000.0,1,390000.0,1,0
44032.5,24000.0,1,30000.0,1,1
44034.0,160000.0,1,200000.0,1,1
44035.5,16000.0,1,20000.0,1,1
44037.0,56000.0,1,70000.0,1,0
44038.5,64000.0,1,80000.0,1,0
44040.0,64000.0,1,80000.0,1,0
44041.5,88000.0,1,110000.0,1,1
44043.0,248000.0,1,310000.0,1,0
44044.5,64000.0,1,80000.0,1,0
44046.0,312000.0,1,390000.0,1,0
44047.5,16000.0,1,20000.0,1,0
44049.0,40000.0,1,50000.0,1,0
44050.5,16000.0,1,20000.0,1,1
44052.0,24000.0,1,30000.0,1,0
44053.5,136000.0,1,170000.0,1,0
44055.0,256000.0,1,320000.0,1,0
44056.5,160000.0,1,200000.0,1,0
44058.0,40000.0,1,50000.0,1,0
44059.5,144000.0,1,180000.0,1,0
44061.0,232000.0,1,290000.0,1,0
44062.5,208000.0,1,260000.0,1,0
44064.0,136000.0,1,170000.0,1,0
44065.5,232000.0,1,290000.0,1,1
44067.0,96000.0,1,120000.0,1,0
44068.5,232000.0,1,290000.0,1,1
44070.0,8000.0,1,10000.0,1,0
44071.5,128000.0,1,160000.0,1,0
44073.0,16000.0,1,20000.0,1,0
44074.5,160000.0,1,200000.0,1,0
44076.0,160000.0,1,200000.0,1,0
44077.5,104000.0,1,130000.0,1,0
44079.0,184000.0,1,230000.0,1,0
44080.5,112000.0,1,140000.0,1,0
44082.0,224000.0,1,280000.0,1,0
44083.5,40000.0,1,50000.0,1,0
44085.0,16000.0,1,20000.0,1,0
44086.5,120000.0,1,150000.0,1,0
44088.0,160000.0,1,200000.0,1,1
44089.5,336000.0,1,420000.0,1,0
44091.0,8000.0,1,10000.0,1,0
44092.5,400000.0,1,500000.0,1,0
44094.0,120000.0,1,150000.0,1,0
44095.5,192000.0,1,240000.0,1,0
44097.0,56000.0,1,70000.0,1,0
44098.5,56000.0,1,70000.0,1,0
44100.0,184000.0,1,230000.0,1,0
44101.5,160000.0,1,200000.0,1,0
44103.0,40000.0,1,50000.0,1,0
44104.5,240000.0,1,300000.0,1,0
44106.0,104000.0,1,130000.0,1,0
44107.5,488000.0,1,610000.0,1,0
44109.0,96000.0,1,120000.0,1,0
44110.5,48000.0,1,60000.0,1,0
44112.0,40000.0,1,50000.0,1,0
44113.5,40000.0,1,50000.0,1,1
44115.0,16000.0,1,20000.0,1,0
44116.5,240000.0,1,300000.0,1,0
44118.0,40000.0,1,50000.0,1,0
44119.5,104000.0,1,130000.0,1,0
44121.0,80000.0,1,100000.0,1,1
44122.5,104000.0,1,130000.0,1,0
44124.0,24000.0,1,30000.0,1,0
44125.5,8000.0,1,10000.0,1,0
44127.0,40000.0,1,50000.0,1,0
44128.5,8000.0,1,10000.0,1,1
44130.0,184000.0,1,230000.0,1,0
44131.5,168000.0,1,210000.0,1,0
44133.0,112000.0,1,140000.0,1,0
44134.5,40000.0,1,50000.0,1,0
44136.0,248000.0,1,310000.0,1,0
44137.5,64000.0,1,80000.0,1,0
44139.0,400000.0,1,500000.0,1,0
44140.5,64000.0,1,80000.0,1,0
44142.0,96000.0,1,120000.0,1,1
44143.5,40000.0,1,50000.0,1,0
44145.0,40000.0,1,50000.0,1,0
44146.5,160000.0,1,200000.0,1,0
44148.0,40000.0,1,50000.0,1,0
44149.5,104000.0,1,130000.0,1,0
44151.0,192000.0,1,240000.0,1,0
44152.5,144000.0,1,180000.0,1,0
44154.0,16000.0,1,20000.0,1,0
44155.5,112000.0,1,140000.0,1,1
44157.0,128000.0,1,160000.0,1,0
44158.5,224000.0,1,280000.0,1,0
44160.0,64000.0,1,80000.0,1,0
44161.5,112000.0,1,140000.0,1,0
44163.0,240000.0,1,300000.0,1,0
44164.5,120000.0,1,150000.0,1,0
44166.0,192000.0,1,240000.0,1,0
44167.5,80000.0,1,100000.0,1,1
44169.0,80000.0,1,100000.0,1,0
44170.5,176000.0,1,220000.0,1,0
44172.0,40000.0,1,50000.0,1,1
44173.5,96000.0,1,120000.0,1,0
44175.0,224000.0,1,280000.0,1,0
44176.5,160000.0,1,200000.0,1,0
44178.0,8000.0,1,10000.0,1,1
44179.5,8000.0,1,10000.0,1,1
44181.0,40000.0,1,50000.0,1,0
44182.5,56000.0,1,70000.0,1,1
44184.0,16000.0,1,20000.0,1,0
44185.5,112000.0,1,140000.0,1,0
44187.0,160000.0,1,200000.0,1,0
44188.5,224000.0,1,280000.0,1,0
44190.0,56000.0,1,70000.0,1,0
44191.5,168000.0,1,210000.0,1,0
44193.0,40000.0,1,50000.0,1,0
44194.5,120000.0,1,150000.0,1,0
44196.0,96000.0,1,120000.0,1,0
44197.5,160000.0,1,200000.0,1,1
44199.0,336000.0,1,420000.0,1,0
44200.5,40000.0,1,50000.0,1,0
44202.0,216000.0,1,270000.0,1,0
44203.5,104000.0,1,130000.0,1,0
44205.0,168000.0,1,210000.0,1,0
44206.5,192000.0,1,240000.0,1,0
44208.0,208000.0,1,260000.0,1,0
44209.5,200000.0,1,250000.0,1,0
44211.0,120000.0,1,150000.0,1,0
44212.5,112000.0,1,140000.0,1,0
44214.0,48000.0,1,60000.0,1,0
44215.5,400000.0,1,500000.0,1,0
44217.0,40000.0,1,50000.0,1,1
44218.5,40000.0,1,50000.0,1,0
44220.0,112000.0,1,140000.0,1,0
44221.5,16000.0,1,20000.0,1,0
44223.0,288000.0,1,360000.0,1,0
44224.5,8000.0,1,10000.0,1,0
44226.0,160000.0,1,200000.0,1,1
44227.5,320000.0,1,400000.0,1,0
44229.0,144000.0,1,180000.0,1,1
44230.5,176000.0,1,220000.0,1,0
44232.0,40000.0,1,50000.0,1,0
44233.5,80000.0,1,100000.0,1,0
44235.0,40000.0,1,50000.0,1,0
44236.5,256000.0,1,320000.0,1,0
44238.0,256000.0,1,320000.0,1,1
44239.5,248000.0,1,310000.0,1,0
44241.0,80000.0,1,100000.0,1,0
44242.5,256000.0,1,320000.0,1,0
44244.0,224000.0,1,280000.0,1,0
44245.5,64000.0,1,80000.0,1,0
44247.0,160000.0,1,200000.0,1,1
44248.5,56000.0,1,70000.0,1,0
44250.0,40000.0,1,50000.0,1,0
44251.5,8000.0,1,10000.0,1,1
44253.0,240000.0,1,300000.0,1,0
44254.5,168000.0,1,210000.0,1,0
44256.0,48000.0,1,60000.0,1,1
44257.5,16000.0,1,20000.0,1,0
44259.0,40000.0,1,50000.0,1,0
44260.5,80000.0,1,100000.0,1,0
44262.0,160000.0,1,200000.0,1,0
44263.5,192000.0,1,240000.0,1,0
44265.0,160000.0,1,200000.0,1,0
44266.5,104000.0,1,130000.0,1,0
44268.0,104000.0,1,130000.0,1,1
44269.5,40000.0,1,50000.0,1,1
44271.0,24000.0,1,30000.0,1,0
44272.5,104000.0,1,130000.0,1,0
44274.0,8000.0,1,10000.0,1,1
44275.5,56000.0,1,70000.0,1,1
44277.0,120000.0,1,150000.0,1,0
44278.5,96000.0,1,120000.0,1,1
44280.0,80000.0,1,100000.0,1,0
44281.5,40000.0,1,50000.0,1,1
44283.0,168000.0,1,210000.0,1,0
44284.5,40000.0,1,50000.0,1,0
44286.0,40000.0,1,50000.0,1,1
44287.5,24000.0,1,30000.0,1,1
44289.0,400000.0,1,500000.0,1,0
44290.5,48000.0,1,60000.0,1,0
44292.0,144000.0,1,180000.0,1,0
44293.5,16000.0,1,20000.0,1,0
44295.0,40000.0,1,50000.0,1,0
44296.5,80000.0,1,100000.0,1,0
44298.0,192000.0,1,240000.0,1,1
44299.5,136000.0,1,170000.0,1,0
44301.0,40000.0,1,50000.0,1,0
44302.5,120000.0,1,150000.0,1,0
44304.0,16000.0,1,20000.0,1,0
44305.5,168000.0,1,210000.0,1,0
44307.0,40000.0,1,50000.0,1,1
44308.5,96000.0,1,120000.0,1,0
44310.0,56000.0,1,70000.0,1,0
44311.5,8000.0,1,10000.0,1,1
44313.0,16000.0,1,20000.0,1,0
44314.5,120000.0,1,150000.0,1,0
44316.0,152000.0,1,190000.0,1,0
44317.5,40000.0,1,50000.0,1,0
44319.0,40000.0,1,50000.0,1,1
44320.5,40000.0,1,50000.0,1,0
44322.0,200000.0,1,250000.0,1,0
44323.5,176000.0,1,220000.0,1,1
44325.0,392000.0,1,490000.0,1,0
44326.5,16000.0,1,20000.0,1,0
44328.0,56000.0,1,70000.0,1,0
44329.5,232000.0,1,290000.0,1,0
44331.0,360000.0,1,450000.0,1,0
44332.5,16000.0,1,20000.0,1,1
44334.0,80000.0,1,100000.0,1,0
44335.5,64000.0,1,80000.0,1,1
44337.0,56000.0,1,70000.0,1,1
44338.5,160000.0,1,200000.0,1,0
44340.0,16000.0,1,20000.0,1,0
44341.5,176000.0,1,220000.0,1,0
44343.0,8000.0,1,10000.0,1,0
44344.5,232000.0,1,290000.0,1,0
44346.0,16000.0,1,20000.0,1,0
44347.5,160000.0,1,200000.0,1,0
44349.0,40000.0,1,50000.0,1,0
44350.5,40000.0,1,50000.0,1,0
44352.0,48000.0,1,60000.0,1,0
44353.5,40000.0,1,50000.0,1,0
44355.0,232000.0,1,290000.0,1,1
44356.5,112000.0,1,140000.0,1,1
44358.0,456000.0,1,570000.0,1,0
44359.5,168000.0,1,210000.0,1,1
44361.0,216000.0,1,270000.0,1,0
44362.5,40000.0,1,50000.0,1,0
44364.0,48000.0,1,60000.0,1,1
44365.5,96000.0,1,120000.0,1,1
44367.0,360000.0,1,450000.0,1,1
44368.5,48000.0,1,60000.0,1,0
44370.0,16000.0,1,20000.0,1,1
44371.5,144000.0,1,180000.0,1,0
44373.0,304000.0,1,380000.0,1,0
44374.5,16000.0,1,20000.0,1,0
44376.0,96000.0,1,120000.0,1,0
44377.5,400000.0,1,500000.0,1,1
44379.0,16000.0,1,20000.0,1,1
44380.5,208000.0,1,260000.0,1,0
44382.0,16000.0,1,20000.0,1,0
44383.5,184000.0,1,230000.0,1,0
44385.0,96000.0,1,120000.0,1,0
44386.5,104000.0,1,130000.0,1,1
44388.0,160000.0,1,200000.0,1,0
44389.5,24000.0,1,30000.0,1,0
44391.0,184000.0,1,230000.0,1,0
44392.5,168000.0,1,210000.0,1,1
44394.0,208000.0,1,260000.0,1,0
44395.5,128000.0,1,160000.0,1,0
44397.0,112000.0,1,140000.0,1,0
44398.5,56000.0,1,70000.0,1,1
44400.0,80000.0,1,100000.0,1,0
44401.5,120000.0,1,150000.0,1,0
44403.0,232000.0,1,290000.0,1,0
44404.5,48000.0,1,60000.0,1,0
44406.0,40000.0,1,50000.0,1,0
44407.5,16000.0,1,20000.0,1,0
44409.0,400000.0,1,500000.0,1,0
44410.5,72000.0,1,90000.0,1,1
44412.0,224000.0,1,280000.0,1,0
44413.5,32000.0,1,40000.0,1,1
44415.0,176000.0,1,220000.0,1,1
44416.5,176000.0,1,220000.0,1,0
44418.0,40000.0,1,50000.0,1,1
44419.5,16000.0,1,20000.0,1,1
44421.0,160000.0,1,200000.0,1,0
44422.5,16000.0,1,20000.0,1,1
44424.0,48000.0,1,60000.0,1,1
44425.5,224000.0,1,280000.0,1,0
44427.0,40000.0,1,50000.0,1,0
44428.5,336000.0,1,420000.0,1,0
44430.0,24000.0,1,30000.0,1,1
44431.5,40000.0,1,50000.0,1,0
44433.0,16000.0,1,20000.0,1,0
44434.5,88000.0,1,110000.0,1,1
44436.0,184000.0,1,230000.0,1,0
44437.5,48000.0,1,60000.0,1,0
44439.0,288000.0,1,360000.0,1,0
44440.5,40000.0,1,50000.0,1,0
44442.0,88000.0,1,110000.0,1,0
44443.5,120000.0,1,150000.0,1,0
44445.0,144000.0,1,180000.0,1,0
44446.5,64000.0,1,80000.0,1,0
44448.0,40000.0,1,50000.0,1,0
44449.5,136000.0,1,170000.0,1,0
44451.0,160000.0,1,200000.0,1,0
44452.5,168000.0,1,210000.0,1,0
44454.0,16000.0,1,20000.0,1,0
44455.5,128000.0,1,160000.0,1,0
44457.0,40000.0,1,50000.0,1,0
44458.5,272000.0,1,340000.0,1,1
44460.0,176000.0,1,220000.0,1,0
44461.5,160000.0,1,200000.0,1,1
44463.0,256000.0,1,320000.0,1,0
44464.5,88000.0,1,110000.0,1,1
44466.0,160000.0,1,200000.0,1,1
44467.5,128000.0,1,160000.0,1,0
44469.0,248000.0,1,310000.0,1,0
44470.5,56000.0,1,70000.0,1,0
44472.0,64000.0,1,80000.0,1,0
44473.5,256000.0,1,320000.0,1,0
44475.0,184000.0,1,230000.0,1,0
44476.5,208000.0,1,260000.0,1,1
44478.0,40000.0,1,50000.0,1,1
44479.5,168000.0,1,210000.0,1,0
44481.0,48000.0,1,60000.0,1,0
44482.5,24000.0,1,30000.0,1,1
44484.0,384000.0,1,480000.0,1,0
44485.5,192000.0,1,240000.0,1,0
44487.0,16000.0,1,20000.0,1,1
44488.5,40000.0,1,50000.0,1,0
44490.0,40000.0,1,50000.0,1,0
44491.5,40000.0,1,50000.0,1,0
44493.0,400000.0,1,500000.0,1,0
44494.5,56000.0,1,70000.0,1,0
44496.0,32000.0,1,40000.0,1,0
44497.5,336000.0,1,420000.0,1,0
44499.0,16000.0,1,20000.0,1,0
44500.5,240000.0,1,300000.0,1,0
44502.0,88000.0,1,110000.0,1,1
44503.5,56000.0,1,70000.0,1,1
44505.0,88000.0,1,110000.0,1,0
44506.5,176000.0,1,220000.0,1,0
44508.0,16000.0,1,20000.0,1,0
44509.5,96000.0,1,120000.0,1,0
44511.0,120000.0,1,150000.0,1,0
44512.5,88000.0,1,110000.0,1,0
44514.0,256000.0,1,320000.0,1,0
44515.5,40000.0,1,50000.0,1,0
44517.0,16000.0,1,20000.0,1,0
44518.5,144000.0,1,180000.0,1,1
44520.0,160000.0,1,200000.0,1,0
44521.5,40000.0,1,50000.0,1,0
44523.0,288000.0,1,360000.0,1,1
44524.5,24000.0,1,30000.0,1,0
44526.0,184000.0,1,230000.0,1,0
44527.5,224000.0,1,280000.0,1,0
44529.0,40000.0,1,50000.0,1,1
44530.5,288000.0,1,360000.0,1,0
44532.0,192000.0,1,240000.0,1,1
44533.5,144000.0,1,180000.0,1,0
44535.0,160000.0,1,200000.0,1,0
44536.5,312000.0,1,390000.0,1,0
44538.0,88000.0,1,110000.0,1,0
44539.5,200000.0,1,250000.0,1,0
44541.0,304000.0,1,380000.0,1,0
44542.5,240000.0,1,300000.0,1,0
44544.0,240000.0,1,300000.0,1,0
44545.5,256000.0,1,320000.0,1,0
44547.0,128000.0,1,160000.0,1,0
44548.5,248000.0,1,310000.0,1,0
44550.0,40000.0,1,50000.0,1,0
44551.5,16000.0,1,20000.0,1,1
44553.0,192000.0,1,240000.0,1,1
44554.5,200000.0,1,250000.0,1,0
44556.0,160000.0,1,200000.0,1,0
44557.5,192000.0,1,240000.0,1,0
44559.0,120000.0,1,150000.0,1,0
44560.5,336000.0,1,420000.0,1,0
44562.0,8000.0,1,10000.0,1,0
44563.5,24000.0,1,30000.0,1,0
44565.0,200000.0,1,250000.0,1,1
44566.5,400000.0,1,500000.0,1,0
44568.0,24000.0,1,30000.0,1,0
44569.5,96000.0,1,120000.0,1,0
44571.0,160000.0,1,200000.0,1,0
44572.5,16000.0,1,20000.0,1,0
44574.0,40000.0,1,50000.0,1,1
44575.5,40000.0,1,50000.0,1,1
44577.0,40000.0,1,50000.0,1,1
44578.5,112000.0,1,140000.0,1,0
44580.0,16000.0,1,20000.0,1,0
44581.5,120000.0,1,150000.0,1,0
44583.0,184000.0,1,230000.0,1,0
44584.5,192000.0,1,240000.0,1,0
44586.0,120000.0,1,150000.0,1,1
44587.5,112000.0,1,140000.0,1,0
44589.0,248000.0,1,310000.0,1,0
44590.5,48000.0,1,60000.0,1,1
44592.0,160000.0,1,200000.0,1,0
44593.5,128000.0,1,160000.0,1,1
44595.0,288000.0,1,360000.0,1,0
44596.5,24000.0,1,30000.0,1,0
44598.0,80000.0,1,100000.0,1,1
44599.5,8000.0,1,10000.0,1,0
44601.0,240000.0,1,300000.0,1,0
44602.5,400000.0,1,500000.0,1,1
44604.0,40000.0,1,50000.0,1,1
44605.5,400000.0,1,500000.0,1,0
44607.0,80000.0,1,100000.0,1,1
44608.5,192000.0,1,240000.0,1,0
44610.0,360000.0,1,450000.0,1,0
44611.5,496000.0,1,620000.0,1,0
44613.0,80000.0,1,100000.0,1,0
44614.5,184000.0,1,230000.0,1,0
44616.0,40000.0,1,50000.0,1,0
44617.5,24000.0,1,30000.0,1,1
44619.0,16000.0,1,20000.0,1,0
44620.5,144000.0,1,180000.0,1,1
44622.0,72000.0,1,90000.0,1,1
44623.5,136000.0,1,170000.0,1,0
44625.0,144000.0,1,180000.0,1,0
44626.5,40000.0,1,50000.0,1,0
44628.0,80000.0,1,100000.0,1,0
44629.5,160000.0,1,200000.0,1,0
44631.0,160000.0,1,200000.0,1,0
44632.5,176000.0,1,220000.0,1,0
44634.0,64000.0,1,80000.0,1,0
44635.5,24000.0,1,30000.0,1,0
44637.0,40000.0,1,50000.0,1,0
44638.5,168000.0,1,210000.0,1,0
44640.0,8000.0,1,10000.0,1,0
44641.5,240000.0,1,300000.0,1,1
44643.0,376000.0,1,470000.0,1,0
44644.5,160000.0,1,200000.0,1,0
44646.0,64000.0,1,80000.0,1,0
44647.5,8000.0,1,10000.0,1,0
44649.0,8000.0,1,10000.0,1,0
44650.5,16000.0,1,20000.0,1,0
44652.0,192000.0,1,240000.0,1,0
44653.5,24000.0,1,30000.0,1,0
44655.0,128000.0,1,160000.0,1,0
44656.5,16000.0,1,20000.0,1,1
44658.0,8000.0,1,10000.0,1,1
44659.5,200000.0,1,250000.0,1,0
44661.0,208000.0,1,260000.0,1,0
44662.5,80000.0,1,100000.0,1,1
44664.0,168000.0,1,210000.0,1,0
44665.5,232000.0,1,290000.0,1,0
44667.0,120000.0,1,150000.0,1,1
44668.5,240000.0,1,300000.0,1,1
44670.0,40000.0,1,50000.0,1,0
44671.5,80000.0,1,100000.0,1,0
44673.0,168000.0,1,210000.0,1,0
44674.5,240000.0,1,300000.0,1,0
44676.0,72000.0,1,90000.0,1,0
44677.5,168000.0,1,210000.0,1,0
44679.0,8000.0,1,10000.0,1,1
44680.5,72000.0,1,90000.0,1,0
44682.0,40000.0,1,50000.0,1,0
44683.5,112000.0,1,140000.0,1,0
44685.0,248000.0,1,310000.0,1,0
44686.5,200000.0,1,250000.0,1,0
44688.0,160000.0,1,200000.0,1,0
44689.5,288000.0,1,360000.0,1,0
44691.0,40000.0,1,50000.0,1,1
44692.5,400000.0,1,500000.0,1,0
44694.0,40000.0,1,50000.0,1,0
44695.5,16000.0,1,20000.0,1,0
44697.0,72000.0,1,90000.0,1,0
44698.5,192000.0,1,240000.0,1,0
44700.0,16000.0,1,20000.0,1,1
44701.5,168000.0,1,210000.0,1,0
44703.0,208000.0,1,260000.0,1,0
44704.5,40000.0,1,50000.0,1,0
44706.0,72000.0,1,90000.0,1,0
44707.5,16000.0,1,20000.0,1,1
44709.0,48000.0,1,60000.0,1,0
44710.5,160000.0,1,200000.0,1,0
44712.0,40000.0,1,50000.0,1,0
44713.5,200000.0,1,250000.0,1,1
44715.0,16000.0,1,20000.0,1,1
44716.5,160000.0,1,200000.0,1,0
44718.0,40000.0,1,50000.0,1,0
44719.5,160000.0,1,200000.0,1,0
44721.0,200000.0,1,250000.0,1,0
44722.5,40000.0,1,50000.0,1,0
44724.0,168000.0,1,210000.0,1,0
44725.5,64000.0,1,80000.0,1,0
44727.0,40000.0,1,50000.0,1,1
44728.5,40000.0,1,50000.0,1,0
44730.0,16000.0,1,20000.0,1,1
44731.5,320000.0,1,400000.0,1,0
44733.0,400000.0,1,500000.0,1,0
44734.5,80000.0,1,100000.0,1,0
44736.0,176000.0,1,220000.0,1,1
44737.5,32000.0,1,40000.0,1,1
44739.0,40000.0,1,50000.0,1,0
44740.5,80000.0,1,100000.0,1,0
44742.0,120000.0,1,150000.0,1,1
44743.5,64000.0,1,80000.0,1,1
44745.0,80000.0,1,100000.0,1,0
44746.5,272000.0,1,340000.0,1,1
44748.0,96000.0,1,120000.0,1,0
44749.5,16000.0,1,20000.0,1,0
44751.0,16000.0,1,20000.0,1,1
44752.5,24000.0,1,30000.0,1,0
44754.0,104000.0,1,130000.0,1,0
44755.5,144000.0,1,180000.0,1,0
44757.0,400000.0,1,500000.0,1,0
44758.5,152000.0,1,190000.0,1,1
44760.0,120000.0,1,150000.0,1,0
44761.5,256000.0,1,320000.0,1,1
44763.0,256000.0,1,320000.0,1,0
44764.5,392000.0,1,490000.0,1,0
44766.0,8000.0,1,10000.0,1,1
44767.5,320000.0,1,400000.0,1,0
44769.0,8000.0,1,10000.0,1,1
44770.5,240000.0,1,300000.0,1,0
44772.0,248000.0,1,310000.0,1,0
44773.5,80000.0,1,100000.0,1,1
44775.0,64000.0,1,80000.0,1,0
44776.5,40000.0,1,50000.0,1,0
44778.0,216000.0,1,270000.0,1,0
44779.5,400000.0,1,500000.0,1,0
44781.0,40000.0,1,50000.0,1,1
44782.5,368000.0,1,460000.0,1,0
44784.0,64000.0,1,80000.0,1,0
44785.5,208000.0,1,260000.0,1,0
44787.0,40000.0,1,50000.0,1,0
44788.5,24000.0,1,30000.0,1,0
44790.0,152000.0,1,190000.0,1,1
44791.5,232000.0,1,290000.0,1,0
44793.0,520000.0,1,650000.0,1,0
44794.5,40000.0,1,50000.0,1,1
44796.0,64000.0,1,80000.0,1,0
44797.5,160000.0,1,200000.0,1,0
44799.0,120000.0,1,150000.0,1,1
44800.5,232000.0,1,290000.0,1,1
44802.0,272000.0,1,340000.0,1,0
44803.5,256000.0,1,320000.0,1,0
44805.0,64000.0,1,80000.0,1,0
44806.5,8000.0,1,10000.0,1,1
44808.0,336000.0,1,420000.0,1,0
44809.5,184000.0,1,230000.0,1,0
44811.0,80000.0,1,100000.0,1,0
44812.5,80000.0,1,100000.0,1,1
44814.0,224000.0,1,280000.0,1,0
44815.5,176000.0,1,220000.0,1,0
44817.0,272000.0,1,340000.0,1,0
44818.5,272000.0,1,340000.0,1,1
44820.0,168000.0,1,210000.0,1,0
44821.5,112000.0,1,140000.0,1,1
44823.0,312000.0,1,390000.0,1,0
44824.5,16000.0,1,20000.0,1,0
44826.0,336000.0,1,420000.0,1,0
44827.5,280000.0,1,350000.0,1,0
44829.0,40000.0,1,50000.0,1,1
44830.5,504000.0,1,630000.0,1,0
44832.0,112000.0,1,140000.0,1,0
44833.5,144000.0,1,180000.0,1,0
44835.0,272000.0,1,340000.0,1,0
44836.5,168000.0,1,210000.0,1,0
44838.0,80000.0,1,100000.0,1,0
44839.5,144000.0,1,180000.0,1,0
44841.0,240000.0,1,300000.0,1,0
44842.5,168000.0,1,210000.0,1,1
44844.0,184000.0,1,230000.0,1,0
44845.5,56000.0,1,70000.0,1,1
44847.0,96000.0,1,120000.0,1,1
44848.5,16000.0,1,20000.0,1,0
44850.0,112000.0,1,140000.0,1,1
44851.5,16000.0,1,20000.0,1,1
44853.0,40000.0,1,50000.0,1,0
44854.5,136000.0,1,170000.0,1,0
44856.0,208000.0,1,260000.0,1,0
44857.5,48000.0,1,60000.0,1,1
44859.0,40000.0,1,50000.0,1,1
44860.5,120000.0,1,150000.0,1,0
44862.0,192000.0,1,240000.0,1,1
44863.5,112000.0,1,140000.0,1,1
44865.0,288000.0,1,360000.0,1,0
44866.5,248000.0,1,310000.0,1,0
44868.0,168000.0,1,210000.0,1,1
44869.5,360000.0,1,450000.0,1,0
44871.0,184000.0,1,230000.0,1,0
44872.5,312000.0,1,390000.0,1,0
44874.0,8000.0,1,10000.0,1,0
44875.5,264000.0,1,330000.0,1,0
44877.0,24000.0,1,30000.0,1,1
44878.5,152000.0,1,190000.0,1,0
44880.0,40000.0,1,50000.0,1,1
44881.5,40000.0,1,50000.0,1,1
44883.0,328000.0,1,410000.0,1,1
44884.5,120000.0,1,150000.0,1,0
44886.0,288000.0,1,360000.0,1,0
44887.5,40000.0,1,50000.0,1,0
44889.0,168000.0,1,210000.0,1,0
44890.5,40000.0,1,50000.0,1,0
44892.0,176000.0,1,220000.0,1,0
44893.5,16000.0,1,20000.0,1,0
44895.0,136000.0,1,170000.0,1,1
44896.5,16000.0,1,20000.0,1,0
44898.0,48000.0,1,60000.0,1,0
44899.5,128000.0,1,160000.0,1,1
44901.0,152000.0,1,190000.0,1,0
44902.5,288000.0,1,360000.0,1,0
44904.0,40000.0,1,50000.0,1,1
44905.5,104000.0,1,130000.0,1,0
44907.0,256000.0,1,320000.0,1,0
44908.5,24000.0,1,30000.0,1,0
44910.0,80000.0,1,100000.0,1,0
44911.5,16000.0,1,20000.0,1,0
44913.0,40000.0,1,50000.0,1,0
44914.5,104000.0,1,130000.0,1,1
44916.0,400000.0,1,500000.0,1,0
44917.5,64000.0,1,80000.0,1,1
44919.0,24000.0,1,30000.0,1,0
44920.5,184000.0,1,230000.0,1,0
44922.0,40000.0,1,50000.0,1,0
44923.5,232000.0,1,290000.0,1,0
44925.0,224000.0,1,280000.0,1,0
44926.5,176000.0,1,220000.0,1,0
44928.0,128000.0,1,160000.0,1,0
44929.5,168000.0,1,210000.0,1,0
44931.0,136000.0,1,170000.0,1,0
44932.5,144000.0,1,180000.0,1,0
44934.0,328000.0,1,410000.0,1,0
44935.5,120000.0,1,150000.0,1,0
44937.0,400000.0,1,500000.0,1,0
44938.5,184000.0,1,230000.0,1,0
44940.0,232000.0,1,290000.0,1,0
44941.5,8000.0,1,10000.0,1,0
44943.0,208000.0,1,260000.0,1,0
44944.5,40000.0,1,50000.0,1,0
44946.0,488000.0,1,610000.0,1,0
44947.5,288000.0,1,360000.0,1,0
44949.0,112000.0,1,140000.0,1,0
44950.5,120000.0,1,150000.0,1,1
44952.0,40000.0,1,50000.0,1,0
44953.5,16000.0,1,20000.0,1,0
44955.0,160000.0,1,200000.0,1,0
44956.5,288000.0,1,360000.0,1,0
44958.0,64000.0,1,80000.0,1,0
44959.5,152000.0,1,190000.0,1,0
44961.0,184000.0,1,230000.0,1,1
44962.5,40000.0,1,50000.0,1,1
44964.0,176000.0,1,220000.0,1,0
44965.5,32000.0,1,40000.0,1,1
44967.0,336000.0,1,420000.0,1,0
44968.5,248000.0,1,310000.0,1,0
44970.0,144000.0,1,180000.0,1,0
44971.5,40000.0,1,50000.0,1,0
44973.0,40000.0,1,50000.0,1,0
44974.5,72000.0,1,90000.0,1,1
44976.0,16000.0,1,20000.0,1,0
44977.5,24000.0,1,30000.0,1,0
44979.0,192000.0,1,240000.0,1,0
44980.5,288000.0,1,360000.0,1,0
44982.0,104000.0,1,130000.0,1,0
44983.5,200000.0,1,250000.0,1,0
44985.0,120000.0,1,150000.0,1,0
44986.5,112000.0,1,140000.0,1,0
44988.0,168000.0,1,210000.0,1,1
44989.5,8000.0,1,10000.0,1,0
44991.0,80000.0,1,100000.0,1,0
44992.5,64000.0,1,80000.0,1,1
44994.0,176000.0,1,220000.0,1,0
44995.5,120000.0,1,150000.0,1,0
44997.0,24000.0,1,30000.0,1,1
44998.5,64000.0,1,80000.0,1,1
45000.0,40000.0,1,50000.0,1,1
